Failed to list installed Solana versions with `agave-install`; continuing as if none are installed: Failed to list installed Solana versions with `agave-install`:
Command `agave-install list` failed with status exit status: 1
stdout:
(empty)
stderr:
Error: "Unable to load /home/hatch/.config/solana/install/config.yml: Custom { kind: Other, error: \"Error(\\\"missing field `json_rpc_url`\\\", line: 2, column: 1)\" }"
  2.3.0 initialized
Downloading https://github.com/anza-xyz/platform-tools/releases/download/v1.51.1/platform-tools-linux-x86_64.tar.bz2
Extracting /home/hatch/.cache/solana/v1.51.1/platform-tools.partial/platform-tools-linux-x86_64.tar.bz2
tar: ./rust/bin/cargo: Cannot change ownership to uid 1001, gid 1001: Operation not permitted
tar: ./rust/bin/rustc: Cannot change ownership to uid 1001, gid 1001: Operation not permitted
tar: ./rust/bin/rustdoc: Cannot change ownership to uid 1001, gid 1001: Operation not permitted
tar: ./rust/bin: Cannot change ownership to uid 1001, gid 1001: Operation not permitted
tar: ./rust/lib/rustlib/sbpfv2-solana-solana/lib/librustc_std_workspace_std-e1f23f1c8acab5ed.rlib: Cannot change ownership to uid 1001, gid 1001: Operation not permitted
tar: ./rust/lib/rustlib/sbpfv2-solana-solana/lib/libproc_macro-bc1d90ef1cb1e1f3.rlib: Cannot change ownership to uid 1001, gid 1001: Operation not permitted
tar: ./rust/lib/rustlib/sbpfv2-solana-solana/lib/self-contained: Cannot change ownership to uid 1001, gid 1001: Operation not permitted
tar: ./rust/lib/rustlib/sbpfv2-solana-solana/lib/libunwind-e2cbf20e26992bff.rlib: Cannot change ownership to uid 1001, gid 1001: Operation not permitted
tar: ./rust/lib/rustlib/sbpfv2-solana-solana/lib/libcompiler_builtins-0deb3854af6a92dc.rlib: Cannot change ownership to uid 1001, gid 1001: Operation not permitted
tar: ./rust/lib/rustlib/sbpfv2-solana-solana/lib/libpanic_abort-ba4c90f1cdde1b99.rlib: Cannot change ownership to uid 1001, gid 1001: Operation not permitted
tar: ./rust/lib/rustlib/sbpfv2-solana-solana/lib/liballoc-be3a178d89e6c872.rlib: Cannot change ownership to uid 1001, gid 1001: Operation not permitted
tar: ./rust/lib/rustlib/sbpfv2-solana-solana/lib/libcore-75931a0681e1bc2b.rlib: Cannot change ownership to uid 1001, gid 1001: Operation not permitted
tar: ./rust/lib/rustlib/sbpfv2-solana-solana/lib/librustc_std_workspace_core-7cb6d289a466ddb2.rlib: Cannot change ownership to uid 1001, gid 1001: Operation not permitted
tar: ./rust/lib/rustlib/sbpfv2-solana-solana/lib/libadler-6d48cc33b40091cc.rlib: Cannot change ownership to uid 1001, gid 1001: Operation not permitted
tar: ./rust/lib/rustlib/sbpfv2-solana-solana/lib/libgimli-08aa8561e48609b2.rlib: Cannot change ownership to uid 1001, gid 1001: Operation not permitted
tar: ./rust/lib/rustlib/sbpfv2-solana-solana/lib/libunicode_width-16da10b373fdad70.rlib: Cannot change ownership to uid 1001, gid 1001: Operation not permitted
tar: ./rust/lib/rustlib/sbpfv2-solana-solana/lib/libpanic_unwind-6f4b5e0cd0e43bee.rlib: Cannot change ownership to uid 1001, gid 1001: Operation not permitted
tar: ./rust/lib/rustlib/sbpfv2-solana-solana/lib/libaddr2line-f947cfb402222bcf.rlib: Cannot change ownership to uid 1001, gid 1001: Operation not permitted
tar: ./rust/lib/rustlib/sbpfv2-solana-solana/lib/libstd-8e6ffbfb7a146d3f.rlib: Cannot change ownership to uid 1001, gid 1001: Operation not permitted
tar: ./rust/lib/rustlib/sbpfv2-solana-solana/lib/libgetopts-c17dc6b108fd2a2b.rlib: Cannot change ownership to uid 1001, gid 1001: Operation not permitted
tar: ./rust/lib/rustlib/sbpfv2-solana-solana/lib/libsysroot-d80b3facbccb5831.rlib: Cannot change ownership to uid 1001, gid 1001: Operation not permitted
tar: ./rust/lib/rustlib/sbpfv2-solana-solana/lib/libtest-573449422a723061.rlib: Cannot change ownership to uid 1001, gid 1001: Operation not permitted
tar: ./rust/lib/rustlib/sbpfv2-solana-solana/lib/libmemchr-7e9f0c861add2ee2.rlib: Cannot change ownership to uid 1001, gid 1001: Operation not permitted
tar: ./rust/lib/rustlib/sbpfv2-solana-solana/lib/libstd_detect-de83329686688f0f.rlib: Cannot change ownership to uid 1001, gid 1001: Operation not permitted
tar: ./rust/lib/rustlib/sbpfv2-solana-solana/lib/liblibc-32ee5f815efb4c2c.rlib: Cannot change ownership to uid 1001, gid 1001: Operation not permitted
tar: ./rust/lib/rustlib/sbpfv2-solana-solana/lib/libhashbrown-419e404e7ece8e3b.rlib: Cannot change ownership to uid 1001, gid 1001: Operation not permitted
tar: ./rust/lib/rustlib/sbpfv2-solana-solana/lib/libobject-0c570b190f268c6a.rlib: Cannot change ownership to uid 1001, gid 1001: Operation not permitted
tar: ./rust/lib/rustlib/sbpfv2-solana-solana/lib/libminiz_oxide-e5e8f6ced149b7b7.rlib: Cannot change ownership to uid 1001, gid 1001: Operation not permitted
tar: ./rust/lib/rustlib/sbpfv2-solana-solana/lib/libcfg_if-69edcdaf8d98bd3f.rlib: Cannot change ownership to uid 1001, gid 1001: Operation not permitted
tar: ./rust/lib/rustlib/sbpfv2-solana-solana/lib/librustc_std_workspace_alloc-ed5bb72de52020af.rlib: Cannot change ownership to uid 1001, gid 1001: Operation not permitted
tar: ./rust/lib/rustlib/sbpfv2-solana-solana/lib: Cannot change ownership to uid 1001, gid 1001: Operation not permitted
tar: ./rust/lib/rustlib/sbpfv2-solana-solana: Cannot change ownership to uid 1001, gid 1001: Operation not permitted
tar: ./rust/lib/rustlib/src/rust/Cargo.lock: Cannot change ownership to uid 1001, gid 1001: Operation not permitted
tar: ./rust/lib/rustlib/src/rust/library/Cargo.toml: Cannot change ownership to uid 1001, gid 1001: Operation not permitted
tar: ./rust/lib/rustlib/src/rust/library/profiler_builtins/Cargo.toml: Cannot change ownership to uid 1001, gid 1001: Operation not permitted
tar: ./rust/lib/rustlib/src/rust/library/profiler_builtins/build.rs: Cannot change ownership to uid 1001, gid 1001: Operation not permitted
tar: ./rust/lib/rustlib/src/rust/library/profiler_builtins/src/lib.rs: Cannot change ownership to uid 1001, gid 1001: Operation not permitted
tar: ./rust/lib/rustlib/src/rust/library/profiler_builtins/src: Cannot change ownership to uid 1001, gid 1001: Operation not permitted
tar: ./rust/lib/rustlib/src/rust/library/profiler_builtins: Cannot change ownership to uid 1001, gid 1001: Operation not permitted
tar: ./rust/lib/rustlib/src/rust/library/proc_macro/Cargo.toml: Cannot change ownership to uid 1001, gid 1001: Operation not permitted
tar: ./rust/lib/rustlib/src/rust/library/proc_macro/src/bridge/arena.rs: Cannot change ownership to uid 1001, gid 1001: Operation not permitted
tar: ./rust/lib/rustlib/src/rust/library/proc_macro/src/bridge/client.rs: Cannot change ownership to uid 1001, gid 1001: Operation not permitted
tar: ./rust/lib/rustlib/src/rust/library/proc_macro/src/bridge/closure.rs: Cannot change ownership to uid 1001, gid 1001: Operation not permitted
tar: ./rust/lib/rustlib/src/rust/library/proc_macro/src/bridge/buffer.rs: Cannot change ownership to uid 1001, gid 1001: Operation not permitted
tar: ./rust/lib/rustlib/src/rust/library/proc_macro/src/bridge/mod.rs: Cannot change ownership to uid 1001, gid 1001: Operation not permitted
tar: ./rust/lib/rustlib/src/rust/library/proc_macro/src/bridge/server.rs: Cannot change ownership to uid 1001, gid 1001: Operation not permitted
tar: ./rust/lib/rustlib/src/rust/library/proc_macro/src/bridge/handle.rs: Cannot change ownership to uid 1001, gid 1001: Operation not permitted
tar: ./rust/lib/rustlib/src/rust/library/proc_macro/src/bridge/rpc.rs: Cannot change ownership to uid 1001, gid 1001: Operation not permitted
tar: ./rust/lib/rustlib/src/rust/library/proc_macro/src/bridge/symbol.rs: Cannot change ownership to uid 1001, gid 1001: Operation not permitted
tar: ./rust/lib/rustlib/src/rust/library/proc_macro/src/bridge/selfless_reify.rs: Cannot change ownership to uid 1001, gid 1001: Operation not permitted
tar: ./rust/lib/rustlib/src/rust/library/proc_macro/src/bridge/fxhash.rs: Cannot change ownership to uid 1001, gid 1001: Operation not permitted
tar: ./rust/lib/rustlib/src/rust/library/proc_macro/src/bridge: Cannot change ownership to uid 1001, gid 1001: Operation not permitted
tar: ./rust/lib/rustlib/src/rust/library/proc_macro/src/to_tokens.rs: Cannot change ownership to uid 1001, gid 1001: Operation not permitted
tar: ./rust/lib/rustlib/src/rust/library/proc_macro/src/quote.rs: Cannot change ownership to uid 1001, gid 1001: Operation not permitted
tar: ./rust/lib/rustlib/src/rust/library/proc_macro/src/diagnostic.rs: Cannot change ownership to uid 1001, gid 1001: Operation not permitted
tar: ./rust/lib/rustlib/src/rust/library/proc_macro/src/lib.rs: Cannot change ownership to uid 1001, gid 1001: Operation not permitted
tar: ./rust/lib/rustlib/src/rust/library/proc_macro/src/escape.rs: Cannot change ownership to uid 1001, gid 1001: Operation not permitted
tar: ./rust/lib/rustlib/src/rust/library/proc_macro/src: Cannot change ownership to uid 1001, gid 1001: Operation not permitted
tar: ./rust/lib/rustlib/src/rust/library/proc_macro: Cannot change ownership to uid 1001, gid 1001: Operation not permitted
tar: ./rust/lib/rustlib/src/rust/library/rustc-std-workspace-core/Cargo.toml: Cannot change ownership to uid 1001, gid 1001: Operation not permitted
tar: ./rust/lib/rustlib/src/rust/library/rustc-std-workspace-core/lib.rs: Cannot change ownership to uid 1001, gid 1001: Operation not permitted
tar: ./rust/lib/rustlib/src/rust/library/rustc-std-workspace-core/README.md: Cannot change ownership to uid 1001, gid 1001: Operation not permitted
tar: ./rust/lib/rustlib/src/rust/library/rustc-std-workspace-core: Cannot change ownership to uid 1001, gid 1001: Operation not permitted
tar: ./rust/lib/rustlib/src/rust/library/panic_unwind/Cargo.toml: Cannot change ownership to uid 1001, gid 1001: Operation not permitted
tar: ./rust/lib/rustlib/src/rust/library/panic_unwind/src/emcc.rs: Cannot change ownership to uid 1001, gid 1001: Operation not permitted
tar: ./rust/lib/rustlib/src/rust/library/panic_unwind/src/seh.rs: Cannot change ownership to uid 1001, gid 1001: Operation not permitted
tar: ./rust/lib/rustlib/src/rust/library/panic_unwind/src/lib.rs: Cannot change ownership to uid 1001, gid 1001: Operation not permitted
tar: ./rust/lib/rustlib/src/rust/library/panic_unwind/src/gcc.rs: Cannot change ownership to uid 1001, gid 1001: Operation not permitted
tar: ./rust/lib/rustlib/src/rust/library/panic_unwind/src/miri.rs: Cannot change ownership to uid 1001, gid 1001: Operation not permitted
tar: ./rust/lib/rustlib/src/rust/library/panic_unwind/src/dummy.rs: Cannot change ownership to uid 1001, gid 1001: Operation not permitted
tar: ./rust/lib/rustlib/src/rust/library/panic_unwind/src/hermit.rs: Cannot change ownership to uid 1001, gid 1001: Operation not permitted
tar: ./rust/lib/rustlib/src/rust/library/panic_unwind/src: Cannot change ownership to uid 1001, gid 1001: Operation not permitted
tar: ./rust/lib/rustlib/src/rust/library/panic_unwind: Cannot change ownership to uid 1001, gid 1001: Operation not permitted
tar: ./rust/lib/rustlib/src/rust/library/portable-simd/Cargo.toml: Cannot change ownership to uid 1001, gid 1001: Operation not permitted
tar: ./rust/lib/rustlib/src/rust/library/portable-simd/LICENSE-APACHE: Cannot change ownership to uid 1001, gid 1001: Operation not permitted
tar: ./rust/lib/rustlib/src/rust/library/portable-simd/.gitignore: Cannot change ownership to uid 1001, gid 1001: Operation not permitted
tar: ./rust/lib/rustlib/src/rust/library/portable-simd/LICENSE-MIT: Cannot change ownership to uid 1001, gid 1001: Operation not permitted
tar: ./rust/lib/rustlib/src/rust/library/portable-simd/crates/test_helpers/Cargo.toml: Cannot change ownership to uid 1001, gid 1001: Operation not permitted
tar: ./rust/lib/rustlib/src/rust/library/portable-simd/crates/test_helpers/src/subnormals.rs: Cannot change ownership to uid 1001, gid 1001: Operation not permitted
tar: ./rust/lib/rustlib/src/rust/library/portable-simd/crates/test_helpers/src/wasm.rs: Cannot change ownership to uid 1001, gid 1001: Operation not permitted
tar: ./rust/lib/rustlib/src/rust/library/portable-simd/crates/test_helpers/src/biteq.rs: Cannot change ownership to uid 1001, gid 1001: Operation not permitted
tar: ./rust/lib/rustlib/src/rust/library/portable-simd/crates/test_helpers/src/lib.rs: Cannot change ownership to uid 1001, gid 1001: Operation not permitted
tar: ./rust/lib/rustlib/src/rust/library/portable-simd/crates/test_helpers/src/array.rs: Cannot change ownership to uid 1001, gid 1001: Operation not permitted
tar: ./rust/lib/rustlib/src/rust/library/portable-simd/crates/test_helpers/src: Cannot change ownership to uid 1001, gid 1001: Operation not permitted
tar: ./rust/lib/rustlib/src/rust/library/portable-simd/crates/test_helpers: Cannot change ownership to uid 1001, gid 1001: Operation not permitted
tar: ./rust/lib/rustlib/src/rust/library/portable-simd/crates/std_float/Cargo.toml: Cannot change ownership to uid 1001, gid 1001: Operation not permitted
tar: ./rust/lib/rustlib/src/rust/library/portable-simd/crates/std_float/src/lib.rs: Cannot change ownership to uid 1001, gid 1001: Operation not permitted
tar: ./rust/lib/rustlib/src/rust/library/portable-simd/crates/std_float/src: Cannot change ownership to uid 1001, gid 1001: Operation not permitted
tar: ./rust/lib/rustlib/src/rust/library/portable-simd/crates/std_float/tests/float.rs: Cannot change ownership to uid 1001, gid 1001: Operation not permitted
tar: ./rust/lib/rustlib/src/rust/library/portable-simd/crates/std_float/tests: Cannot change ownership to uid 1001, gid 1001: Operation not permitted
tar: ./rust/lib/rustlib/src/rust/library/portable-simd/crates/std_float: Cannot change ownership to uid 1001, gid 1001: Operation not permitted
tar: ./rust/lib/rustlib/src/rust/library/portable-simd/crates/core_simd/Cargo.toml: Cannot change ownership to uid 1001, gid 1001: Operation not permitted
tar: ./rust/lib/rustlib/src/rust/library/portable-simd/crates/core_simd/LICENSE-APACHE: Cannot change ownership to uid 1001, gid 1001: Operation not permitted
tar: ./rust/lib/rustlib/src/rust/library/portable-simd/crates/core_simd/LICENSE-MIT: Cannot change ownership to uid 1001, gid 1001: Operation not permitted
tar: ./rust/lib/rustlib/src/rust/library/portable-simd/crates/core_simd/examples/spectral_norm.rs: Cannot change ownership to uid 1001, gid 1001: Operation not permitted
tar: ./rust/lib/rustlib/src/rust/library/portable-simd/crates/core_simd/examples/dot_product.rs: Cannot change ownership to uid 1001, gid 1001: Operation not permitted
tar: ./rust/lib/rustlib/src/rust/library/portable-simd/crates/core_simd/examples/README.md: Cannot change ownership to uid 1001, gid 1001: Operation not permitted
tar: ./rust/lib/rustlib/src/rust/library/portable-simd/crates/core_simd/examples/nbody.rs: Cannot change ownership to uid 1001, gid 1001: Operation not permitted
tar: ./rust/lib/rustlib/src/rust/library/portable-simd/crates/core_simd/examples/matrix_inversion.rs: Cannot change ownership to uid 1001, gid 1001: Operation not permitted
tar: ./rust/lib/rustlib/src/rust/library/portable-simd/crates/core_simd/examples: Cannot change ownership to uid 1001, gid 1001: Operation not permitted
tar: ./rust/lib/rustlib/src/rust/library/portable-simd/crates/core_simd/src/alias.rs: Cannot change ownership to uid 1001, gid 1001: Operation not permitted
tar: ./rust/lib/rustlib/src/rust/library/portable-simd/crates/core_simd/src/masks.rs: Cannot change ownership to uid 1001, gid 1001: Operation not permitted
tar: ./rust/lib/rustlib/src/rust/library/portable-simd/crates/core_simd/src/ops/shift_scalar.rs: Cannot change ownership to uid 1001, gid 1001: Operation not permitted
tar: ./rust/lib/rustlib/src/rust/library/portable-simd/crates/core_simd/src/ops/assign.rs: Cannot change ownership to uid 1001, gid 1001: Operation not permitted
tar: ./rust/lib/rustlib/src/rust/library/portable-simd/crates/core_simd/src/ops/deref.rs: Cannot change ownership to uid 1001, gid 1001: Operation not permitted
tar: ./rust/lib/rustlib/src/rust/library/portable-simd/crates/core_simd/src/ops/unary.rs: Cannot change ownership to uid 1001, gid 1001: Operation not permitted
tar: ./rust/lib/rustlib/src/rust/library/portable-simd/crates/core_simd/src/ops: Cannot change ownership to uid 1001, gid 1001: Operation not permitted
tar: ./rust/lib/rustlib/src/rust/library/portable-simd/crates/core_simd/src/vendor/wasm32.rs: Cannot change ownership to uid 1001, gid 1001: Operation not permitted
tar: ./rust/lib/rustlib/src/rust/library/portable-simd/crates/core_simd/src/vendor/powerpc.rs: Cannot change ownership to uid 1001, gid 1001: Operation not permitted
tar: ./rust/lib/rustlib/src/rust/library/portable-simd/crates/core_simd/src/vendor/arm.rs: Cannot change ownership to uid 1001, gid 1001: Operation not permitted
tar: ./rust/lib/rustlib/src/rust/library/portable-simd/crates/core_simd/src/vendor/x86.rs: Cannot change ownership to uid 1001, gid 1001: Operation not permitted
tar: ./rust/lib/rustlib/src/rust/library/portable-simd/crates/core_simd/src/vendor: Cannot change ownership to uid 1001, gid 1001: Operation not permitted
tar: ./rust/lib/rustlib/src/rust/library/portable-simd/crates/core_simd/src/swizzle_dyn.rs: Cannot change ownership to uid 1001, gid 1001: Operation not permitted
tar: ./rust/lib/rustlib/src/rust/library/portable-simd/crates/core_simd/src/masks/bitmask.rs: Cannot change ownership to uid 1001, gid 1001: Operation not permitted
tar: ./rust/lib/rustlib/src/rust/library/portable-simd/crates/core_simd/src/masks/full_masks.rs: Cannot change ownership to uid 1001, gid 1001: Operation not permitted
tar: ./rust/lib/rustlib/src/rust/library/portable-simd/crates/core_simd/src/masks: Cannot change ownership to uid 1001, gid 1001: Operation not permitted
tar: ./rust/lib/rustlib/src/rust/library/portable-simd/crates/core_simd/src/iter.rs: Cannot change ownership to uid 1001, gid 1001: Operation not permitted
tar: ./rust/lib/rustlib/src/rust/library/portable-simd/crates/core_simd/src/cast.rs: Cannot change ownership to uid 1001, gid 1001: Operation not permitted
tar: ./rust/lib/rustlib/src/rust/library/portable-simd/crates/core_simd/src/fmt.rs: Cannot change ownership to uid 1001, gid 1001: Operation not permitted
tar: ./rust/lib/rustlib/src/rust/library/portable-simd/crates/core_simd/src/ops.rs: Cannot change ownership to uid 1001, gid 1001: Operation not permitted
tar: ./rust/lib/rustlib/src/rust/library/portable-simd/crates/core_simd/src/lane_count.rs: Cannot change ownership to uid 1001, gid 1001: Operation not permitted
tar: ./rust/lib/rustlib/src/rust/library/portable-simd/crates/core_simd/src/mod.rs: Cannot change ownership to uid 1001, gid 1001: Operation not permitted
tar: ./rust/lib/rustlib/src/rust/library/portable-simd/crates/core_simd/src/vendor.rs: Cannot change ownership to uid 1001, gid 1001: Operation not permitted
tar: ./rust/lib/rustlib/src/rust/library/portable-simd/crates/core_simd/src/vector.rs: Cannot change ownership to uid 1001, gid 1001: Operation not permitted
tar: ./rust/lib/rustlib/src/rust/library/portable-simd/crates/core_simd/src/lib.rs: Cannot change ownership to uid 1001, gid 1001: Operation not permitted
tar: ./rust/lib/rustlib/src/rust/library/portable-simd/crates/core_simd/src/swizzle.rs: Cannot change ownership to uid 1001, gid 1001: Operation not permitted
tar: ./rust/lib/rustlib/src/rust/library/portable-simd/crates/core_simd/src/to_bytes.rs: Cannot change ownership to uid 1001, gid 1001: Operation not permitted
tar: ./rust/lib/rustlib/src/rust/library/portable-simd/crates/core_simd/src/select.rs: Cannot change ownership to uid 1001, gid 1001: Operation not permitted
tar: ./rust/lib/rustlib/src/rust/library/portable-simd/crates/core_simd/src/core_simd_docs.md: Cannot change ownership to uid 1001, gid 1001: Operation not permitted
tar: ./rust/lib/rustlib/src/rust/library/portable-simd/crates/core_simd/src/simd/ptr/const_ptr.rs: Cannot change ownership to uid 1001, gid 1001: Operation not permitted
tar: ./rust/lib/rustlib/src/rust/library/portable-simd/crates/core_simd/src/simd/ptr/mut_ptr.rs: Cannot change ownership to uid 1001, gid 1001: Operation not permitted
tar: ./rust/lib/rustlib/src/rust/library/portable-simd/crates/core_simd/src/simd/ptr: Cannot change ownership to uid 1001, gid 1001: Operation not permitted
tar: ./rust/lib/rustlib/src/rust/library/portable-simd/crates/core_simd/src/simd/prelude.rs: Cannot change ownership to uid 1001, gid 1001: Operation not permitted
tar: ./rust/lib/rustlib/src/rust/library/portable-simd/crates/core_simd/src/simd/ptr.rs: Cannot change ownership to uid 1001, gid 1001: Operation not permitted
tar: ./rust/lib/rustlib/src/rust/library/portable-simd/crates/core_simd/src/simd/cmp/eq.rs: Cannot change ownership to uid 1001, gid 1001: Operation not permitted
tar: ./rust/lib/rustlib/src/rust/library/portable-simd/crates/core_simd/src/simd/cmp/ord.rs: Cannot change ownership to uid 1001, gid 1001: Operation not permitted
tar: ./rust/lib/rustlib/src/rust/library/portable-simd/crates/core_simd/src/simd/cmp: Cannot change ownership to uid 1001, gid 1001: Operation not permitted
tar: ./rust/lib/rustlib/src/rust/library/portable-simd/crates/core_simd/src/simd/cmp.rs: Cannot change ownership to uid 1001, gid 1001: Operation not permitted
tar: ./rust/lib/rustlib/src/rust/library/portable-simd/crates/core_simd/src/simd/num.rs: Cannot change ownership to uid 1001, gid 1001: Operation not permitted
tar: ./rust/lib/rustlib/src/rust/library/portable-simd/crates/core_simd/src/simd/num/int.rs: Cannot change ownership to uid 1001, gid 1001: Operation not permitted
tar: ./rust/lib/rustlib/src/rust/library/portable-simd/crates/core_simd/src/simd/num/float.rs: Cannot change ownership to uid 1001, gid 1001: Operation not permitted
tar: ./rust/lib/rustlib/src/rust/library/portable-simd/crates/core_simd/src/simd/num/uint.rs: Cannot change ownership to uid 1001, gid 1001: Operation not permitted
tar: ./rust/lib/rustlib/src/rust/library/portable-simd/crates/core_simd/src/simd/num: Cannot change ownership to uid 1001, gid 1001: Operation not permitted
tar: ./rust/lib/rustlib/src/rust/library/portable-simd/crates/core_simd/src/simd: Cannot change ownership to uid 1001, gid 1001: Operation not permitted
tar: ./rust/lib/rustlib/src/rust/library/portable-simd/crates/core_simd/src: Cannot change ownership to uid 1001, gid 1001: Operation not permitted
tar: ./rust/lib/rustlib/src/rust/library/portable-simd/crates/core_simd/webdriver.json: Cannot change ownership to uid 1001, gid 1001: Operation not permitted
tar: ./rust/lib/rustlib/src/rust/library/portable-simd/crates/core_simd/tests/u16_ops.rs: Cannot change ownership to uid 1001, gid 1001: Operation not permitted
tar: ./rust/lib/rustlib/src/rust/library/portable-simd/crates/core_simd/tests/isize_ops.rs: Cannot change ownership to uid 1001, gid 1001: Operation not permitted
tar: ./rust/lib/rustlib/src/rust/library/portable-simd/crates/core_simd/tests/masks.rs: Cannot change ownership to uid 1001, gid 1001: Operation not permitted
tar: ./rust/lib/rustlib/src/rust/library/portable-simd/crates/core_simd/tests/i8_ops.rs: Cannot change ownership to uid 1001, gid 1001: Operation not permitted
tar: ./rust/lib/rustlib/src/rust/library/portable-simd/crates/core_simd/tests/i64_ops.rs: Cannot change ownership to uid 1001, gid 1001: Operation not permitted
tar: ./rust/lib/rustlib/src/rust/library/portable-simd/crates/core_simd/tests/swizzle_dyn.rs: Cannot change ownership to uid 1001, gid 1001: Operation not permitted
tar: ./rust/lib/rustlib/src/rust/library/portable-simd/crates/core_simd/tests/cast.rs: Cannot change ownership to uid 1001, gid 1001: Operation not permitted
tar: ./rust/lib/rustlib/src/rust/library/portable-simd/crates/core_simd/tests/mask_ops.rs: Cannot change ownership to uid 1001, gid 1001: Operation not permitted
tar: ./rust/lib/rustlib/src/rust/library/portable-simd/crates/core_simd/tests/usize_ops.rs: Cannot change ownership to uid 1001, gid 1001: Operation not permitted
tar: ./rust/lib/rustlib/src/rust/library/portable-simd/crates/core_simd/tests/u32_ops.rs: Cannot change ownership to uid 1001, gid 1001: Operation not permitted
tar: ./rust/lib/rustlib/src/rust/library/portable-simd/crates/core_simd/tests/mask_ops_impl/mask16.rs: Cannot change ownership to uid 1001, gid 1001: Operation not permitted
tar: ./rust/lib/rustlib/src/rust/library/portable-simd/crates/core_simd/tests/mask_ops_impl/mask32.rs: Cannot change ownership to uid 1001, gid 1001: Operation not permitted
tar: ./rust/lib/rustlib/src/rust/library/portable-simd/crates/core_simd/tests/mask_ops_impl/mask64.rs: Cannot change ownership to uid 1001, gid 1001: Operation not permitted
tar: ./rust/lib/rustlib/src/rust/library/portable-simd/crates/core_simd/tests/mask_ops_impl/mod.rs: Cannot change ownership to uid 1001, gid 1001: Operation not permitted
tar: ./rust/lib/rustlib/src/rust/library/portable-simd/crates/core_simd/tests/mask_ops_impl/mask8.rs: Cannot change ownership to uid 1001, gid 1001: Operation not permitted
tar: ./rust/lib/rustlib/src/rust/library/portable-simd/crates/core_simd/tests/mask_ops_impl/mask_macros.rs: Cannot change ownership to uid 1001, gid 1001: Operation not permitted
tar: ./rust/lib/rustlib/src/rust/library/portable-simd/crates/core_simd/tests/mask_ops_impl/masksize.rs: Cannot change ownership to uid 1001, gid 1001: Operation not permitted
tar: ./rust/lib/rustlib/src/rust/library/portable-simd/crates/core_simd/tests/mask_ops_impl: Cannot change ownership to uid 1001, gid 1001: Operation not permitted
tar: ./rust/lib/rustlib/src/rust/library/portable-simd/crates/core_simd/tests/autoderef.rs: Cannot change ownership to uid 1001, gid 1001: Operation not permitted
tar: ./rust/lib/rustlib/src/rust/library/portable-simd/crates/core_simd/tests/masked_load_store.rs: Cannot change ownership to uid 1001, gid 1001: Operation not permitted
tar: ./rust/lib/rustlib/src/rust/library/portable-simd/crates/core_simd/tests/f64_ops.rs: Cannot change ownership to uid 1001, gid 1001: Operation not permitted
tar: ./rust/lib/rustlib/src/rust/library/portable-simd/crates/core_simd/tests/u8_ops.rs: Cannot change ownership to uid 1001, gid 1001: Operation not permitted
tar: ./rust/lib/rustlib/src/rust/library/portable-simd/crates/core_simd/tests/pointers.rs: Cannot change ownership to uid 1001, gid 1001: Operation not permitted
tar: ./rust/lib/rustlib/src/rust/library/portable-simd/crates/core_simd/tests/ops_macros.rs: Cannot change ownership to uid 1001, gid 1001: Operation not permitted
tar: ./rust/lib/rustlib/src/rust/library/portable-simd/crates/core_simd/tests/swizzle.rs: Cannot change ownership to uid 1001, gid 1001: Operation not permitted
tar: ./rust/lib/rustlib/src/rust/library/portable-simd/crates/core_simd/tests/round.rs: Cannot change ownership to uid 1001, gid 1001: Operation not permitted
tar: ./rust/lib/rustlib/src/rust/library/portable-simd/crates/core_simd/tests/to_bytes.rs: Cannot change ownership to uid 1001, gid 1001: Operation not permitted
tar: ./rust/lib/rustlib/src/rust/library/portable-simd/crates/core_simd/tests/i32_ops.rs: Cannot change ownership to uid 1001, gid 1001: Operation not permitted
tar: ./rust/lib/rustlib/src/rust/library/portable-simd/crates/core_simd/tests/try_from_slice.rs: Cannot change ownership to uid 1001, gid 1001: Operation not permitted
tar: ./rust/lib/rustlib/src/rust/library/portable-simd/crates/core_simd/tests/f32_ops.rs: Cannot change ownership to uid 1001, gid 1001: Operation not permitted
tar: ./rust/lib/rustlib/src/rust/library/portable-simd/crates/core_simd/tests/u64_ops.rs: Cannot change ownership to uid 1001, gid 1001: Operation not permitted
tar: ./rust/lib/rustlib/src/rust/library/portable-simd/crates/core_simd/tests/i16_ops.rs: Cannot change ownership to uid 1001, gid 1001: Operation not permitted
tar: ./rust/lib/rustlib/src/rust/library/portable-simd/crates/core_simd/tests: Cannot change ownership to uid 1001, gid 1001: Operation not permitted
tar: ./rust/lib/rustlib/src/rust/library/portable-simd/crates/core_simd: Cannot change ownership to uid 1001, gid 1001: Operation not permitted
tar: ./rust/lib/rustlib/src/rust/library/portable-simd/crates: Cannot change ownership to uid 1001, gid 1001: Operation not permitted
tar: ./rust/lib/rustlib/src/rust/library/portable-simd/.github/PULL_REQUEST_TEMPLATE.md: Cannot change ownership to uid 1001, gid 1001: Operation not permitted
tar: ./rust/lib/rustlib/src/rust/library/portable-simd/.github/ISSUE_TEMPLATE/feature_request.md: Cannot change ownership to uid 1001, gid 1001: Operation not permitted
tar: ./rust/lib/rustlib/src/rust/library/portable-simd/.github/ISSUE_TEMPLATE/config.yml: Cannot change ownership to uid 1001, gid 1001: Operation not permitted
tar: ./rust/lib/rustlib/src/rust/library/portable-simd/.github/ISSUE_TEMPLATE/blank_issue.md: Cannot change ownership to uid 1001, gid 1001: Operation not permitted
tar: ./rust/lib/rustlib/src/rust/library/portable-simd/.github/ISSUE_TEMPLATE/bug_report.md: Cannot change ownership to uid 1001, gid 1001: Operation not permitted
tar: ./rust/lib/rustlib/src/rust/library/portable-simd/.github/ISSUE_TEMPLATE: Cannot change ownership to uid 1001, gid 1001: Operation not permitted
tar: ./rust/lib/rustlib/src/rust/library/portable-simd/.github/workflows/ci.yml: Cannot change ownership to uid 1001, gid 1001: Operation not permitted
tar: ./rust/lib/rustlib/src/rust/library/portable-simd/.github/workflows/doc.yml: Cannot change ownership to uid 1001, gid 1001: Operation not permitted
tar: ./rust/lib/rustlib/src/rust/library/portable-simd/.github/workflows: Cannot change ownership to uid 1001, gid 1001: Operation not permitted
tar: ./rust/lib/rustlib/src/rust/library/portable-simd/.github: Cannot change ownership to uid 1001, gid 1001: Operation not permitted
tar: ./rust/lib/rustlib/src/rust/library/portable-simd/Cargo.lock: Cannot change ownership to uid 1001, gid 1001: Operation not permitted
tar: ./rust/lib/rustlib/src/rust/library/portable-simd/README.md: Cannot change ownership to uid 1001, gid 1001: Operation not permitted
tar: ./rust/lib/rustlib/src/rust/library/portable-simd/CONTRIBUTING.md: Cannot change ownership to uid 1001, gid 1001: Operation not permitted
tar: ./rust/lib/rustlib/src/rust/library/portable-simd/beginners-guide.md: Cannot change ownership to uid 1001, gid 1001: Operation not permitted
tar: ./rust/lib/rustlib/src/rust/library/portable-simd: Cannot change ownership to uid 1001, gid 1001: Operation not permitted
tar: ./rust/lib/rustlib/src/rust/library/stdarch/Cargo.toml: Cannot change ownership to uid 1001, gid 1001: Operation not permitted
tar: ./rust/lib/rustlib/src/rust/library/stdarch/LICENSE-APACHE: Cannot change ownership to uid 1001, gid 1001: Operation not permitted
tar: ./rust/lib/rustlib/src/rust/library/stdarch/.gitignore: Cannot change ownership to uid 1001, gid 1001: Operation not permitted
tar: ./rust/lib/rustlib/src/rust/library/stdarch/intrinsics_data/arm_intrinsics.json: Cannot change ownership to uid 1001, gid 1001: Operation not permitted
tar: ./rust/lib/rustlib/src/rust/library/stdarch/intrinsics_data: Cannot change ownership to uid 1001, gid 1001: Operation not permitted
tar: ./rust/lib/rustlib/src/rust/library/stdarch/LICENSE-MIT: Cannot change ownership to uid 1001, gid 1001: Operation not permitted
tar: ./rust/lib/rustlib/src/rust/library/stdarch/.git: Cannot change ownership to uid 1001, gid 1001: Operation not permitted
tar: ./rust/lib/rustlib/src/rust/library/stdarch/examples/Cargo.toml: Cannot change ownership to uid 1001, gid 1001: Operation not permitted
tar: ./rust/lib/rustlib/src/rust/library/stdarch/examples/connect5.rs: Cannot change ownership to uid 1001, gid 1001: Operation not permitted
tar: ./rust/lib/rustlib/src/rust/library/stdarch/examples/wasm.rs: Cannot change ownership to uid 1001, gid 1001: Operation not permitted
tar: ./rust/lib/rustlib/src/rust/library/stdarch/examples/hex.rs: Cannot change ownership to uid 1001, gid 1001: Operation not permitted
tar: ./rust/lib/rustlib/src/rust/library/stdarch/examples: Cannot change ownership to uid 1001, gid 1001: Operation not permitted
tar: ./rust/lib/rustlib/src/rust/library/stdarch/crates/stdarch-gen-loongarch/Cargo.toml: Cannot change ownership to uid 1001, gid 1001: Operation not permitted
tar: ./rust/lib/rustlib/src/rust/library/stdarch/crates/stdarch-gen-loongarch/lsx.spec: Cannot change ownership to uid 1001, gid 1001: Operation not permitted
tar: ./rust/lib/rustlib/src/rust/library/stdarch/crates/stdarch-gen-loongarch/src/main.rs: Cannot change ownership to uid 1001, gid 1001: Operation not permitted
tar: ./rust/lib/rustlib/src/rust/library/stdarch/crates/stdarch-gen-loongarch/src: Cannot change ownership to uid 1001, gid 1001: Operation not permitted
tar: ./rust/lib/rustlib/src/rust/library/stdarch/crates/stdarch-gen-loongarch/lasxintrin.h: Cannot change ownership to uid 1001, gid 1001: Operation not permitted
tar: ./rust/lib/rustlib/src/rust/library/stdarch/crates/stdarch-gen-loongarch/README.md: Cannot change ownership to uid 1001, gid 1001: Operation not permitted
tar: ./rust/lib/rustlib/src/rust/library/stdarch/crates/stdarch-gen-loongarch/lasx.spec: Cannot change ownership to uid 1001, gid 1001: Operation not permitted
tar: ./rust/lib/rustlib/src/rust/library/stdarch/crates/stdarch-gen-loongarch/lsxintrin.h: Cannot change ownership to uid 1001, gid 1001: Operation not permitted
tar: ./rust/lib/rustlib/src/rust/library/stdarch/crates/stdarch-gen-loongarch: Cannot change ownership to uid 1001, gid 1001: Operation not permitted
tar: ./rust/lib/rustlib/src/rust/library/stdarch/crates/core_arch/Cargo.toml: Cannot change ownership to uid 1001, gid 1001: Operation not permitted
tar: ./rust/lib/rustlib/src/rust/library/stdarch/crates/core_arch/LICENSE-APACHE: Cannot change ownership to uid 1001, gid 1001: Operation not permitted
tar: ./rust/lib/rustlib/src/rust/library/stdarch/crates/core_arch/LICENSE-MIT: Cannot change ownership to uid 1001, gid 1001: Operation not permitted
tar: ./rust/lib/rustlib/src/rust/library/stdarch/crates/core_arch/rustfmt.toml: Cannot change ownership to uid 1001, gid 1001: Operation not permitted
tar: ./rust/lib/rustlib/src/rust/library/stdarch/crates/core_arch/missing-x86.md: Cannot change ownership to uid 1001, gid 1001: Operation not permitted
tar: ./rust/lib/rustlib/src/rust/library/stdarch/crates/core_arch/src/nvptx/packed.rs: Cannot change ownership to uid 1001, gid 1001: Operation not permitted
tar: ./rust/lib/rustlib/src/rust/library/stdarch/crates/core_arch/src/nvptx/mod.rs: Cannot change ownership to uid 1001, gid 1001: Operation not permitted
tar: ./rust/lib/rustlib/src/rust/library/stdarch/crates/core_arch/src/nvptx: Cannot change ownership to uid 1001, gid 1001: Operation not permitted
tar: ./rust/lib/rustlib/src/rust/library/stdarch/crates/core_arch/src/aarch64/mod.rs: Cannot change ownership to uid 1001, gid 1001: Operation not permitted
tar: ./rust/lib/rustlib/src/rust/library/stdarch/crates/core_arch/src/aarch64/mte.rs: Cannot change ownership to uid 1001, gid 1001: Operation not permitted
tar: ./rust/lib/rustlib/src/rust/library/stdarch/crates/core_arch/src/aarch64/prefetch.rs: Cannot change ownership to uid 1001, gid 1001: Operation not permitted
tar: ./rust/lib/rustlib/src/rust/library/stdarch/crates/core_arch/src/aarch64/neon/generated.rs: Cannot change ownership to uid 1001, gid 1001: Operation not permitted
tar: ./rust/lib/rustlib/src/rust/library/stdarch/crates/core_arch/src/aarch64/neon/mod.rs: Cannot change ownership to uid 1001, gid 1001: Operation not permitted
tar: ./rust/lib/rustlib/src/rust/library/stdarch/crates/core_arch/src/aarch64/neon: Cannot change ownership to uid 1001, gid 1001: Operation not permitted
tar: ./rust/lib/rustlib/src/rust/library/stdarch/crates/core_arch/src/aarch64/tme.rs: Cannot change ownership to uid 1001, gid 1001: Operation not permitted
tar: ./rust/lib/rustlib/src/rust/library/stdarch/crates/core_arch/src/aarch64/test_support.rs: Cannot change ownership to uid 1001, gid 1001: Operation not permitted
tar: ./rust/lib/rustlib/src/rust/library/stdarch/crates/core_arch/src/aarch64: Cannot change ownership to uid 1001, gid 1001: Operation not permitted
tar: ./rust/lib/rustlib/src/rust/library/stdarch/crates/core_arch/src/loongarch64/lsx/generated.rs: Cannot change ownership to uid 1001, gid 1001: Operation not permitted
tar: ./rust/lib/rustlib/src/rust/library/stdarch/crates/core_arch/src/loongarch64/lsx/types.rs: Cannot change ownership to uid 1001, gid 1001: Operation not permitted
tar: ./rust/lib/rustlib/src/rust/library/stdarch/crates/core_arch/src/loongarch64/lsx/mod.rs: Cannot change ownership to uid 1001, gid 1001: Operation not permitted
tar: ./rust/lib/rustlib/src/rust/library/stdarch/crates/core_arch/src/loongarch64/lsx/tests.rs: Cannot change ownership to uid 1001, gid 1001: Operation not permitted
tar: ./rust/lib/rustlib/src/rust/library/stdarch/crates/core_arch/src/loongarch64/lsx: Cannot change ownership to uid 1001, gid 1001: Operation not permitted
tar: ./rust/lib/rustlib/src/rust/library/stdarch/crates/core_arch/src/loongarch64/lasx/generated.rs: Cannot change ownership to uid 1001, gid 1001: Operation not permitted
tar: ./rust/lib/rustlib/src/rust/library/stdarch/crates/core_arch/src/loongarch64/lasx/types.rs: Cannot change ownership to uid 1001, gid 1001: Operation not permitted
tar: ./rust/lib/rustlib/src/rust/library/stdarch/crates/core_arch/src/loongarch64/lasx/mod.rs: Cannot change ownership to uid 1001, gid 1001: Operation not permitted
tar: ./rust/lib/rustlib/src/rust/library/stdarch/crates/core_arch/src/loongarch64/lasx/tests.rs: Cannot change ownership to uid 1001, gid 1001: Operation not permitted
tar: ./rust/lib/rustlib/src/rust/library/stdarch/crates/core_arch/src/loongarch64/lasx: Cannot change ownership to uid 1001, gid 1001: Operation not permitted
tar: ./rust/lib/rustlib/src/rust/library/stdarch/crates/core_arch/src/loongarch64/mod.rs: Cannot change ownership to uid 1001, gid 1001: Operation not permitted
tar: ./rust/lib/rustlib/src/rust/library/stdarch/crates/core_arch/src/loongarch64: Cannot change ownership to uid 1001, gid 1001: Operation not permitted
tar: ./rust/lib/rustlib/src/rust/library/stdarch/crates/core_arch/src/core_arch_docs.md: Cannot change ownership to uid 1001, gid 1001: Operation not permitted
tar: ./rust/lib/rustlib/src/rust/library/stdarch/crates/core_arch/src/macros.rs: Cannot change ownership to uid 1001, gid 1001: Operation not permitted
tar: ./rust/lib/rustlib/src/rust/library/stdarch/crates/core_arch/src/riscv32/zk.rs: Cannot change ownership to uid 1001, gid 1001: Operation not permitted
tar: ./rust/lib/rustlib/src/rust/library/stdarch/crates/core_arch/src/riscv32/mod.rs: Cannot change ownership to uid 1001, gid 1001: Operation not permitted
tar: ./rust/lib/rustlib/src/rust/library/stdarch/crates/core_arch/src/riscv32: Cannot change ownership to uid 1001, gid 1001: Operation not permitted
tar: ./rust/lib/rustlib/src/rust/library/stdarch/crates/core_arch/src/mips/msa.rs: Cannot change ownership to uid 1001, gid 1001: Operation not permitted
tar: ./rust/lib/rustlib/src/rust/library/stdarch/crates/core_arch/src/mips/mod.rs: Cannot change ownership to uid 1001, gid 1001: Operation not permitted
tar: ./rust/lib/rustlib/src/rust/library/stdarch/crates/core_arch/src/mips: Cannot change ownership to uid 1001, gid 1001: Operation not permitted
tar: ./rust/lib/rustlib/src/rust/library/stdarch/crates/core_arch/src/riscv64/zk.rs: Cannot change ownership to uid 1001, gid 1001: Operation not permitted
tar: ./rust/lib/rustlib/src/rust/library/stdarch/crates/core_arch/src/riscv64/mod.rs: Cannot change ownership to uid 1001, gid 1001: Operation not permitted
tar: ./rust/lib/rustlib/src/rust/library/stdarch/crates/core_arch/src/riscv64: Cannot change ownership to uid 1001, gid 1001: Operation not permitted
tar: ./rust/lib/rustlib/src/rust/library/stdarch/crates/core_arch/src/arm/sat.rs: Cannot change ownership to uid 1001, gid 1001: Operation not permitted
tar: ./rust/lib/rustlib/src/rust/library/stdarch/crates/core_arch/src/arm/mod.rs: Cannot change ownership to uid 1001, gid 1001: Operation not permitted
tar: ./rust/lib/rustlib/src/rust/library/stdarch/crates/core_arch/src/arm/simd32.rs: Cannot change ownership to uid 1001, gid 1001: Operation not permitted
tar: ./rust/lib/rustlib/src/rust/library/stdarch/crates/core_arch/src/arm/dsp.rs: Cannot change ownership to uid 1001, gid 1001: Operation not permitted
tar: ./rust/lib/rustlib/src/rust/library/stdarch/crates/core_arch/src/arm/neon.rs: Cannot change ownership to uid 1001, gid 1001: Operation not permitted
tar: ./rust/lib/rustlib/src/rust/library/stdarch/crates/core_arch/src/arm: Cannot change ownership to uid 1001, gid 1001: Operation not permitted
tar: ./rust/lib/rustlib/src/rust/library/stdarch/crates/core_arch/src/wasm32/memory.rs: Cannot change ownership to uid 1001, gid 1001: Operation not permitted
tar: ./rust/lib/rustlib/src/rust/library/stdarch/crates/core_arch/src/wasm32/atomic.rs: Cannot change ownership to uid 1001, gid 1001: Operation not permitted
tar: ./rust/lib/rustlib/src/rust/library/stdarch/crates/core_arch/src/wasm32/mod.rs: Cannot change ownership to uid 1001, gid 1001: Operation not permitted
tar: ./rust/lib/rustlib/src/rust/library/stdarch/crates/core_arch/src/wasm32/relaxed_simd.rs: Cannot change ownership to uid 1001, gid 1001: Operation not permitted
tar: ./rust/lib/rustlib/src/rust/library/stdarch/crates/core_arch/src/wasm32/simd128.rs: Cannot change ownership to uid 1001, gid 1001: Operation not permitted
tar: ./rust/lib/rustlib/src/rust/library/stdarch/crates/core_arch/src/wasm32: Cannot change ownership to uid 1001, gid 1001: Operation not permitted
tar: ./rust/lib/rustlib/src/rust/library/stdarch/crates/core_arch/src/mod.rs: Cannot change ownership to uid 1001, gid 1001: Operation not permitted
tar: ./rust/lib/rustlib/src/rust/library/stdarch/crates/core_arch/src/x86_64/cmpxchg16b.rs: Cannot change ownership to uid 1001, gid 1001: Operation not permitted
tar: ./rust/lib/rustlib/src/rust/library/stdarch/crates/core_arch/src/x86_64/tbm.rs: Cannot change ownership to uid 1001, gid 1001: Operation not permitted
tar: ./rust/lib/rustlib/src/rust/library/stdarch/crates/core_arch/src/x86_64/abm.rs: Cannot change ownership to uid 1001, gid 1001: Operation not permitted
tar: ./rust/lib/rustlib/src/rust/library/stdarch/crates/core_arch/src/x86_64/xsave.rs: Cannot change ownership to uid 1001, gid 1001: Operation not permitted
tar: ./rust/lib/rustlib/src/rust/library/stdarch/crates/core_arch/src/x86_64/macros.rs: Cannot change ownership to uid 1001, gid 1001: Operation not permitted
tar: ./rust/lib/rustlib/src/rust/library/stdarch/crates/core_arch/src/x86_64/sse41.rs: Cannot change ownership to uid 1001, gid 1001: Operation not permitted
tar: ./rust/lib/rustlib/src/rust/library/stdarch/crates/core_arch/src/x86_64/rdrand.rs: Cannot change ownership to uid 1001, gid 1001: Operation not permitted
tar: ./rust/lib/rustlib/src/rust/library/stdarch/crates/core_arch/src/x86_64/bmi2.rs: Cannot change ownership to uid 1001, gid 1001: Operation not permitted
tar: ./rust/lib/rustlib/src/rust/library/stdarch/crates/core_arch/src/x86_64/mod.rs: Cannot change ownership to uid 1001, gid 1001: Operation not permitted
tar: ./rust/lib/rustlib/src/rust/library/stdarch/crates/core_arch/src/x86_64/bmi.rs: Cannot change ownership to uid 1001, gid 1001: Operation not permitted
tar: ./rust/lib/rustlib/src/rust/library/stdarch/crates/core_arch/src/x86_64/fxsr.rs: Cannot change ownership to uid 1001, gid 1001: Operation not permitted
tar: ./rust/lib/rustlib/src/rust/library/stdarch/crates/core_arch/src/x86_64/bt.rs: Cannot change ownership to uid 1001, gid 1001: Operation not permitted
tar: ./rust/lib/rustlib/src/rust/library/stdarch/crates/core_arch/src/x86_64/avx512bw.rs: Cannot change ownership to uid 1001, gid 1001: Operation not permitted
tar: ./rust/lib/rustlib/src/rust/library/stdarch/crates/core_arch/src/x86_64/sse.rs: Cannot change ownership to uid 1001, gid 1001: Operation not permitted
tar: ./rust/lib/rustlib/src/rust/library/stdarch/crates/core_arch/src/x86_64/bswap.rs: Cannot change ownership to uid 1001, gid 1001: Operation not permitted
tar: ./rust/lib/rustlib/src/rust/library/stdarch/crates/core_arch/src/x86_64/avx.rs: Cannot change ownership to uid 1001, gid 1001: Operation not permitted
tar: ./rust/lib/rustlib/src/rust/library/stdarch/crates/core_arch/src/x86_64/adx.rs: Cannot change ownership to uid 1001, gid 1001: Operation not permitted
tar: ./rust/lib/rustlib/src/rust/library/stdarch/crates/core_arch/src/x86_64/sse2.rs: Cannot change ownership to uid 1001, gid 1001: Operation not permitted
tar: ./rust/lib/rustlib/src/rust/library/stdarch/crates/core_arch/src/x86_64/amx.rs: Cannot change ownership to uid 1001, gid 1001: Operation not permitted
tar: ./rust/lib/rustlib/src/rust/library/stdarch/crates/core_arch/src/x86_64/sse42.rs: Cannot change ownership to uid 1001, gid 1001: Operation not permitted
tar: ./rust/lib/rustlib/src/rust/library/stdarch/crates/core_arch/src/x86_64/avx512f.rs: Cannot change ownership to uid 1001, gid 1001: Operation not permitted
tar: ./rust/lib/rustlib/src/rust/library/stdarch/crates/core_arch/src/x86_64/avx512fp16.rs: Cannot change ownership to uid 1001, gid 1001: Operation not permitted
tar: ./rust/lib/rustlib/src/rust/library/stdarch/crates/core_arch/src/x86_64: Cannot change ownership to uid 1001, gid 1001: Operation not permitted
tar: ./rust/lib/rustlib/src/rust/library/stdarch/crates/core_arch/src/x86/cpuid.rs: Cannot change ownership to uid 1001, gid 1001: Operation not permitted
tar: ./rust/lib/rustlib/src/rust/library/stdarch/crates/core_arch/src/x86/f16c.rs: Cannot change ownership to uid 1001, gid 1001: Operation not permitted
tar: ./rust/lib/rustlib/src/rust/library/stdarch/crates/core_arch/src/x86/tbm.rs: Cannot change ownership to uid 1001, gid 1001: Operation not permitted
tar: ./rust/lib/rustlib/src/rust/library/stdarch/crates/core_arch/src/x86/sse3.rs: Cannot change ownership to uid 1001, gid 1001: Operation not permitted
tar: ./rust/lib/rustlib/src/rust/library/stdarch/crates/core_arch/src/x86/abm.rs: Cannot change ownership to uid 1001, gid 1001: Operation not permitted
tar: ./rust/lib/rustlib/src/rust/library/stdarch/crates/core_arch/src/x86/avx512bf16.rs: Cannot change ownership to uid 1001, gid 1001: Operation not permitted
tar: ./rust/lib/rustlib/src/rust/library/stdarch/crates/core_arch/src/x86/sha.rs: Cannot change ownership to uid 1001, gid 1001: Operation not permitted
tar: ./rust/lib/rustlib/src/rust/library/stdarch/crates/core_arch/src/x86/xsave.rs: Cannot change ownership to uid 1001, gid 1001: Operation not permitted
tar: ./rust/lib/rustlib/src/rust/library/stdarch/crates/core_arch/src/x86/macros.rs: Cannot change ownership to uid 1001, gid 1001: Operation not permitted
tar: ./rust/lib/rustlib/src/rust/library/stdarch/crates/core_arch/src/x86/vpclmulqdq.rs: Cannot change ownership to uid 1001, gid 1001: Operation not permitted
tar: ./rust/lib/rustlib/src/rust/library/stdarch/crates/core_arch/src/x86/sse41.rs: Cannot change ownership to uid 1001, gid 1001: Operation not permitted
tar: ./rust/lib/rustlib/src/rust/library/stdarch/crates/core_arch/src/x86/rdrand.rs: Cannot change ownership to uid 1001, gid 1001: Operation not permitted
tar: ./rust/lib/rustlib/src/rust/library/stdarch/crates/core_arch/src/x86/bmi2.rs: Cannot change ownership to uid 1001, gid 1001: Operation not permitted
tar: ./rust/lib/rustlib/src/rust/library/stdarch/crates/core_arch/src/x86/avx512bitalg.rs: Cannot change ownership to uid 1001, gid 1001: Operation not permitted
tar: ./rust/lib/rustlib/src/rust/library/stdarch/crates/core_arch/src/x86/aes.rs: Cannot change ownership to uid 1001, gid 1001: Operation not permitted
tar: ./rust/lib/rustlib/src/rust/library/stdarch/crates/core_arch/src/x86/ssse3.rs: Cannot change ownership to uid 1001, gid 1001: Operation not permitted
tar: ./rust/lib/rustlib/src/rust/library/stdarch/crates/core_arch/src/x86/avx512vbmi2.rs: Cannot change ownership to uid 1001, gid 1001: Operation not permitted
tar: ./rust/lib/rustlib/src/rust/library/stdarch/crates/core_arch/src/x86/avx2.rs: Cannot change ownership to uid 1001, gid 1001: Operation not permitted
tar: ./rust/lib/rustlib/src/rust/library/stdarch/crates/core_arch/src/x86/avx512ifma.rs: Cannot change ownership to uid 1001, gid 1001: Operation not permitted
tar: ./rust/lib/rustlib/src/rust/library/stdarch/crates/core_arch/src/x86/mod.rs: Cannot change ownership to uid 1001, gid 1001: Operation not permitted
tar: ./rust/lib/rustlib/src/rust/library/stdarch/crates/core_arch/src/x86/avx512vnni.rs: Cannot change ownership to uid 1001, gid 1001: Operation not permitted
tar: ./rust/lib/rustlib/src/rust/library/stdarch/crates/core_arch/src/x86/fxsr.rs: Cannot change ownership to uid 1001, gid 1001: Operation not permitted
tar: ./rust/lib/rustlib/src/rust/library/stdarch/crates/core_arch/src/x86/rdtsc.rs: Cannot change ownership to uid 1001, gid 1001: Operation not permitted
tar: ./rust/lib/rustlib/src/rust/library/stdarch/crates/core_arch/src/x86/rtm.rs: Cannot change ownership to uid 1001, gid 1001: Operation not permitted
tar: ./rust/lib/rustlib/src/rust/library/stdarch/crates/core_arch/src/x86/pclmulqdq.rs: Cannot change ownership to uid 1001, gid 1001: Operation not permitted
tar: ./rust/lib/rustlib/src/rust/library/stdarch/crates/core_arch/src/x86/avx512cd.rs: Cannot change ownership to uid 1001, gid 1001: Operation not permitted
tar: ./rust/lib/rustlib/src/rust/library/stdarch/crates/core_arch/src/x86/bt.rs: Cannot change ownership to uid 1001, gid 1001: Operation not permitted
tar: ./rust/lib/rustlib/src/rust/library/stdarch/crates/core_arch/src/x86/avx512dq.rs: Cannot change ownership to uid 1001, gid 1001: Operation not permitted
tar: ./rust/lib/rustlib/src/rust/library/stdarch/crates/core_arch/src/x86/fma.rs: Cannot change ownership to uid 1001, gid 1001: Operation not permitted
tar: ./rust/lib/rustlib/src/rust/library/stdarch/crates/core_arch/src/x86/eflags.rs: Cannot change ownership to uid 1001, gid 1001: Operation not permitted
tar: ./rust/lib/rustlib/src/rust/library/stdarch/crates/core_arch/src/x86/avx512bw.rs: Cannot change ownership to uid 1001, gid 1001: Operation not permitted
tar: ./rust/lib/rustlib/src/rust/library/stdarch/crates/core_arch/src/x86/bmi1.rs: Cannot change ownership to uid 1001, gid 1001: Operation not permitted
tar: ./rust/lib/rustlib/src/rust/library/stdarch/crates/core_arch/src/x86/sse4a.rs: Cannot change ownership to uid 1001, gid 1001: Operation not permitted
tar: ./rust/lib/rustlib/src/rust/library/stdarch/crates/core_arch/src/x86/avx512vpopcntdq.rs: Cannot change ownership to uid 1001, gid 1001: Operation not permitted
tar: ./rust/lib/rustlib/src/rust/library/stdarch/crates/core_arch/src/x86/sse.rs: Cannot change ownership to uid 1001, gid 1001: Operation not permitted
tar: ./rust/lib/rustlib/src/rust/library/stdarch/crates/core_arch/src/x86/gfni.rs: Cannot change ownership to uid 1001, gid 1001: Operation not permitted
tar: ./rust/lib/rustlib/src/rust/library/stdarch/crates/core_arch/src/x86/bswap.rs: Cannot change ownership to uid 1001, gid 1001: Operation not permitted
tar: ./rust/lib/rustlib/src/rust/library/stdarch/crates/core_arch/src/x86/avx.rs: Cannot change ownership to uid 1001, gid 1001: Operation not permitted
tar: ./rust/lib/rustlib/src/rust/library/stdarch/crates/core_arch/src/x86/avxneconvert.rs: Cannot change ownership to uid 1001, gid 1001: Operation not permitted
tar: ./rust/lib/rustlib/src/rust/library/stdarch/crates/core_arch/src/x86/adx.rs: Cannot change ownership to uid 1001, gid 1001: Operation not permitted
tar: ./rust/lib/rustlib/src/rust/library/stdarch/crates/core_arch/src/x86/sse2.rs: Cannot change ownership to uid 1001, gid 1001: Operation not permitted
tar: ./rust/lib/rustlib/src/rust/library/stdarch/crates/core_arch/src/x86/sse42.rs: Cannot change ownership to uid 1001, gid 1001: Operation not permitted
tar: ./rust/lib/rustlib/src/rust/library/stdarch/crates/core_arch/src/x86/avx512vbmi.rs: Cannot change ownership to uid 1001, gid 1001: Operation not permitted
tar: ./rust/lib/rustlib/src/rust/library/stdarch/crates/core_arch/src/x86/vaes.rs: Cannot change ownership to uid 1001, gid 1001: Operation not permitted
tar: ./rust/lib/rustlib/src/rust/library/stdarch/crates/core_arch/src/x86/avx512f.rs: Cannot change ownership to uid 1001, gid 1001: Operation not permitted
tar: ./rust/lib/rustlib/src/rust/library/stdarch/crates/core_arch/src/x86/test.rs: Cannot change ownership to uid 1001, gid 1001: Operation not permitted
tar: ./rust/lib/rustlib/src/rust/library/stdarch/crates/core_arch/src/x86/avx512fp16.rs: Cannot change ownership to uid 1001, gid 1001: Operation not permitted
tar: ./rust/lib/rustlib/src/rust/library/stdarch/crates/core_arch/src/x86: Cannot change ownership to uid 1001, gid 1001: Operation not permitted
tar: ./rust/lib/rustlib/src/rust/library/stdarch/crates/core_arch/src/arm_shared/hints.rs: Cannot change ownership to uid 1001, gid 1001: Operation not permitted
tar: ./rust/lib/rustlib/src/rust/library/stdarch/crates/core_arch/src/arm_shared/barrier/cp15.rs: Cannot change ownership to uid 1001, gid 1001: Operation not permitted
tar: ./rust/lib/rustlib/src/rust/library/stdarch/crates/core_arch/src/arm_shared/barrier/common.rs: Cannot change ownership to uid 1001, gid 1001: Operation not permitted
tar: ./rust/lib/rustlib/src/rust/library/stdarch/crates/core_arch/src/arm_shared/barrier/v8.rs: Cannot change ownership to uid 1001, gid 1001: Operation not permitted
tar: ./rust/lib/rustlib/src/rust/library/stdarch/crates/core_arch/src/arm_shared/barrier/mod.rs: Cannot change ownership to uid 1001, gid 1001: Operation not permitted
tar: ./rust/lib/rustlib/src/rust/library/stdarch/crates/core_arch/src/arm_shared/barrier/not_mclass.rs: Cannot change ownership to uid 1001, gid 1001: Operation not permitted
tar: ./rust/lib/rustlib/src/rust/library/stdarch/crates/core_arch/src/arm_shared/barrier: Cannot change ownership to uid 1001, gid 1001: Operation not permitted
tar: ./rust/lib/rustlib/src/rust/library/stdarch/crates/core_arch/src/arm_shared/crc.rs: Cannot change ownership to uid 1001, gid 1001: Operation not permitted
tar: ./rust/lib/rustlib/src/rust/library/stdarch/crates/core_arch/src/arm_shared/mod.rs: Cannot change ownership to uid 1001, gid 1001: Operation not permitted
tar: ./rust/lib/rustlib/src/rust/library/stdarch/crates/core_arch/src/arm_shared/neon/generated.rs: Cannot change ownership to uid 1001, gid 1001: Operation not permitted
tar: ./rust/lib/rustlib/src/rust/library/stdarch/crates/core_arch/src/arm_shared/neon/load_tests.rs: Cannot change ownership to uid 1001, gid 1001: Operation not permitted
tar: ./rust/lib/rustlib/src/rust/library/stdarch/crates/core_arch/src/arm_shared/neon/store_tests.rs: Cannot change ownership to uid 1001, gid 1001: Operation not permitted
tar: ./rust/lib/rustlib/src/rust/library/stdarch/crates/core_arch/src/arm_shared/neon/mod.rs: Cannot change ownership to uid 1001, gid 1001: Operation not permitted
tar: ./rust/lib/rustlib/src/rust/library/stdarch/crates/core_arch/src/arm_shared/neon/shift_and_insert_tests.rs: Cannot change ownership to uid 1001, gid 1001: Operation not permitted
tar: ./rust/lib/rustlib/src/rust/library/stdarch/crates/core_arch/src/arm_shared/neon/table_lookup_tests.rs: Cannot change ownership to uid 1001, gid 1001: Operation not permitted
tar: ./rust/lib/rustlib/src/rust/library/stdarch/crates/core_arch/src/arm_shared/neon: Cannot change ownership to uid 1001, gid 1001: Operation not permitted
tar: ./rust/lib/rustlib/src/rust/library/stdarch/crates/core_arch/src/arm_shared/crypto.rs: Cannot change ownership to uid 1001, gid 1001: Operation not permitted
tar: ./rust/lib/rustlib/src/rust/library/stdarch/crates/core_arch/src/arm_shared/test_support.rs: Cannot change ownership to uid 1001, gid 1001: Operation not permitted
tar: ./rust/lib/rustlib/src/rust/library/stdarch/crates/core_arch/src/arm_shared: Cannot change ownership to uid 1001, gid 1001: Operation not permitted
tar: ./rust/lib/rustlib/src/rust/library/stdarch/crates/core_arch/src/powerpc64/vsx.rs: Cannot change ownership to uid 1001, gid 1001: Operation not permitted
tar: ./rust/lib/rustlib/src/rust/library/stdarch/crates/core_arch/src/powerpc64/mod.rs: Cannot change ownership to uid 1001, gid 1001: Operation not permitted
tar: ./rust/lib/rustlib/src/rust/library/stdarch/crates/core_arch/src/powerpc64: Cannot change ownership to uid 1001, gid 1001: Operation not permitted
tar: ./rust/lib/rustlib/src/rust/library/stdarch/crates/core_arch/src/lib.rs: Cannot change ownership to uid 1001, gid 1001: Operation not permitted
tar: ./rust/lib/rustlib/src/rust/library/stdarch/crates/core_arch/src/powerpc/macros.rs: Cannot change ownership to uid 1001, gid 1001: Operation not permitted
tar: ./rust/lib/rustlib/src/rust/library/stdarch/crates/core_arch/src/powerpc/vsx.rs: Cannot change ownership to uid 1001, gid 1001: Operation not permitted
tar: ./rust/lib/rustlib/src/rust/library/stdarch/crates/core_arch/src/powerpc/altivec.rs: Cannot change ownership to uid 1001, gid 1001: Operation not permitted
tar: ./rust/lib/rustlib/src/rust/library/stdarch/crates/core_arch/src/powerpc/mod.rs: Cannot change ownership to uid 1001, gid 1001: Operation not permitted
tar: ./rust/lib/rustlib/src/rust/library/stdarch/crates/core_arch/src/powerpc: Cannot change ownership to uid 1001, gid 1001: Operation not permitted
tar: ./rust/lib/rustlib/src/rust/library/stdarch/crates/core_arch/src/riscv_shared/zk.rs: Cannot change ownership to uid 1001, gid 1001: Operation not permitted
tar: ./rust/lib/rustlib/src/rust/library/stdarch/crates/core_arch/src/riscv_shared/mod.rs: Cannot change ownership to uid 1001, gid 1001: Operation not permitted
tar: ./rust/lib/rustlib/src/rust/library/stdarch/crates/core_arch/src/riscv_shared/zb.rs: Cannot change ownership to uid 1001, gid 1001: Operation not permitted
tar: ./rust/lib/rustlib/src/rust/library/stdarch/crates/core_arch/src/riscv_shared/p.rs: Cannot change ownership to uid 1001, gid 1001: Operation not permitted
tar: ./rust/lib/rustlib/src/rust/library/stdarch/crates/core_arch/src/riscv_shared: Cannot change ownership to uid 1001, gid 1001: Operation not permitted
tar: ./rust/lib/rustlib/src/rust/library/stdarch/crates/core_arch/src/v64.rs: Cannot change ownership to uid 1001, gid 1001: Operation not permitted
tar: ./rust/lib/rustlib/src/rust/library/stdarch/crates/core_arch/src/simd.rs: Cannot change ownership to uid 1001, gid 1001: Operation not permitted
tar: ./rust/lib/rustlib/src/rust/library/stdarch/crates/core_arch/src: Cannot change ownership to uid 1001, gid 1001: Operation not permitted
tar: ./rust/lib/rustlib/src/rust/library/stdarch/crates/core_arch/MISSING.md: Cannot change ownership to uid 1001, gid 1001: Operation not permitted
tar: ./rust/lib/rustlib/src/rust/library/stdarch/crates/core_arch/README.md: Cannot change ownership to uid 1001, gid 1001: Operation not permitted
tar: ./rust/lib/rustlib/src/rust/library/stdarch/crates/core_arch: Cannot change ownership to uid 1001, gid 1001: Operation not permitted
tar: ./rust/lib/rustlib/src/rust/library/stdarch/crates/assert-instr-macro/Cargo.toml: Cannot change ownership to uid 1001, gid 1001: Operation not permitted
tar: ./rust/lib/rustlib/src/rust/library/stdarch/crates/assert-instr-macro/build.rs: Cannot change ownership to uid 1001, gid 1001: Operation not permitted
tar: ./rust/lib/rustlib/src/rust/library/stdarch/crates/assert-instr-macro/src/lib.rs: Cannot change ownership to uid 1001, gid 1001: Operation not permitted
tar: ./rust/lib/rustlib/src/rust/library/stdarch/crates/assert-instr-macro/src: Cannot change ownership to uid 1001, gid 1001: Operation not permitted
tar: ./rust/lib/rustlib/src/rust/library/stdarch/crates/assert-instr-macro: Cannot change ownership to uid 1001, gid 1001: Operation not permitted
tar: ./rust/lib/rustlib/src/rust/library/stdarch/crates/std_detect/Cargo.toml: Cannot change ownership to uid 1001, gid 1001: Operation not permitted
tar: ./rust/lib/rustlib/src/rust/library/stdarch/crates/std_detect/LICENSE-APACHE: Cannot change ownership to uid 1001, gid 1001: Operation not permitted
tar: ./rust/lib/rustlib/src/rust/library/stdarch/crates/std_detect/LICENSE-MIT: Cannot change ownership to uid 1001, gid 1001: Operation not permitted
tar: ./rust/lib/rustlib/src/rust/library/stdarch/crates/std_detect/src/lib.rs: Cannot change ownership to uid 1001, gid 1001: Operation not permitted
tar: ./rust/lib/rustlib/src/rust/library/stdarch/crates/std_detect/src/detect/os/darwin/aarch64.rs: Cannot change ownership to uid 1001, gid 1001: Operation not permitted
tar: ./rust/lib/rustlib/src/rust/library/stdarch/crates/std_detect/src/detect/os/darwin: Cannot change ownership to uid 1001, gid 1001: Operation not permitted
tar: ./rust/lib/rustlib/src/rust/library/stdarch/crates/std_detect/src/detect/os/other.rs: Cannot change ownership to uid 1001, gid 1001: Operation not permitted
tar: ./rust/lib/rustlib/src/rust/library/stdarch/crates/std_detect/src/detect/os/freebsd/mod.rs: Cannot change ownership to uid 1001, gid 1001: Operation not permitted
tar: ./rust/lib/rustlib/src/rust/library/stdarch/crates/std_detect/src/detect/os/freebsd/powerpc.rs: Cannot change ownership to uid 1001, gid 1001: Operation not permitted
tar: ./rust/lib/rustlib/src/rust/library/stdarch/crates/std_detect/src/detect/os/freebsd/aarch64.rs: Cannot change ownership to uid 1001, gid 1001: Operation not permitted
tar: ./rust/lib/rustlib/src/rust/library/stdarch/crates/std_detect/src/detect/os/freebsd/arm.rs: Cannot change ownership to uid 1001, gid 1001: Operation not permitted
tar: ./rust/lib/rustlib/src/rust/library/stdarch/crates/std_detect/src/detect/os/freebsd/auxvec.rs: Cannot change ownership to uid 1001, gid 1001: Operation not permitted
tar: ./rust/lib/rustlib/src/rust/library/stdarch/crates/std_detect/src/detect/os/freebsd: Cannot change ownership to uid 1001, gid 1001: Operation not permitted
tar: ./rust/lib/rustlib/src/rust/library/stdarch/crates/std_detect/src/detect/os/windows/aarch64.rs: Cannot change ownership to uid 1001, gid 1001: Operation not permitted
tar: ./rust/lib/rustlib/src/rust/library/stdarch/crates/std_detect/src/detect/os/windows: Cannot change ownership to uid 1001, gid 1001: Operation not permitted
tar: ./rust/lib/rustlib/src/rust/library/stdarch/crates/std_detect/src/detect/os/aarch64.rs: Cannot change ownership to uid 1001, gid 1001: Operation not permitted
tar: ./rust/lib/rustlib/src/rust/library/stdarch/crates/std_detect/src/detect/os/linux/mips.rs: Cannot change ownership to uid 1001, gid 1001: Operation not permitted
tar: ./rust/lib/rustlib/src/rust/library/stdarch/crates/std_detect/src/detect/os/linux/loongarch.rs: Cannot change ownership to uid 1001, gid 1001: Operation not permitted
tar: ./rust/lib/rustlib/src/rust/library/stdarch/crates/std_detect/src/detect/os/linux/mod.rs: Cannot change ownership to uid 1001, gid 1001: Operation not permitted
tar: ./rust/lib/rustlib/src/rust/library/stdarch/crates/std_detect/src/detect/os/linux/powerpc.rs: Cannot change ownership to uid 1001, gid 1001: Operation not permitted
tar: ./rust/lib/rustlib/src/rust/library/stdarch/crates/std_detect/src/detect/os/linux/riscv.rs: Cannot change ownership to uid 1001, gid 1001: Operation not permitted
tar: ./rust/lib/rustlib/src/rust/library/stdarch/crates/std_detect/src/detect/os/linux/aarch64.rs: Cannot change ownership to uid 1001, gid 1001: Operation not permitted
tar: ./rust/lib/rustlib/src/rust/library/stdarch/crates/std_detect/src/detect/os/linux/arm.rs: Cannot change ownership to uid 1001, gid 1001: Operation not permitted
tar: ./rust/lib/rustlib/src/rust/library/stdarch/crates/std_detect/src/detect/os/linux/cpuinfo.rs: Cannot change ownership to uid 1001, gid 1001: Operation not permitted
tar: ./rust/lib/rustlib/src/rust/library/stdarch/crates/std_detect/src/detect/os/linux/auxvec.rs: Cannot change ownership to uid 1001, gid 1001: Operation not permitted
tar: ./rust/lib/rustlib/src/rust/library/stdarch/crates/std_detect/src/detect/os/linux: Cannot change ownership to uid 1001, gid 1001: Operation not permitted
tar: ./rust/lib/rustlib/src/rust/library/stdarch/crates/std_detect/src/detect/os/x86.rs: Cannot change ownership to uid 1001, gid 1001: Operation not permitted
tar: ./rust/lib/rustlib/src/rust/library/stdarch/crates/std_detect/src/detect/os/openbsd/aarch64.rs: Cannot change ownership to uid 1001, gid 1001: Operation not permitted
tar: ./rust/lib/rustlib/src/rust/library/stdarch/crates/std_detect/src/detect/os/openbsd: Cannot change ownership to uid 1001, gid 1001: Operation not permitted
tar: ./rust/lib/rustlib/src/rust/library/stdarch/crates/std_detect/src/detect/os: Cannot change ownership to uid 1001, gid 1001: Operation not permitted
tar: ./rust/lib/rustlib/src/rust/library/stdarch/crates/std_detect/src/detect/macros.rs: Cannot change ownership to uid 1001, gid 1001: Operation not permitted
tar: ./rust/lib/rustlib/src/rust/library/stdarch/crates/std_detect/src/detect/cache.rs: Cannot change ownership to uid 1001, gid 1001: Operation not permitted
tar: ./rust/lib/rustlib/src/rust/library/stdarch/crates/std_detect/src/detect/arch/powerpc64.rs: Cannot change ownership to uid 1001, gid 1001: Operation not permitted
tar: ./rust/lib/rustlib/src/rust/library/stdarch/crates/std_detect/src/detect/arch/mips.rs: Cannot change ownership to uid 1001, gid 1001: Operation not permitted
tar: ./rust/lib/rustlib/src/rust/library/stdarch/crates/std_detect/src/detect/arch/mips64.rs: Cannot change ownership to uid 1001, gid 1001: Operation not permitted
tar: ./rust/lib/rustlib/src/rust/library/stdarch/crates/std_detect/src/detect/arch/loongarch.rs: Cannot change ownership to uid 1001, gid 1001: Operation not permitted
tar: ./rust/lib/rustlib/src/rust/library/stdarch/crates/std_detect/src/detect/arch/mod.rs: Cannot change ownership to uid 1001, gid 1001: Operation not permitted
tar: ./rust/lib/rustlib/src/rust/library/stdarch/crates/std_detect/src/detect/arch/powerpc.rs: Cannot change ownership to uid 1001, gid 1001: Operation not permitted
tar: ./rust/lib/rustlib/src/rust/library/stdarch/crates/std_detect/src/detect/arch/riscv.rs: Cannot change ownership to uid 1001, gid 1001: Operation not permitted
tar: ./rust/lib/rustlib/src/rust/library/stdarch/crates/std_detect/src/detect/arch/aarch64.rs: Cannot change ownership to uid 1001, gid 1001: Operation not permitted
tar: ./rust/lib/rustlib/src/rust/library/stdarch/crates/std_detect/src/detect/arch/arm.rs: Cannot change ownership to uid 1001, gid 1001: Operation not permitted
tar: ./rust/lib/rustlib/src/rust/library/stdarch/crates/std_detect/src/detect/arch/x86.rs: Cannot change ownership to uid 1001, gid 1001: Operation not permitted
tar: ./rust/lib/rustlib/src/rust/library/stdarch/crates/std_detect/src/detect/arch: Cannot change ownership to uid 1001, gid 1001: Operation not permitted
tar: ./rust/lib/rustlib/src/rust/library/stdarch/crates/std_detect/src/detect/mod.rs: Cannot change ownership to uid 1001, gid 1001: Operation not permitted
tar: ./rust/lib/rustlib/src/rust/library/stdarch/crates/std_detect/src/detect/bit.rs: Cannot change ownership to uid 1001, gid 1001: Operation not permitted
tar: ./rust/lib/rustlib/src/rust/library/stdarch/crates/std_detect/src/detect/test_data/linux-empty-hwcap2-aarch64.auxv: Cannot change ownership to uid 1001, gid 1001: Operation not permitted
tar: ./rust/lib/rustlib/src/rust/library/stdarch/crates/std_detect/src/detect/test_data/linux-rpi3.auxv: Cannot change ownership to uid 1001, gid 1001: Operation not permitted
tar: ./rust/lib/rustlib/src/rust/library/stdarch/crates/std_detect/src/detect/test_data/linux-hwcap2-aarch64.auxv: Cannot change ownership to uid 1001, gid 1001: Operation not permitted
tar: ./rust/lib/rustlib/src/rust/library/stdarch/crates/std_detect/src/detect/test_data/linux-artificial-aarch64.auxv: Cannot change ownership to uid 1001, gid 1001: Operation not permitted
tar: ./rust/lib/rustlib/src/rust/library/stdarch/crates/std_detect/src/detect/test_data/macos-virtualbox-linux-x86-4850HQ.auxv: Cannot change ownership to uid 1001, gid 1001: Operation not permitted
tar: ./rust/lib/rustlib/src/rust/library/stdarch/crates/std_detect/src/detect/test_data/linux-no-hwcap2-aarch64.auxv: Cannot change ownership to uid 1001, gid 1001: Operation not permitted
tar: ./rust/lib/rustlib/src/rust/library/stdarch/crates/std_detect/src/detect/test_data: Cannot change ownership to uid 1001, gid 1001: Operation not permitted
tar: ./rust/lib/rustlib/src/rust/library/stdarch/crates/std_detect/src/detect: Cannot change ownership to uid 1001, gid 1001: Operation not permitted
tar: ./rust/lib/rustlib/src/rust/library/stdarch/crates/std_detect/src: Cannot change ownership to uid 1001, gid 1001: Operation not permitted
tar: ./rust/lib/rustlib/src/rust/library/stdarch/crates/std_detect/tests/macro_trailing_commas.rs: Cannot change ownership to uid 1001, gid 1001: Operation not permitted
tar: ./rust/lib/rustlib/src/rust/library/stdarch/crates/std_detect/tests/cpu-detection.rs: Cannot change ownership to uid 1001, gid 1001: Operation not permitted
tar: ./rust/lib/rustlib/src/rust/library/stdarch/crates/std_detect/tests/x86-specific.rs: Cannot change ownership to uid 1001, gid 1001: Operation not permitted
tar: ./rust/lib/rustlib/src/rust/library/stdarch/crates/std_detect/tests: Cannot change ownership to uid 1001, gid 1001: Operation not permitted
tar: ./rust/lib/rustlib/src/rust/library/stdarch/crates/std_detect/README.md: Cannot change ownership to uid 1001, gid 1001: Operation not permitted
tar: ./rust/lib/rustlib/src/rust/library/stdarch/crates/std_detect: Cannot change ownership to uid 1001, gid 1001: Operation not permitted
tar: ./rust/lib/rustlib/src/rust/library/stdarch/crates/stdarch-test/Cargo.toml: Cannot change ownership to uid 1001, gid 1001: Operation not permitted
tar: ./rust/lib/rustlib/src/rust/library/stdarch/crates/stdarch-test/src/disassembly.rs: Cannot change ownership to uid 1001, gid 1001: Operation not permitted
tar: ./rust/lib/rustlib/src/rust/library/stdarch/crates/stdarch-test/src/wasm.rs: Cannot change ownership to uid 1001, gid 1001: Operation not permitted
tar: ./rust/lib/rustlib/src/rust/library/stdarch/crates/stdarch-test/src/lib.rs: Cannot change ownership to uid 1001, gid 1001: Operation not permitted
tar: ./rust/lib/rustlib/src/rust/library/stdarch/crates/stdarch-test/src: Cannot change ownership to uid 1001, gid 1001: Operation not permitted
tar: ./rust/lib/rustlib/src/rust/library/stdarch/crates/stdarch-test: Cannot change ownership to uid 1001, gid 1001: Operation not permitted
tar: ./rust/lib/rustlib/src/rust/library/stdarch/crates/simd-test-macro/Cargo.toml: Cannot change ownership to uid 1001, gid 1001: Operation not permitted
tar: ./rust/lib/rustlib/src/rust/library/stdarch/crates/simd-test-macro/src/lib.rs: Cannot change ownership to uid 1001, gid 1001: Operation not permitted
tar: ./rust/lib/rustlib/src/rust/library/stdarch/crates/simd-test-macro/src: Cannot change ownership to uid 1001, gid 1001: Operation not permitted
tar: ./rust/lib/rustlib/src/rust/library/stdarch/crates/simd-test-macro: Cannot change ownership to uid 1001, gid 1001: Operation not permitted
tar: ./rust/lib/rustlib/src/rust/library/stdarch/crates/stdarch-verify/Cargo.toml: Cannot change ownership to uid 1001, gid 1001: Operation not permitted
tar: ./rust/lib/rustlib/src/rust/library/stdarch/crates/stdarch-verify/build.rs: Cannot change ownership to uid 1001, gid 1001: Operation not permitted
tar: ./rust/lib/rustlib/src/rust/library/stdarch/crates/stdarch-verify/src/lib.rs: Cannot change ownership to uid 1001, gid 1001: Operation not permitted
tar: ./rust/lib/rustlib/src/rust/library/stdarch/crates/stdarch-verify/src: Cannot change ownership to uid 1001, gid 1001: Operation not permitted
tar: ./rust/lib/rustlib/src/rust/library/stdarch/crates/stdarch-verify/mips-msa.h: Cannot change ownership to uid 1001, gid 1001: Operation not permitted
tar: ./rust/lib/rustlib/src/rust/library/stdarch/crates/stdarch-verify/x86-intel.xml: Cannot change ownership to uid 1001, gid 1001: Operation not permitted
tar: ./rust/lib/rustlib/src/rust/library/stdarch/crates/stdarch-verify/tests/mips.rs: Cannot change ownership to uid 1001, gid 1001: Operation not permitted
tar: ./rust/lib/rustlib/src/rust/library/stdarch/crates/stdarch-verify/tests/x86-intel.rs: Cannot change ownership to uid 1001, gid 1001: Operation not permitted
tar: ./rust/lib/rustlib/src/rust/library/stdarch/crates/stdarch-verify/tests/arm.rs: Cannot change ownership to uid 1001, gid 1001: Operation not permitted
tar: ./rust/lib/rustlib/src/rust/library/stdarch/crates/stdarch-verify/tests: Cannot change ownership to uid 1001, gid 1001: Operation not permitted
tar: ./rust/lib/rustlib/src/rust/library/stdarch/crates/stdarch-verify/.gitattributes: Cannot change ownership to uid 1001, gid 1001: Operation not permitted
tar: ./rust/lib/rustlib/src/rust/library/stdarch/crates/stdarch-verify: Cannot change ownership to uid 1001, gid 1001: Operation not permitted
tar: ./rust/lib/rustlib/src/rust/library/stdarch/crates/intrinsic-test/Cargo.toml: Cannot change ownership to uid 1001, gid 1001: Operation not permitted
tar: ./rust/lib/rustlib/src/rust/library/stdarch/crates/intrinsic-test/LICENSE-APACHE: Cannot change ownership to uid 1001, gid 1001: Operation not permitted
tar: ./rust/lib/rustlib/src/rust/library/stdarch/crates/intrinsic-test/LICENSE-MIT: Cannot change ownership to uid 1001, gid 1001: Operation not permitted
tar: ./rust/lib/rustlib/src/rust/library/stdarch/crates/intrinsic-test/missing_aarch64.txt: Cannot change ownership to uid 1001, gid 1001: Operation not permitted
tar: ./rust/lib/rustlib/src/rust/library/stdarch/crates/intrinsic-test/src/values.rs: Cannot change ownership to uid 1001, gid 1001: Operation not permitted
tar: ./rust/lib/rustlib/src/rust/library/stdarch/crates/intrinsic-test/src/types.rs: Cannot change ownership to uid 1001, gid 1001: Operation not permitted
tar: ./rust/lib/rustlib/src/rust/library/stdarch/crates/intrinsic-test/src/format.rs: Cannot change ownership to uid 1001, gid 1001: Operation not permitted
tar: ./rust/lib/rustlib/src/rust/library/stdarch/crates/intrinsic-test/src/intrinsic.rs: Cannot change ownership to uid 1001, gid 1001: Operation not permitted
tar: ./rust/lib/rustlib/src/rust/library/stdarch/crates/intrinsic-test/src/json_parser.rs: Cannot change ownership to uid 1001, gid 1001: Operation not permitted
tar: ./rust/lib/rustlib/src/rust/library/stdarch/crates/intrinsic-test/src/argument.rs: Cannot change ownership to uid 1001, gid 1001: Operation not permitted
tar: ./rust/lib/rustlib/src/rust/library/stdarch/crates/intrinsic-test/src/main.rs: Cannot change ownership to uid 1001, gid 1001: Operation not permitted
tar: ./rust/lib/rustlib/src/rust/library/stdarch/crates/intrinsic-test/src: Cannot change ownership to uid 1001, gid 1001: Operation not permitted
tar: ./rust/lib/rustlib/src/rust/library/stdarch/crates/intrinsic-test/missing_arm.txt: Cannot change ownership to uid 1001, gid 1001: Operation not permitted
tar: ./rust/lib/rustlib/src/rust/library/stdarch/crates/intrinsic-test/README.md: Cannot change ownership to uid 1001, gid 1001: Operation not permitted
tar: ./rust/lib/rustlib/src/rust/library/stdarch/crates/intrinsic-test: Cannot change ownership to uid 1001, gid 1001: Operation not permitted
tar: ./rust/lib/rustlib/src/rust/library/stdarch/crates/stdarch-gen-arm/neon.spec: Cannot change ownership to uid 1001, gid 1001: Operation not permitted
tar: ./rust/lib/rustlib/src/rust/library/stdarch/crates/stdarch-gen-arm/Cargo.toml: Cannot change ownership to uid 1001, gid 1001: Operation not permitted
tar: ./rust/lib/rustlib/src/rust/library/stdarch/crates/stdarch-gen-arm/src/main.rs: Cannot change ownership to uid 1001, gid 1001: Operation not permitted
tar: ./rust/lib/rustlib/src/rust/library/stdarch/crates/stdarch-gen-arm/src: Cannot change ownership to uid 1001, gid 1001: Operation not permitted
tar: ./rust/lib/rustlib/src/rust/library/stdarch/crates/stdarch-gen-arm/README.md: Cannot change ownership to uid 1001, gid 1001: Operation not permitted
tar: ./rust/lib/rustlib/src/rust/library/stdarch/crates/stdarch-gen-arm: Cannot change ownership to uid 1001, gid 1001: Operation not permitted
tar: ./rust/lib/rustlib/src/rust/library/stdarch/crates: Cannot change ownership to uid 1001, gid 1001: Operation not permitted
tar: ./rust/lib/rustlib/src/rust/library/stdarch/rustfmt.toml: Cannot change ownership to uid 1001, gid 1001: Operation not permitted
tar: ./rust/lib/rustlib/src/rust/library/stdarch/ci/build-std-detect.sh: Cannot change ownership to uid 1001, gid 1001: Operation not permitted
tar: ./rust/lib/rustlib/src/rust/library/stdarch/ci/dox.sh: Cannot change ownership to uid 1001, gid 1001: Operation not permitted
tar: ./rust/lib/rustlib/src/rust/library/stdarch/ci/gba.json: Cannot change ownership to uid 1001, gid 1001: Operation not permitted
tar: ./rust/lib/rustlib/src/rust/library/stdarch/ci/run-docker.sh: Cannot change ownership to uid 1001, gid 1001: Operation not permitted
tar: ./rust/lib/rustlib/src/rust/library/stdarch/ci/run.sh: Cannot change ownership to uid 1001, gid 1001: Operation not permitted
tar: ./rust/lib/rustlib/src/rust/library/stdarch/ci/docker/i586-unknown-linux-gnu/Dockerfile: Cannot change ownership to uid 1001, gid 1001: Operation not permitted
tar: ./rust/lib/rustlib/src/rust/library/stdarch/ci/docker/i586-unknown-linux-gnu: Cannot change ownership to uid 1001, gid 1001: Operation not permitted
tar: ./rust/lib/rustlib/src/rust/library/stdarch/ci/docker/powerpc64-unknown-linux-gnu/Dockerfile: Cannot change ownership to uid 1001, gid 1001: Operation not permitted
tar: ./rust/lib/rustlib/src/rust/library/stdarch/ci/docker/powerpc64-unknown-linux-gnu: Cannot change ownership to uid 1001, gid 1001: Operation not permitted
tar: ./rust/lib/rustlib/src/rust/library/stdarch/ci/docker/i686-unknown-linux-gnu/Dockerfile: Cannot change ownership to uid 1001, gid 1001: Operation not permitted
tar: ./rust/lib/rustlib/src/rust/library/stdarch/ci/docker/i686-unknown-linux-gnu: Cannot change ownership to uid 1001, gid 1001: Operation not permitted
tar: ./rust/lib/rustlib/src/rust/library/stdarch/ci/docker/mips64-unknown-linux-gnuabi64/Dockerfile: Cannot change ownership to uid 1001, gid 1001: Operation not permitted
tar: ./rust/lib/rustlib/src/rust/library/stdarch/ci/docker/mips64-unknown-linux-gnuabi64: Cannot change ownership to uid 1001, gid 1001: Operation not permitted
tar: ./rust/lib/rustlib/src/rust/library/stdarch/ci/docker/x86_64-unknown-linux-gnu-emulated/Dockerfile: Cannot change ownership to uid 1001, gid 1001: Operation not permitted
tar: ./rust/lib/rustlib/src/rust/library/stdarch/ci/docker/x86_64-unknown-linux-gnu-emulated/cpuid.def: Cannot change ownership to uid 1001, gid 1001: Operation not permitted
tar: ./rust/lib/rustlib/src/rust/library/stdarch/ci/docker/x86_64-unknown-linux-gnu-emulated: Cannot change ownership to uid 1001, gid 1001: Operation not permitted
tar: ./rust/lib/rustlib/src/rust/library/stdarch/ci/docker/arm-unknown-linux-gnueabihf/Dockerfile: Cannot change ownership to uid 1001, gid 1001: Operation not permitted
tar: ./rust/lib/rustlib/src/rust/library/stdarch/ci/docker/arm-unknown-linux-gnueabihf: Cannot change ownership to uid 1001, gid 1001: Operation not permitted
tar: ./rust/lib/rustlib/src/rust/library/stdarch/ci/docker/wasm32-wasip1/Dockerfile: Cannot change ownership to uid 1001, gid 1001: Operation not permitted
tar: ./rust/lib/rustlib/src/rust/library/stdarch/ci/docker/wasm32-wasip1: Cannot change ownership to uid 1001, gid 1001: Operation not permitted
tar: ./rust/lib/rustlib/src/rust/library/stdarch/ci/docker/nvptx64-nvidia-cuda/Dockerfile: Cannot change ownership to uid 1001, gid 1001: Operation not permitted
tar: ./rust/lib/rustlib/src/rust/library/stdarch/ci/docker/nvptx64-nvidia-cuda: Cannot change ownership to uid 1001, gid 1001: Operation not permitted
tar: ./rust/lib/rustlib/src/rust/library/stdarch/ci/docker/riscv64gc-unknown-linux-gnu/Dockerfile: Cannot change ownership to uid 1001, gid 1001: Operation not permitted
tar: ./rust/lib/rustlib/src/rust/library/stdarch/ci/docker/riscv64gc-unknown-linux-gnu: Cannot change ownership to uid 1001, gid 1001: Operation not permitted
tar: ./rust/lib/rustlib/src/rust/library/stdarch/ci/docker/powerpc-unknown-linux-gnu/Dockerfile: Cannot change ownership to uid 1001, gid 1001: Operation not permitted
tar: ./rust/lib/rustlib/src/rust/library/stdarch/ci/docker/powerpc-unknown-linux-gnu: Cannot change ownership to uid 1001, gid 1001: Operation not permitted
tar: ./rust/lib/rustlib/src/rust/library/stdarch/ci/docker/mips64el-unknown-linux-gnuabi64/Dockerfile: Cannot change ownership to uid 1001, gid 1001: Operation not permitted
tar: ./rust/lib/rustlib/src/rust/library/stdarch/ci/docker/mips64el-unknown-linux-gnuabi64: Cannot change ownership to uid 1001, gid 1001: Operation not permitted
tar: ./rust/lib/rustlib/src/rust/library/stdarch/ci/docker/mipsel-unknown-linux-musl/Dockerfile: Cannot change ownership to uid 1001, gid 1001: Operation not permitted
tar: ./rust/lib/rustlib/src/rust/library/stdarch/ci/docker/mipsel-unknown-linux-musl: Cannot change ownership to uid 1001, gid 1001: Operation not permitted
tar: ./rust/lib/rustlib/src/rust/library/stdarch/ci/docker/armv7-unknown-linux-gnueabihf/Dockerfile: Cannot change ownership to uid 1001, gid 1001: Operation not permitted
tar: ./rust/lib/rustlib/src/rust/library/stdarch/ci/docker/armv7-unknown-linux-gnueabihf: Cannot change ownership to uid 1001, gid 1001: Operation not permitted
tar: ./rust/lib/rustlib/src/rust/library/stdarch/ci/docker/x86_64-unknown-linux-gnu/Dockerfile: Cannot change ownership to uid 1001, gid 1001: Operation not permitted
tar: ./rust/lib/rustlib/src/rust/library/stdarch/ci/docker/x86_64-unknown-linux-gnu: Cannot change ownership to uid 1001, gid 1001: Operation not permitted
tar: ./rust/lib/rustlib/src/rust/library/stdarch/ci/docker/mips-unknown-linux-gnu/Dockerfile: Cannot change ownership to uid 1001, gid 1001: Operation not permitted
tar: ./rust/lib/rustlib/src/rust/library/stdarch/ci/docker/mips-unknown-linux-gnu: Cannot change ownership to uid 1001, gid 1001: Operation not permitted
tar: ./rust/lib/rustlib/src/rust/library/stdarch/ci/docker/loongarch64-unknown-linux-gnu/Dockerfile: Cannot change ownership to uid 1001, gid 1001: Operation not permitted
tar: ./rust/lib/rustlib/src/rust/library/stdarch/ci/docker/loongarch64-unknown-linux-gnu: Cannot change ownership to uid 1001, gid 1001: Operation not permitted
tar: ./rust/lib/rustlib/src/rust/library/stdarch/ci/docker/s390x-unknown-linux-gnu/Dockerfile: Cannot change ownership to uid 1001, gid 1001: Operation not permitted
tar: ./rust/lib/rustlib/src/rust/library/stdarch/ci/docker/s390x-unknown-linux-gnu: Cannot change ownership to uid 1001, gid 1001: Operation not permitted
tar: ./rust/lib/rustlib/src/rust/library/stdarch/ci/docker/powerpc64le-unknown-linux-gnu/Dockerfile: Cannot change ownership to uid 1001, gid 1001: Operation not permitted
tar: ./rust/lib/rustlib/src/rust/library/stdarch/ci/docker/powerpc64le-unknown-linux-gnu: Cannot change ownership to uid 1001, gid 1001: Operation not permitted
tar: ./rust/lib/rustlib/src/rust/library/stdarch/ci/docker/aarch64-unknown-linux-gnu/Dockerfile: Cannot change ownership to uid 1001, gid 1001: Operation not permitted
tar: ./rust/lib/rustlib/src/rust/library/stdarch/ci/docker/aarch64-unknown-linux-gnu: Cannot change ownership to uid 1001, gid 1001: Operation not permitted
tar: ./rust/lib/rustlib/src/rust/library/stdarch/ci/docker: Cannot change ownership to uid 1001, gid 1001: Operation not permitted
tar: ./rust/lib/rustlib/src/rust/library/stdarch/ci/style.sh: Cannot change ownership to uid 1001, gid 1001: Operation not permitted
tar: ./rust/lib/rustlib/src/rust/library/stdarch/ci: Cannot change ownership to uid 1001, gid 1001: Operation not permitted
tar: ./rust/lib/rustlib/src/rust/library/stdarch/.gitmodules: Cannot change ownership to uid 1001, gid 1001: Operation not permitted
tar: ./rust/lib/rustlib/src/rust/library/stdarch/.github/workflows/main.yml: Cannot change ownership to uid 1001, gid 1001: Operation not permitted
tar: ./rust/lib/rustlib/src/rust/library/stdarch/.github/workflows: Cannot change ownership to uid 1001, gid 1001: Operation not permitted
tar: ./rust/lib/rustlib/src/rust/library/stdarch/.github: Cannot change ownership to uid 1001, gid 1001: Operation not permitted
tar: ./rust/lib/rustlib/src/rust/library/stdarch/README.md: Cannot change ownership to uid 1001, gid 1001: Operation not permitted
tar: ./rust/lib/rustlib/src/rust/library/stdarch/CONTRIBUTING.md: Cannot change ownership to uid 1001, gid 1001: Operation not permitted
tar: ./rust/lib/rustlib/src/rust/library/stdarch/vendor.yml: Cannot change ownership to uid 1001, gid 1001: Operation not permitted
tar: ./rust/lib/rustlib/src/rust/library/stdarch/triagebot.toml: Cannot change ownership to uid 1001, gid 1001: Operation not permitted
tar: ./rust/lib/rustlib/src/rust/library/stdarch/.cirrus.yml: Cannot change ownership to uid 1001, gid 1001: Operation not permitted
tar: ./rust/lib/rustlib/src/rust/library/stdarch: Cannot change ownership to uid 1001, gid 1001: Operation not permitted
tar: ./rust/lib/rustlib/src/rust/library/backtrace/Cargo.toml: Cannot change ownership to uid 1001, gid 1001: Operation not permitted
tar: ./rust/lib/rustlib/src/rust/library/backtrace/LICENSE-APACHE: Cannot change ownership to uid 1001, gid 1001: Operation not permitted
tar: ./rust/lib/rustlib/src/rust/library/backtrace/.gitignore: Cannot change ownership to uid 1001, gid 1001: Operation not permitted
tar: ./rust/lib/rustlib/src/rust/library/backtrace/LICENSE-MIT: Cannot change ownership to uid 1001, gid 1001: Operation not permitted
tar: ./rust/lib/rustlib/src/rust/library/backtrace/.git: Cannot change ownership to uid 1001, gid 1001: Operation not permitted
tar: ./rust/lib/rustlib/src/rust/library/backtrace/examples/raw.rs: Cannot change ownership to uid 1001, gid 1001: Operation not permitted
tar: ./rust/lib/rustlib/src/rust/library/backtrace/examples/backtrace.rs: Cannot change ownership to uid 1001, gid 1001: Operation not permitted
tar: ./rust/lib/rustlib/src/rust/library/backtrace/examples: Cannot change ownership to uid 1001, gid 1001: Operation not permitted
tar: ./rust/lib/rustlib/src/rust/library/backtrace/crates/debuglink/Cargo.toml: Cannot change ownership to uid 1001, gid 1001: Operation not permitted
tar: ./rust/lib/rustlib/src/rust/library/backtrace/crates/debuglink/src/main.rs: Cannot change ownership to uid 1001, gid 1001: Operation not permitted
tar: ./rust/lib/rustlib/src/rust/library/backtrace/crates/debuglink/src: Cannot change ownership to uid 1001, gid 1001: Operation not permitted
tar: ./rust/lib/rustlib/src/rust/library/backtrace/crates/debuglink: Cannot change ownership to uid 1001, gid 1001: Operation not permitted
tar: ./rust/lib/rustlib/src/rust/library/backtrace/crates/dylib-dep/Cargo.toml: Cannot change ownership to uid 1001, gid 1001: Operation not permitted
tar: ./rust/lib/rustlib/src/rust/library/backtrace/crates/dylib-dep/src/lib.rs: Cannot change ownership to uid 1001, gid 1001: Operation not permitted
tar: ./rust/lib/rustlib/src/rust/library/backtrace/crates/dylib-dep/src: Cannot change ownership to uid 1001, gid 1001: Operation not permitted
tar: ./rust/lib/rustlib/src/rust/library/backtrace/crates/dylib-dep: Cannot change ownership to uid 1001, gid 1001: Operation not permitted
tar: ./rust/lib/rustlib/src/rust/library/backtrace/crates/cpp_smoke_test/Cargo.toml: Cannot change ownership to uid 1001, gid 1001: Operation not permitted
tar: ./rust/lib/rustlib/src/rust/library/backtrace/crates/cpp_smoke_test/build.rs: Cannot change ownership to uid 1001, gid 1001: Operation not permitted
tar: ./rust/lib/rustlib/src/rust/library/backtrace/crates/cpp_smoke_test/src/lib.rs: Cannot change ownership to uid 1001, gid 1001: Operation not permitted
tar: ./rust/lib/rustlib/src/rust/library/backtrace/crates/cpp_smoke_test/src: Cannot change ownership to uid 1001, gid 1001: Operation not permitted
tar: ./rust/lib/rustlib/src/rust/library/backtrace/crates/cpp_smoke_test/cpp/trampoline.cpp: Cannot change ownership to uid 1001, gid 1001: Operation not permitted
tar: ./rust/lib/rustlib/src/rust/library/backtrace/crates/cpp_smoke_test/cpp: Cannot change ownership to uid 1001, gid 1001: Operation not permitted
tar: ./rust/lib/rustlib/src/rust/library/backtrace/crates/cpp_smoke_test/tests/smoke.rs: Cannot change ownership to uid 1001, gid 1001: Operation not permitted
tar: ./rust/lib/rustlib/src/rust/library/backtrace/crates/cpp_smoke_test/tests: Cannot change ownership to uid 1001, gid 1001: Operation not permitted
tar: ./rust/lib/rustlib/src/rust/library/backtrace/crates/cpp_smoke_test: Cannot change ownership to uid 1001, gid 1001: Operation not permitted
tar: ./rust/lib/rustlib/src/rust/library/backtrace/crates/line-tables-only/Cargo.toml: Cannot change ownership to uid 1001, gid 1001: Operation not permitted
tar: ./rust/lib/rustlib/src/rust/library/backtrace/crates/line-tables-only/build.rs: Cannot change ownership to uid 1001, gid 1001: Operation not permitted
tar: ./rust/lib/rustlib/src/rust/library/backtrace/crates/line-tables-only/src/callback.c: Cannot change ownership to uid 1001, gid 1001: Operation not permitted
tar: ./rust/lib/rustlib/src/rust/library/backtrace/crates/line-tables-only/src/lib.rs: Cannot change ownership to uid 1001, gid 1001: Operation not permitted
tar: ./rust/lib/rustlib/src/rust/library/backtrace/crates/line-tables-only/src: Cannot change ownership to uid 1001, gid 1001: Operation not permitted
tar: ./rust/lib/rustlib/src/rust/library/backtrace/crates/line-tables-only: Cannot change ownership to uid 1001, gid 1001: Operation not permitted
tar: ./rust/lib/rustlib/src/rust/library/backtrace/crates/macos_frames_test/Cargo.toml: Cannot change ownership to uid 1001, gid 1001: Operation not permitted
tar: ./rust/lib/rustlib/src/rust/library/backtrace/crates/macos_frames_test/src/lib.rs: Cannot change ownership to uid 1001, gid 1001: Operation not permitted
tar: ./rust/lib/rustlib/src/rust/library/backtrace/crates/macos_frames_test/src: Cannot change ownership to uid 1001, gid 1001: Operation not permitted
tar: ./rust/lib/rustlib/src/rust/library/backtrace/crates/macos_frames_test/tests/main.rs: Cannot change ownership to uid 1001, gid 1001: Operation not permitted
tar: ./rust/lib/rustlib/src/rust/library/backtrace/crates/macos_frames_test/tests: Cannot change ownership to uid 1001, gid 1001: Operation not permitted
tar: ./rust/lib/rustlib/src/rust/library/backtrace/crates/macos_frames_test: Cannot change ownership to uid 1001, gid 1001: Operation not permitted
tar: ./rust/lib/rustlib/src/rust/library/backtrace/crates/as-if-std/Cargo.toml: Cannot change ownership to uid 1001, gid 1001: Operation not permitted
tar: ./rust/lib/rustlib/src/rust/library/backtrace/crates/as-if-std/build.rs: Cannot change ownership to uid 1001, gid 1001: Operation not permitted
tar: ./rust/lib/rustlib/src/rust/library/backtrace/crates/as-if-std/src/lib.rs: Cannot change ownership to uid 1001, gid 1001: Operation not permitted
tar: ./rust/lib/rustlib/src/rust/library/backtrace/crates/as-if-std/src: Cannot change ownership to uid 1001, gid 1001: Operation not permitted
tar: ./rust/lib/rustlib/src/rust/library/backtrace/crates/as-if-std: Cannot change ownership to uid 1001, gid 1001: Operation not permitted
tar: ./rust/lib/rustlib/src/rust/library/backtrace/crates/without_debuginfo/Cargo.toml: Cannot change ownership to uid 1001, gid 1001: Operation not permitted
tar: ./rust/lib/rustlib/src/rust/library/backtrace/crates/without_debuginfo/src/lib.rs: Cannot change ownership to uid 1001, gid 1001: Operation not permitted
tar: ./rust/lib/rustlib/src/rust/library/backtrace/crates/without_debuginfo/src: Cannot change ownership to uid 1001, gid 1001: Operation not permitted
tar: ./rust/lib/rustlib/src/rust/library/backtrace/crates/without_debuginfo/tests/smoke.rs: Cannot change ownership to uid 1001, gid 1001: Operation not permitted
tar: ./rust/lib/rustlib/src/rust/library/backtrace/crates/without_debuginfo/tests: Cannot change ownership to uid 1001, gid 1001: Operation not permitted
tar: ./rust/lib/rustlib/src/rust/library/backtrace/crates/without_debuginfo: Cannot change ownership to uid 1001, gid 1001: Operation not permitted
tar: ./rust/lib/rustlib/src/rust/library/backtrace/crates: Cannot change ownership to uid 1001, gid 1001: Operation not permitted
tar: ./rust/lib/rustlib/src/rust/library/backtrace/bindings.txt: Cannot change ownership to uid 1001, gid 1001: Operation not permitted
tar: ./rust/lib/rustlib/src/rust/library/backtrace/src/types.rs: Cannot change ownership to uid 1001, gid 1001: Operation not permitted
tar: ./rust/lib/rustlib/src/rust/library/backtrace/src/symbolize/noop.rs: Cannot change ownership to uid 1001, gid 1001: Operation not permitted
tar: ./rust/lib/rustlib/src/rust/library/backtrace/src/symbolize/mod.rs: Cannot change ownership to uid 1001, gid 1001: Operation not permitted
tar: ./rust/lib/rustlib/src/rust/library/backtrace/src/symbolize/gimli/parse_running_mmaps_unix.rs: Cannot change ownership to uid 1001, gid 1001: Operation not permitted
tar: ./rust/lib/rustlib/src/rust/library/backtrace/src/symbolize/gimli/macho.rs: Cannot change ownership to uid 1001, gid 1001: Operation not permitted
tar: ./rust/lib/rustlib/src/rust/library/backtrace/src/symbolize/gimli/libs_libnx.rs: Cannot change ownership to uid 1001, gid 1001: Operation not permitted
tar: ./rust/lib/rustlib/src/rust/library/backtrace/src/symbolize/gimli/stash.rs: Cannot change ownership to uid 1001, gid 1001: Operation not permitted
tar: ./rust/lib/rustlib/src/rust/library/backtrace/src/symbolize/gimli/libs_haiku.rs: Cannot change ownership to uid 1001, gid 1001: Operation not permitted
tar: ./rust/lib/rustlib/src/rust/library/backtrace/src/symbolize/gimli/elf.rs: Cannot change ownership to uid 1001, gid 1001: Operation not permitted
tar: ./rust/lib/rustlib/src/rust/library/backtrace/src/symbolize/gimli/mmap_unix.rs: Cannot change ownership to uid 1001, gid 1001: Operation not permitted
tar: ./rust/lib/rustlib/src/rust/library/backtrace/src/symbolize/gimli/mmap_fake.rs: Cannot change ownership to uid 1001, gid 1001: Operation not permitted
tar: ./rust/lib/rustlib/src/rust/library/backtrace/src/symbolize/gimli/xcoff.rs: Cannot change ownership to uid 1001, gid 1001: Operation not permitted
tar: ./rust/lib/rustlib/src/rust/library/backtrace/src/symbolize/gimli/libs_aix.rs: Cannot change ownership to uid 1001, gid 1001: Operation not permitted
tar: ./rust/lib/rustlib/src/rust/library/backtrace/src/symbolize/gimli/libs_dl_iterate_phdr.rs: Cannot change ownership to uid 1001, gid 1001: Operation not permitted
tar: ./rust/lib/rustlib/src/rust/library/backtrace/src/symbolize/gimli/mmap_windows.rs: Cannot change ownership to uid 1001, gid 1001: Operation not permitted
tar: ./rust/lib/rustlib/src/rust/library/backtrace/src/symbolize/gimli/libs_windows.rs: Cannot change ownership to uid 1001, gid 1001: Operation not permitted
tar: ./rust/lib/rustlib/src/rust/library/backtrace/src/symbolize/gimli/libs_illumos.rs: Cannot change ownership to uid 1001, gid 1001: Operation not permitted
tar: ./rust/lib/rustlib/src/rust/library/backtrace/src/symbolize/gimli/libs_macos.rs: Cannot change ownership to uid 1001, gid 1001: Operation not permitted
tar: ./rust/lib/rustlib/src/rust/library/backtrace/src/symbolize/gimli/coff.rs: Cannot change ownership to uid 1001, gid 1001: Operation not permitted
tar: ./rust/lib/rustlib/src/rust/library/backtrace/src/symbolize/gimli: Cannot change ownership to uid 1001, gid 1001: Operation not permitted
tar: ./rust/lib/rustlib/src/rust/library/backtrace/src/symbolize/miri.rs: Cannot change ownership to uid 1001, gid 1001: Operation not permitted
tar: ./rust/lib/rustlib/src/rust/library/backtrace/src/symbolize/gimli.rs: Cannot change ownership to uid 1001, gid 1001: Operation not permitted
tar: ./rust/lib/rustlib/src/rust/library/backtrace/src/symbolize/dbghelp.rs: Cannot change ownership to uid 1001, gid 1001: Operation not permitted
tar: ./rust/lib/rustlib/src/rust/library/backtrace/src/symbolize: Cannot change ownership to uid 1001, gid 1001: Operation not permitted
tar: ./rust/lib/rustlib/src/rust/library/backtrace/src/backtrace/dbghelp32.rs: Cannot change ownership to uid 1001, gid 1001: Operation not permitted
tar: ./rust/lib/rustlib/src/rust/library/backtrace/src/backtrace/noop.rs: Cannot change ownership to uid 1001, gid 1001: Operation not permitted
tar: ./rust/lib/rustlib/src/rust/library/backtrace/src/backtrace/mod.rs: Cannot change ownership to uid 1001, gid 1001: Operation not permitted
tar: ./rust/lib/rustlib/src/rust/library/backtrace/src/backtrace/libunwind.rs: Cannot change ownership to uid 1001, gid 1001: Operation not permitted
tar: ./rust/lib/rustlib/src/rust/library/backtrace/src/backtrace/miri.rs: Cannot change ownership to uid 1001, gid 1001: Operation not permitted
tar: ./rust/lib/rustlib/src/rust/library/backtrace/src/backtrace/dbghelp64.rs: Cannot change ownership to uid 1001, gid 1001: Operation not permitted
tar: ./rust/lib/rustlib/src/rust/library/backtrace/src/backtrace: Cannot change ownership to uid 1001, gid 1001: Operation not permitted
tar: ./rust/lib/rustlib/src/rust/library/backtrace/src/print/fuchsia.rs: Cannot change ownership to uid 1001, gid 1001: Operation not permitted
tar: ./rust/lib/rustlib/src/rust/library/backtrace/src/print: Cannot change ownership to uid 1001, gid 1001: Operation not permitted
tar: ./rust/lib/rustlib/src/rust/library/backtrace/src/capture.rs: Cannot change ownership to uid 1001, gid 1001: Operation not permitted
tar: ./rust/lib/rustlib/src/rust/library/backtrace/src/lib.rs: Cannot change ownership to uid 1001, gid 1001: Operation not permitted
tar: ./rust/lib/rustlib/src/rust/library/backtrace/src/print.rs: Cannot change ownership to uid 1001, gid 1001: Operation not permitted
tar: ./rust/lib/rustlib/src/rust/library/backtrace/src/dbghelp.rs: Cannot change ownership to uid 1001, gid 1001: Operation not permitted
tar: ./rust/lib/rustlib/src/rust/library/backtrace/src/windows_sys.rs: Cannot change ownership to uid 1001, gid 1001: Operation not permitted
tar: ./rust/lib/rustlib/src/rust/library/backtrace/src: Cannot change ownership to uid 1001, gid 1001: Operation not permitted
tar: ./rust/lib/rustlib/src/rust/library/backtrace/ci/runtest-android.rs: Cannot change ownership to uid 1001, gid 1001: Operation not permitted
tar: ./rust/lib/rustlib/src/rust/library/backtrace/ci/android-sdk.sh: Cannot change ownership to uid 1001, gid 1001: Operation not permitted
tar: ./rust/lib/rustlib/src/rust/library/backtrace/ci/debuglink.sh: Cannot change ownership to uid 1001, gid 1001: Operation not permitted
tar: ./rust/lib/rustlib/src/rust/library/backtrace/ci/run-docker.sh: Cannot change ownership to uid 1001, gid 1001: Operation not permitted
tar: ./rust/lib/rustlib/src/rust/library/backtrace/ci/android-ndk.sh: Cannot change ownership to uid 1001, gid 1001: Operation not permitted
tar: ./rust/lib/rustlib/src/rust/library/backtrace/ci/debuglink-docker.sh: Cannot change ownership to uid 1001, gid 1001: Operation not permitted
tar: ./rust/lib/rustlib/src/rust/library/backtrace/ci/run.sh: Cannot change ownership to uid 1001, gid 1001: Operation not permitted
tar: ./rust/lib/rustlib/src/rust/library/backtrace/ci/docker/i586-unknown-linux-gnu/Dockerfile: Cannot change ownership to uid 1001, gid 1001: Operation not permitted
tar: ./rust/lib/rustlib/src/rust/library/backtrace/ci/docker/i586-unknown-linux-gnu: Cannot change ownership to uid 1001, gid 1001: Operation not permitted
tar: ./rust/lib/rustlib/src/rust/library/backtrace/ci/docker/aarch64-linux-android/Dockerfile: Cannot change ownership to uid 1001, gid 1001: Operation not permitted
tar: ./rust/lib/rustlib/src/rust/library/backtrace/ci/docker/aarch64-linux-android: Cannot change ownership to uid 1001, gid 1001: Operation not permitted
tar: ./rust/lib/rustlib/src/rust/library/backtrace/ci/docker/powerpc64-unknown-linux-gnu/Dockerfile: Cannot change ownership to uid 1001, gid 1001: Operation not permitted
tar: ./rust/lib/rustlib/src/rust/library/backtrace/ci/docker/powerpc64-unknown-linux-gnu: Cannot change ownership to uid 1001, gid 1001: Operation not permitted
tar: ./rust/lib/rustlib/src/rust/library/backtrace/ci/docker/i686-unknown-linux-gnu/Dockerfile: Cannot change ownership to uid 1001, gid 1001: Operation not permitted
tar: ./rust/lib/rustlib/src/rust/library/backtrace/ci/docker/i686-unknown-linux-gnu: Cannot change ownership to uid 1001, gid 1001: Operation not permitted
tar: ./rust/lib/rustlib/src/rust/library/backtrace/ci/docker/arm-unknown-linux-gnueabihf/Dockerfile: Cannot change ownership to uid 1001, gid 1001: Operation not permitted
tar: ./rust/lib/rustlib/src/rust/library/backtrace/ci/docker/arm-unknown-linux-gnueabihf: Cannot change ownership to uid 1001, gid 1001: Operation not permitted
tar: ./rust/lib/rustlib/src/rust/library/backtrace/ci/docker/x86_64-linux-android/Dockerfile: Cannot change ownership to uid 1001, gid 1001: Operation not permitted
tar: ./rust/lib/rustlib/src/rust/library/backtrace/ci/docker/x86_64-linux-android: Cannot change ownership to uid 1001, gid 1001: Operation not permitted
tar: ./rust/lib/rustlib/src/rust/library/backtrace/ci/docker/armv7-linux-androideabi/Dockerfile: Cannot change ownership to uid 1001, gid 1001: Operation not permitted
tar: ./rust/lib/rustlib/src/rust/library/backtrace/ci/docker/armv7-linux-androideabi: Cannot change ownership to uid 1001, gid 1001: Operation not permitted
tar: ./rust/lib/rustlib/src/rust/library/backtrace/ci/docker/armv7-unknown-linux-gnueabihf/Dockerfile: Cannot change ownership to uid 1001, gid 1001: Operation not permitted
tar: ./rust/lib/rustlib/src/rust/library/backtrace/ci/docker/armv7-unknown-linux-gnueabihf: Cannot change ownership to uid 1001, gid 1001: Operation not permitted
tar: ./rust/lib/rustlib/src/rust/library/backtrace/ci/docker/i686-linux-android/Dockerfile: Cannot change ownership to uid 1001, gid 1001: Operation not permitted
tar: ./rust/lib/rustlib/src/rust/library/backtrace/ci/docker/i686-linux-android: Cannot change ownership to uid 1001, gid 1001: Operation not permitted
tar: ./rust/lib/rustlib/src/rust/library/backtrace/ci/docker/x86_64-unknown-linux-gnu/Dockerfile: Cannot change ownership to uid 1001, gid 1001: Operation not permitted
tar: ./rust/lib/rustlib/src/rust/library/backtrace/ci/docker/x86_64-unknown-linux-gnu: Cannot change ownership to uid 1001, gid 1001: Operation not permitted
tar: ./rust/lib/rustlib/src/rust/library/backtrace/ci/docker/s390x-unknown-linux-gnu/Dockerfile: Cannot change ownership to uid 1001, gid 1001: Operation not permitted
tar: ./rust/lib/rustlib/src/rust/library/backtrace/ci/docker/s390x-unknown-linux-gnu: Cannot change ownership to uid 1001, gid 1001: Operation not permitted
tar: ./rust/lib/rustlib/src/rust/library/backtrace/ci/docker/x86_64-pc-windows-gnu/Dockerfile: Cannot change ownership to uid 1001, gid 1001: Operation not permitted
tar: ./rust/lib/rustlib/src/rust/library/backtrace/ci/docker/x86_64-pc-windows-gnu: Cannot change ownership to uid 1001, gid 1001: Operation not permitted
tar: ./rust/lib/rustlib/src/rust/library/backtrace/ci/docker/x86_64-unknown-linux-musl/Dockerfile: Cannot change ownership to uid 1001, gid 1001: Operation not permitted
tar: ./rust/lib/rustlib/src/rust/library/backtrace/ci/docker/x86_64-unknown-linux-musl: Cannot change ownership to uid 1001, gid 1001: Operation not permitted
tar: ./rust/lib/rustlib/src/rust/library/backtrace/ci/docker/arm-linux-androideabi/Dockerfile: Cannot change ownership to uid 1001, gid 1001: Operation not permitted
tar: ./rust/lib/rustlib/src/rust/library/backtrace/ci/docker/arm-linux-androideabi: Cannot change ownership to uid 1001, gid 1001: Operation not permitted
tar: ./rust/lib/rustlib/src/rust/library/backtrace/ci/docker/aarch64-unknown-linux-gnu/Dockerfile: Cannot change ownership to uid 1001, gid 1001: Operation not permitted
tar: ./rust/lib/rustlib/src/rust/library/backtrace/ci/docker/aarch64-unknown-linux-gnu: Cannot change ownership to uid 1001, gid 1001: Operation not permitted
tar: ./rust/lib/rustlib/src/rust/library/backtrace/ci/docker: Cannot change ownership to uid 1001, gid 1001: Operation not permitted
tar: ./rust/lib/rustlib/src/rust/library/backtrace/ci: Cannot change ownership to uid 1001, gid 1001: Operation not permitted
tar: ./rust/lib/rustlib/src/rust/library/backtrace/.github/actions/report-code-size-changes/action.yml: Cannot change ownership to uid 1001, gid 1001: Operation not permitted
tar: ./rust/lib/rustlib/src/rust/library/backtrace/.github/actions/report-code-size-changes: Cannot change ownership to uid 1001, gid 1001: Operation not permitted
tar: ./rust/lib/rustlib/src/rust/library/backtrace/.github/actions/build-with-patched-std/action.yml: Cannot change ownership to uid 1001, gid 1001: Operation not permitted
tar: ./rust/lib/rustlib/src/rust/library/backtrace/.github/actions/build-with-patched-std: Cannot change ownership to uid 1001, gid 1001: Operation not permitted
tar: ./rust/lib/rustlib/src/rust/library/backtrace/.github/actions: Cannot change ownership to uid 1001, gid 1001: Operation not permitted
tar: ./rust/lib/rustlib/src/rust/library/backtrace/.github/workflows/main.yml: Cannot change ownership to uid 1001, gid 1001: Operation not permitted
tar: ./rust/lib/rustlib/src/rust/library/backtrace/.github/workflows/check-binary-size.yml: Cannot change ownership to uid 1001, gid 1001: Operation not permitted
tar: ./rust/lib/rustlib/src/rust/library/backtrace/.github/workflows: Cannot change ownership to uid 1001, gid 1001: Operation not permitted
tar: ./rust/lib/rustlib/src/rust/library/backtrace/.github: Cannot change ownership to uid 1001, gid 1001: Operation not permitted
tar: ./rust/lib/rustlib/src/rust/library/backtrace/Cargo.lock: Cannot change ownership to uid 1001, gid 1001: Operation not permitted
tar: ./rust/lib/rustlib/src/rust/library/backtrace/tests/current-exe-mismatch.rs: Cannot change ownership to uid 1001, gid 1001: Operation not permitted
tar: ./rust/lib/rustlib/src/rust/library/backtrace/tests/long_fn_name.rs: Cannot change ownership to uid 1001, gid 1001: Operation not permitted
tar: ./rust/lib/rustlib/src/rust/library/backtrace/tests/accuracy/auxiliary.rs: Cannot change ownership to uid 1001, gid 1001: Operation not permitted
tar: ./rust/lib/rustlib/src/rust/library/backtrace/tests/accuracy/main.rs: Cannot change ownership to uid 1001, gid 1001: Operation not permitted
tar: ./rust/lib/rustlib/src/rust/library/backtrace/tests/accuracy: Cannot change ownership to uid 1001, gid 1001: Operation not permitted
tar: ./rust/lib/rustlib/src/rust/library/backtrace/tests/common/mod.rs: Cannot change ownership to uid 1001, gid 1001: Operation not permitted
tar: ./rust/lib/rustlib/src/rust/library/backtrace/tests/common: Cannot change ownership to uid 1001, gid 1001: Operation not permitted
tar: ./rust/lib/rustlib/src/rust/library/backtrace/tests/skip_inner_frames.rs: Cannot change ownership to uid 1001, gid 1001: Operation not permitted
tar: ./rust/lib/rustlib/src/rust/library/backtrace/tests/concurrent-panics.rs: Cannot change ownership to uid 1001, gid 1001: Operation not permitted
tar: ./rust/lib/rustlib/src/rust/library/backtrace/tests/smoke.rs: Cannot change ownership to uid 1001, gid 1001: Operation not permitted
tar: ./rust/lib/rustlib/src/rust/library/backtrace/tests/sgx-image-base.rs: Cannot change ownership to uid 1001, gid 1001: Operation not permitted
tar: ./rust/lib/rustlib/src/rust/library/backtrace/tests: Cannot change ownership to uid 1001, gid 1001: Operation not permitted
tar: ./rust/lib/rustlib/src/rust/library/backtrace/README.md: Cannot change ownership to uid 1001, gid 1001: Operation not permitted
tar: ./rust/lib/rustlib/src/rust/library/backtrace/benches/benchmarks.rs: Cannot change ownership to uid 1001, gid 1001: Operation not permitted
tar: ./rust/lib/rustlib/src/rust/library/backtrace/benches: Cannot change ownership to uid 1001, gid 1001: Operation not permitted
tar: ./rust/lib/rustlib/src/rust/library/backtrace: Cannot change ownership to uid 1001, gid 1001: Operation not permitted
tar: ./rust/lib/rustlib/src/rust/library/rustc-std-workspace-std/Cargo.toml: Cannot change ownership to uid 1001, gid 1001: Operation not permitted
tar: ./rust/lib/rustlib/src/rust/library/rustc-std-workspace-std/lib.rs: Cannot change ownership to uid 1001, gid 1001: Operation not permitted
tar: ./rust/lib/rustlib/src/rust/library/rustc-std-workspace-std/README.md: Cannot change ownership to uid 1001, gid 1001: Operation not permitted
tar: ./rust/lib/rustlib/src/rust/library/rustc-std-workspace-std: Cannot change ownership to uid 1001, gid 1001: Operation not permitted
tar: ./rust/lib/rustlib/src/rust/library/unwind/Cargo.toml: Cannot change ownership to uid 1001, gid 1001: Operation not permitted
tar: ./rust/lib/rustlib/src/rust/library/unwind/src/unwinding.rs: Cannot change ownership to uid 1001, gid 1001: Operation not permitted
tar: ./rust/lib/rustlib/src/rust/library/unwind/src/wasm.rs: Cannot change ownership to uid 1001, gid 1001: Operation not permitted
tar: ./rust/lib/rustlib/src/rust/library/unwind/src/libunwind.rs: Cannot change ownership to uid 1001, gid 1001: Operation not permitted
tar: ./rust/lib/rustlib/src/rust/library/unwind/src/lib.rs: Cannot change ownership to uid 1001, gid 1001: Operation not permitted
tar: ./rust/lib/rustlib/src/rust/library/unwind/src: Cannot change ownership to uid 1001, gid 1001: Operation not permitted
tar: ./rust/lib/rustlib/src/rust/library/unwind: Cannot change ownership to uid 1001, gid 1001: Operation not permitted
tar: ./rust/lib/rustlib/src/rust/library/Cargo.lock: Cannot change ownership to uid 1001, gid 1001: Operation not permitted
tar: ./rust/lib/rustlib/src/rust/library/sysroot/Cargo.toml: Cannot change ownership to uid 1001, gid 1001: Operation not permitted
tar: ./rust/lib/rustlib/src/rust/library/sysroot/src/lib.rs: Cannot change ownership to uid 1001, gid 1001: Operation not permitted
tar: ./rust/lib/rustlib/src/rust/library/sysroot/src: Cannot change ownership to uid 1001, gid 1001: Operation not permitted
tar: ./rust/lib/rustlib/src/rust/library/sysroot: Cannot change ownership to uid 1001, gid 1001: Operation not permitted
tar: ./rust/lib/rustlib/src/rust/library/panic_abort/Cargo.toml: Cannot change ownership to uid 1001, gid 1001: Operation not permitted
tar: ./rust/lib/rustlib/src/rust/library/panic_abort/src/android.rs: Cannot change ownership to uid 1001, gid 1001: Operation not permitted
tar: ./rust/lib/rustlib/src/rust/library/panic_abort/src/zkvm.rs: Cannot change ownership to uid 1001, gid 1001: Operation not permitted
tar: ./rust/lib/rustlib/src/rust/library/panic_abort/src/lib.rs: Cannot change ownership to uid 1001, gid 1001: Operation not permitted
tar: ./rust/lib/rustlib/src/rust/library/panic_abort/src: Cannot change ownership to uid 1001, gid 1001: Operation not permitted
tar: ./rust/lib/rustlib/src/rust/library/panic_abort: Cannot change ownership to uid 1001, gid 1001: Operation not permitted
tar: ./rust/lib/rustlib/src/rust/library/std/Cargo.toml: Cannot change ownership to uid 1001, gid 1001: Operation not permitted
tar: ./rust/lib/rustlib/src/rust/library/std/build.rs: Cannot change ownership to uid 1001, gid 1001: Operation not permitted
tar: ./rust/lib/rustlib/src/rust/library/std/src/pipe/tests.rs: Cannot change ownership to uid 1001, gid 1001: Operation not permitted
tar: ./rust/lib/rustlib/src/rust/library/std/src/pipe: Cannot change ownership to uid 1001, gid 1001: Operation not permitted
tar: ./rust/lib/rustlib/src/rust/library/std/src/f64/tests.rs: Cannot change ownership to uid 1001, gid 1001: Operation not permitted
tar: ./rust/lib/rustlib/src/rust/library/std/src/f64: Cannot change ownership to uid 1001, gid 1001: Operation not permitted
tar: ./rust/lib/rustlib/src/rust/library/std/src/os/dragonfly/raw.rs: Cannot change ownership to uid 1001, gid 1001: Operation not permitted
tar: ./rust/lib/rustlib/src/rust/library/std/src/os/dragonfly/fs.rs: Cannot change ownership to uid 1001, gid 1001: Operation not permitted
tar: ./rust/lib/rustlib/src/rust/library/std/src/os/dragonfly/mod.rs: Cannot change ownership to uid 1001, gid 1001: Operation not permitted
tar: ./rust/lib/rustlib/src/rust/library/std/src/os/dragonfly: Cannot change ownership to uid 1001, gid 1001: Operation not permitted
tar: ./rust/lib/rustlib/src/rust/library/std/src/os/darwin/raw.rs: Cannot change ownership to uid 1001, gid 1001: Operation not permitted
tar: ./rust/lib/rustlib/src/rust/library/std/src/os/darwin/fs.rs: Cannot change ownership to uid 1001, gid 1001: Operation not permitted
tar: ./rust/lib/rustlib/src/rust/library/std/src/os/darwin/mod.rs: Cannot change ownership to uid 1001, gid 1001: Operation not permitted
tar: ./rust/lib/rustlib/src/rust/library/std/src/os/darwin: Cannot change ownership to uid 1001, gid 1001: Operation not permitted
tar: ./rust/lib/rustlib/src/rust/library/std/src/os/redox/raw.rs: Cannot change ownership to uid 1001, gid 1001: Operation not permitted
tar: ./rust/lib/rustlib/src/rust/library/std/src/os/redox/fs.rs: Cannot change ownership to uid 1001, gid 1001: Operation not permitted
tar: ./rust/lib/rustlib/src/rust/library/std/src/os/redox/mod.rs: Cannot change ownership to uid 1001, gid 1001: Operation not permitted
tar: ./rust/lib/rustlib/src/rust/library/std/src/os/redox: Cannot change ownership to uid 1001, gid 1001: Operation not permitted
tar: ./rust/lib/rustlib/src/rust/library/std/src/os/ios/mod.rs: Cannot change ownership to uid 1001, gid 1001: Operation not permitted
tar: ./rust/lib/rustlib/src/rust/library/std/src/os/ios: Cannot change ownership to uid 1001, gid 1001: Operation not permitted
tar: ./rust/lib/rustlib/src/rust/library/std/src/os/wasi/fs.rs: Cannot change ownership to uid 1001, gid 1001: Operation not permitted
tar: ./rust/lib/rustlib/src/rust/library/std/src/os/wasi/mod.rs: Cannot change ownership to uid 1001, gid 1001: Operation not permitted
tar: ./rust/lib/rustlib/src/rust/library/std/src/os/wasi/io/raw.rs: Cannot change ownership to uid 1001, gid 1001: Operation not permitted
tar: ./rust/lib/rustlib/src/rust/library/std/src/os/wasi/io/mod.rs: Cannot change ownership to uid 1001, gid 1001: Operation not permitted
tar: ./rust/lib/rustlib/src/rust/library/std/src/os/wasi/io/fd.rs: Cannot change ownership to uid 1001, gid 1001: Operation not permitted
tar: ./rust/lib/rustlib/src/rust/library/std/src/os/wasi/io/fd/tests.rs: Cannot change ownership to uid 1001, gid 1001: Operation not permitted
tar: ./rust/lib/rustlib/src/rust/library/std/src/os/wasi/io/fd: Cannot change ownership to uid 1001, gid 1001: Operation not permitted
tar: ./rust/lib/rustlib/src/rust/library/std/src/os/wasi/io: Cannot change ownership to uid 1001, gid 1001: Operation not permitted
tar: ./rust/lib/rustlib/src/rust/library/std/src/os/wasi/ffi.rs: Cannot change ownership to uid 1001, gid 1001: Operation not permitted
tar: ./rust/lib/rustlib/src/rust/library/std/src/os/wasi/net/mod.rs: Cannot change ownership to uid 1001, gid 1001: Operation not permitted
tar: ./rust/lib/rustlib/src/rust/library/std/src/os/wasi/net: Cannot change ownership to uid 1001, gid 1001: Operation not permitted
tar: ./rust/lib/rustlib/src/rust/library/std/src/os/wasi: Cannot change ownership to uid 1001, gid 1001: Operation not permitted
tar: ./rust/lib/rustlib/src/rust/library/std/src/os/aix/raw.rs: Cannot change ownership to uid 1001, gid 1001: Operation not permitted
tar: ./rust/lib/rustlib/src/rust/library/std/src/os/aix/fs.rs: Cannot change ownership to uid 1001, gid 1001: Operation not permitted
tar: ./rust/lib/rustlib/src/rust/library/std/src/os/aix/mod.rs: Cannot change ownership to uid 1001, gid 1001: Operation not permitted
tar: ./rust/lib/rustlib/src/rust/library/std/src/os/aix: Cannot change ownership to uid 1001, gid 1001: Operation not permitted
tar: ./rust/lib/rustlib/src/rust/library/std/src/os/nto/raw.rs: Cannot change ownership to uid 1001, gid 1001: Operation not permitted
tar: ./rust/lib/rustlib/src/rust/library/std/src/os/nto/fs.rs: Cannot change ownership to uid 1001, gid 1001: Operation not permitted
tar: ./rust/lib/rustlib/src/rust/library/std/src/os/nto/mod.rs: Cannot change ownership to uid 1001, gid 1001: Operation not permitted
tar: ./rust/lib/rustlib/src/rust/library/std/src/os/nto: Cannot change ownership to uid 1001, gid 1001: Operation not permitted
tar: ./rust/lib/rustlib/src/rust/library/std/src/os/wasip2/mod.rs: Cannot change ownership to uid 1001, gid 1001: Operation not permitted
tar: ./rust/lib/rustlib/src/rust/library/std/src/os/wasip2: Cannot change ownership to uid 1001, gid 1001: Operation not permitted
tar: ./rust/lib/rustlib/src/rust/library/std/src/os/vxworks/raw.rs: Cannot change ownership to uid 1001, gid 1001: Operation not permitted
tar: ./rust/lib/rustlib/src/rust/library/std/src/os/vxworks/fs.rs: Cannot change ownership to uid 1001, gid 1001: Operation not permitted
tar: ./rust/lib/rustlib/src/rust/library/std/src/os/vxworks/mod.rs: Cannot change ownership to uid 1001, gid 1001: Operation not permitted
tar: ./rust/lib/rustlib/src/rust/library/std/src/os/vxworks: Cannot change ownership to uid 1001, gid 1001: Operation not permitted
tar: ./rust/lib/rustlib/src/rust/library/std/src/os/freebsd/net.rs: Cannot change ownership to uid 1001, gid 1001: Operation not permitted
tar: ./rust/lib/rustlib/src/rust/library/std/src/os/freebsd/raw.rs: Cannot change ownership to uid 1001, gid 1001: Operation not permitted
tar: ./rust/lib/rustlib/src/rust/library/std/src/os/freebsd/fs.rs: Cannot change ownership to uid 1001, gid 1001: Operation not permitted
tar: ./rust/lib/rustlib/src/rust/library/std/src/os/freebsd/mod.rs: Cannot change ownership to uid 1001, gid 1001: Operation not permitted
tar: ./rust/lib/rustlib/src/rust/library/std/src/os/freebsd: Cannot change ownership to uid 1001, gid 1001: Operation not permitted
tar: ./rust/lib/rustlib/src/rust/library/std/src/os/fuchsia/raw.rs: Cannot change ownership to uid 1001, gid 1001: Operation not permitted
tar: ./rust/lib/rustlib/src/rust/library/std/src/os/fuchsia/fs.rs: Cannot change ownership to uid 1001, gid 1001: Operation not permitted
tar: ./rust/lib/rustlib/src/rust/library/std/src/os/fuchsia/mod.rs: Cannot change ownership to uid 1001, gid 1001: Operation not permitted
tar: ./rust/lib/rustlib/src/rust/library/std/src/os/fuchsia: Cannot change ownership to uid 1001, gid 1001: Operation not permitted
tar: ./rust/lib/rustlib/src/rust/library/std/src/os/xous/ffi/definitions.rs: Cannot change ownership to uid 1001, gid 1001: Operation not permitted
tar: ./rust/lib/rustlib/src/rust/library/std/src/os/xous/ffi/definitions/memoryflags.rs: Cannot change ownership to uid 1001, gid 1001: Operation not permitted
tar: ./rust/lib/rustlib/src/rust/library/std/src/os/xous/ffi/definitions: Cannot change ownership to uid 1001, gid 1001: Operation not permitted
tar: ./rust/lib/rustlib/src/rust/library/std/src/os/xous/ffi: Cannot change ownership to uid 1001, gid 1001: Operation not permitted
tar: ./rust/lib/rustlib/src/rust/library/std/src/os/xous/services.rs: Cannot change ownership to uid 1001, gid 1001: Operation not permitted
tar: ./rust/lib/rustlib/src/rust/library/std/src/os/xous/mod.rs: Cannot change ownership to uid 1001, gid 1001: Operation not permitted
tar: ./rust/lib/rustlib/src/rust/library/std/src/os/xous/ffi.rs: Cannot change ownership to uid 1001, gid 1001: Operation not permitted
tar: ./rust/lib/rustlib/src/rust/library/std/src/os/xous/services/net.rs: Cannot change ownership to uid 1001, gid 1001: Operation not permitted
tar: ./rust/lib/rustlib/src/rust/library/std/src/os/xous/services/systime.rs: Cannot change ownership to uid 1001, gid 1001: Operation not permitted
tar: ./rust/lib/rustlib/src/rust/library/std/src/os/xous/services/dns.rs: Cannot change ownership to uid 1001, gid 1001: Operation not permitted
tar: ./rust/lib/rustlib/src/rust/library/std/src/os/xous/services/ticktimer.rs: Cannot change ownership to uid 1001, gid 1001: Operation not permitted
tar: ./rust/lib/rustlib/src/rust/library/std/src/os/xous/services/log.rs: Cannot change ownership to uid 1001, gid 1001: Operation not permitted
tar: ./rust/lib/rustlib/src/rust/library/std/src/os/xous/services: Cannot change ownership to uid 1001, gid 1001: Operation not permitted
tar: ./rust/lib/rustlib/src/rust/library/std/src/os/xous: Cannot change ownership to uid 1001, gid 1001: Operation not permitted
tar: ./rust/lib/rustlib/src/rust/library/std/src/os/vita/raw.rs: Cannot change ownership to uid 1001, gid 1001: Operation not permitted
tar: ./rust/lib/rustlib/src/rust/library/std/src/os/vita/fs.rs: Cannot change ownership to uid 1001, gid 1001: Operation not permitted
tar: ./rust/lib/rustlib/src/rust/library/std/src/os/vita/mod.rs: Cannot change ownership to uid 1001, gid 1001: Operation not permitted
tar: ./rust/lib/rustlib/src/rust/library/std/src/os/vita: Cannot change ownership to uid 1001, gid 1001: Operation not permitted
tar: ./rust/lib/rustlib/src/rust/library/std/src/os/solid/io.rs: Cannot change ownership to uid 1001, gid 1001: Operation not permitted
tar: ./rust/lib/rustlib/src/rust/library/std/src/os/solid/mod.rs: Cannot change ownership to uid 1001, gid 1001: Operation not permitted
tar: ./rust/lib/rustlib/src/rust/library/std/src/os/solid/ffi.rs: Cannot change ownership to uid 1001, gid 1001: Operation not permitted
tar: ./rust/lib/rustlib/src/rust/library/std/src/os/solid: Cannot change ownership to uid 1001, gid 1001: Operation not permitted
tar: ./rust/lib/rustlib/src/rust/library/std/src/os/hurd/raw.rs: Cannot change ownership to uid 1001, gid 1001: Operation not permitted
tar: ./rust/lib/rustlib/src/rust/library/std/src/os/hurd/fs.rs: Cannot change ownership to uid 1001, gid 1001: Operation not permitted
tar: ./rust/lib/rustlib/src/rust/library/std/src/os/hurd/mod.rs: Cannot change ownership to uid 1001, gid 1001: Operation not permitted
tar: ./rust/lib/rustlib/src/rust/library/std/src/os/hurd: Cannot change ownership to uid 1001, gid 1001: Operation not permitted
tar: ./rust/lib/rustlib/src/rust/library/std/src/os/mod.rs: Cannot change ownership to uid 1001, gid 1001: Operation not permitted
tar: ./rust/lib/rustlib/src/rust/library/std/src/os/android/net.rs: Cannot change ownership to uid 1001, gid 1001: Operation not permitted
tar: ./rust/lib/rustlib/src/rust/library/std/src/os/android/raw.rs: Cannot change ownership to uid 1001, gid 1001: Operation not permitted
tar: ./rust/lib/rustlib/src/rust/library/std/src/os/android/fs.rs: Cannot change ownership to uid 1001, gid 1001: Operation not permitted
tar: ./rust/lib/rustlib/src/rust/library/std/src/os/android/mod.rs: Cannot change ownership to uid 1001, gid 1001: Operation not permitted
tar: ./rust/lib/rustlib/src/rust/library/std/src/os/android: Cannot change ownership to uid 1001, gid 1001: Operation not permitted
tar: ./rust/lib/rustlib/src/rust/library/std/src/os/macos/mod.rs: Cannot change ownership to uid 1001, gid 1001: Operation not permitted
tar: ./rust/lib/rustlib/src/rust/library/std/src/os/macos: Cannot change ownership to uid 1001, gid 1001: Operation not permitted
tar: ./rust/lib/rustlib/src/rust/library/std/src/os/netbsd/net.rs: Cannot change ownership to uid 1001, gid 1001: Operation not permitted
tar: ./rust/lib/rustlib/src/rust/library/std/src/os/netbsd/raw.rs: Cannot change ownership to uid 1001, gid 1001: Operation not permitted
tar: ./rust/lib/rustlib/src/rust/library/std/src/os/netbsd/fs.rs: Cannot change ownership to uid 1001, gid 1001: Operation not permitted
tar: ./rust/lib/rustlib/src/rust/library/std/src/os/netbsd/mod.rs: Cannot change ownership to uid 1001, gid 1001: Operation not permitted
tar: ./rust/lib/rustlib/src/rust/library/std/src/os/netbsd: Cannot change ownership to uid 1001, gid 1001: Operation not permitted
tar: ./rust/lib/rustlib/src/rust/library/std/src/os/illumos/raw.rs: Cannot change ownership to uid 1001, gid 1001: Operation not permitted
tar: ./rust/lib/rustlib/src/rust/library/std/src/os/illumos/fs.rs: Cannot change ownership to uid 1001, gid 1001: Operation not permitted
tar: ./rust/lib/rustlib/src/rust/library/std/src/os/illumos/mod.rs: Cannot change ownership to uid 1001, gid 1001: Operation not permitted
tar: ./rust/lib/rustlib/src/rust/library/std/src/os/illumos: Cannot change ownership to uid 1001, gid 1001: Operation not permitted
tar: ./rust/lib/rustlib/src/rust/library/std/src/os/windows/raw.rs: Cannot change ownership to uid 1001, gid 1001: Operation not permitted
tar: ./rust/lib/rustlib/src/rust/library/std/src/os/windows/fs.rs: Cannot change ownership to uid 1001, gid 1001: Operation not permitted
tar: ./rust/lib/rustlib/src/rust/library/std/src/os/windows/thread.rs: Cannot change ownership to uid 1001, gid 1001: Operation not permitted
tar: ./rust/lib/rustlib/src/rust/library/std/src/os/windows/mod.rs: Cannot change ownership to uid 1001, gid 1001: Operation not permitted
tar: ./rust/lib/rustlib/src/rust/library/std/src/os/windows/io/raw.rs: Cannot change ownership to uid 1001, gid 1001: Operation not permitted
tar: ./rust/lib/rustlib/src/rust/library/std/src/os/windows/io/socket.rs: Cannot change ownership to uid 1001, gid 1001: Operation not permitted
tar: ./rust/lib/rustlib/src/rust/library/std/src/os/windows/io/mod.rs: Cannot change ownership to uid 1001, gid 1001: Operation not permitted
tar: ./rust/lib/rustlib/src/rust/library/std/src/os/windows/io/handle.rs: Cannot change ownership to uid 1001, gid 1001: Operation not permitted
tar: ./rust/lib/rustlib/src/rust/library/std/src/os/windows/io/tests.rs: Cannot change ownership to uid 1001, gid 1001: Operation not permitted
tar: ./rust/lib/rustlib/src/rust/library/std/src/os/windows/io: Cannot change ownership to uid 1001, gid 1001: Operation not permitted
tar: ./rust/lib/rustlib/src/rust/library/std/src/os/windows/ffi.rs: Cannot change ownership to uid 1001, gid 1001: Operation not permitted
tar: ./rust/lib/rustlib/src/rust/library/std/src/os/windows/process.rs: Cannot change ownership to uid 1001, gid 1001: Operation not permitted
tar: ./rust/lib/rustlib/src/rust/library/std/src/os/windows: Cannot change ownership to uid 1001, gid 1001: Operation not permitted
tar: ./rust/lib/rustlib/src/rust/library/std/src/os/fortanix_sgx/io.rs: Cannot change ownership to uid 1001, gid 1001: Operation not permitted
tar: ./rust/lib/rustlib/src/rust/library/std/src/os/fortanix_sgx/arch.rs: Cannot change ownership to uid 1001, gid 1001: Operation not permitted
tar: ./rust/lib/rustlib/src/rust/library/std/src/os/fortanix_sgx/mod.rs: Cannot change ownership to uid 1001, gid 1001: Operation not permitted
tar: ./rust/lib/rustlib/src/rust/library/std/src/os/fortanix_sgx/ffi.rs: Cannot change ownership to uid 1001, gid 1001: Operation not permitted
tar: ./rust/lib/rustlib/src/rust/library/std/src/os/fortanix_sgx: Cannot change ownership to uid 1001, gid 1001: Operation not permitted
tar: ./rust/lib/rustlib/src/rust/library/std/src/os/espidf/raw.rs: Cannot change ownership to uid 1001, gid 1001: Operation not permitted
tar: ./rust/lib/rustlib/src/rust/library/std/src/os/espidf/fs.rs: Cannot change ownership to uid 1001, gid 1001: Operation not permitted
tar: ./rust/lib/rustlib/src/rust/library/std/src/os/espidf/mod.rs: Cannot change ownership to uid 1001, gid 1001: Operation not permitted
tar: ./rust/lib/rustlib/src/rust/library/std/src/os/espidf: Cannot change ownership to uid 1001, gid 1001: Operation not permitted
tar: ./rust/lib/rustlib/src/rust/library/std/src/os/haiku/raw.rs: Cannot change ownership to uid 1001, gid 1001: Operation not permitted
tar: ./rust/lib/rustlib/src/rust/library/std/src/os/haiku/fs.rs: Cannot change ownership to uid 1001, gid 1001: Operation not permitted
tar: ./rust/lib/rustlib/src/rust/library/std/src/os/haiku/mod.rs: Cannot change ownership to uid 1001, gid 1001: Operation not permitted
tar: ./rust/lib/rustlib/src/rust/library/std/src/os/haiku: Cannot change ownership to uid 1001, gid 1001: Operation not permitted
tar: ./rust/lib/rustlib/src/rust/library/std/src/os/uefi/env.rs: Cannot change ownership to uid 1001, gid 1001: Operation not permitted
tar: ./rust/lib/rustlib/src/rust/library/std/src/os/uefi/mod.rs: Cannot change ownership to uid 1001, gid 1001: Operation not permitted
tar: ./rust/lib/rustlib/src/rust/library/std/src/os/uefi: Cannot change ownership to uid 1001, gid 1001: Operation not permitted
tar: ./rust/lib/rustlib/src/rust/library/std/src/os/linux/net.rs: Cannot change ownership to uid 1001, gid 1001: Operation not permitted
tar: ./rust/lib/rustlib/src/rust/library/std/src/os/linux/raw.rs: Cannot change ownership to uid 1001, gid 1001: Operation not permitted
tar: ./rust/lib/rustlib/src/rust/library/std/src/os/linux/fs.rs: Cannot change ownership to uid 1001, gid 1001: Operation not permitted
tar: ./rust/lib/rustlib/src/rust/library/std/src/os/linux/mod.rs: Cannot change ownership to uid 1001, gid 1001: Operation not permitted
tar: ./rust/lib/rustlib/src/rust/library/std/src/os/linux/process.rs: Cannot change ownership to uid 1001, gid 1001: Operation not permitted
tar: ./rust/lib/rustlib/src/rust/library/std/src/os/linux: Cannot change ownership to uid 1001, gid 1001: Operation not permitted
tar: ./rust/lib/rustlib/src/rust/library/std/src/os/rtems/raw.rs: Cannot change ownership to uid 1001, gid 1001: Operation not permitted
tar: ./rust/lib/rustlib/src/rust/library/std/src/os/rtems/fs.rs: Cannot change ownership to uid 1001, gid 1001: Operation not permitted
tar: ./rust/lib/rustlib/src/rust/library/std/src/os/rtems/mod.rs: Cannot change ownership to uid 1001, gid 1001: Operation not permitted
tar: ./rust/lib/rustlib/src/rust/library/std/src/os/rtems: Cannot change ownership to uid 1001, gid 1001: Operation not permitted
tar: ./rust/lib/rustlib/src/rust/library/std/src/os/solaris/raw.rs: Cannot change ownership to uid 1001, gid 1001: Operation not permitted
tar: ./rust/lib/rustlib/src/rust/library/std/src/os/solaris/fs.rs: Cannot change ownership to uid 1001, gid 1001: Operation not permitted
tar: ./rust/lib/rustlib/src/rust/library/std/src/os/solaris/mod.rs: Cannot change ownership to uid 1001, gid 1001: Operation not permitted
tar: ./rust/lib/rustlib/src/rust/library/std/src/os/solaris: Cannot change ownership to uid 1001, gid 1001: Operation not permitted
tar: ./rust/lib/rustlib/src/rust/library/std/src/os/hermit/mod.rs: Cannot change ownership to uid 1001, gid 1001: Operation not permitted
tar: ./rust/lib/rustlib/src/rust/library/std/src/os/hermit/io/net.rs: Cannot change ownership to uid 1001, gid 1001: Operation not permitted
tar: ./rust/lib/rustlib/src/rust/library/std/src/os/hermit/io/mod.rs: Cannot change ownership to uid 1001, gid 1001: Operation not permitted
tar: ./rust/lib/rustlib/src/rust/library/std/src/os/hermit/io: Cannot change ownership to uid 1001, gid 1001: Operation not permitted
tar: ./rust/lib/rustlib/src/rust/library/std/src/os/hermit/ffi.rs: Cannot change ownership to uid 1001, gid 1001: Operation not permitted
tar: ./rust/lib/rustlib/src/rust/library/std/src/os/hermit: Cannot change ownership to uid 1001, gid 1001: Operation not permitted
tar: ./rust/lib/rustlib/src/rust/library/std/src/os/fd/net.rs: Cannot change ownership to uid 1001, gid 1001: Operation not permitted
tar: ./rust/lib/rustlib/src/rust/library/std/src/os/fd/raw.rs: Cannot change ownership to uid 1001, gid 1001: Operation not permitted
tar: ./rust/lib/rustlib/src/rust/library/std/src/os/fd/mod.rs: Cannot change ownership to uid 1001, gid 1001: Operation not permitted
tar: ./rust/lib/rustlib/src/rust/library/std/src/os/fd/owned.rs: Cannot change ownership to uid 1001, gid 1001: Operation not permitted
tar: ./rust/lib/rustlib/src/rust/library/std/src/os/fd/tests.rs: Cannot change ownership to uid 1001, gid 1001: Operation not permitted
tar: ./rust/lib/rustlib/src/rust/library/std/src/os/fd: Cannot change ownership to uid 1001, gid 1001: Operation not permitted
tar: ./rust/lib/rustlib/src/rust/library/std/src/os/horizon/raw.rs: Cannot change ownership to uid 1001, gid 1001: Operation not permitted
tar: ./rust/lib/rustlib/src/rust/library/std/src/os/horizon/fs.rs: Cannot change ownership to uid 1001, gid 1001: Operation not permitted
tar: ./rust/lib/rustlib/src/rust/library/std/src/os/horizon/mod.rs: Cannot change ownership to uid 1001, gid 1001: Operation not permitted
tar: ./rust/lib/rustlib/src/rust/library/std/src/os/horizon: Cannot change ownership to uid 1001, gid 1001: Operation not permitted
tar: ./rust/lib/rustlib/src/rust/library/std/src/os/openbsd/raw.rs: Cannot change ownership to uid 1001, gid 1001: Operation not permitted
tar: ./rust/lib/rustlib/src/rust/library/std/src/os/openbsd/fs.rs: Cannot change ownership to uid 1001, gid 1001: Operation not permitted
tar: ./rust/lib/rustlib/src/rust/library/std/src/os/openbsd/mod.rs: Cannot change ownership to uid 1001, gid 1001: Operation not permitted
tar: ./rust/lib/rustlib/src/rust/library/std/src/os/openbsd: Cannot change ownership to uid 1001, gid 1001: Operation not permitted
tar: ./rust/lib/rustlib/src/rust/library/std/src/os/l4re/raw.rs: Cannot change ownership to uid 1001, gid 1001: Operation not permitted
tar: ./rust/lib/rustlib/src/rust/library/std/src/os/l4re/fs.rs: Cannot change ownership to uid 1001, gid 1001: Operation not permitted
tar: ./rust/lib/rustlib/src/rust/library/std/src/os/l4re/mod.rs: Cannot change ownership to uid 1001, gid 1001: Operation not permitted
tar: ./rust/lib/rustlib/src/rust/library/std/src/os/l4re: Cannot change ownership to uid 1001, gid 1001: Operation not permitted
tar: ./rust/lib/rustlib/src/rust/library/std/src/os/net/linux_ext/addr.rs: Cannot change ownership to uid 1001, gid 1001: Operation not permitted
tar: ./rust/lib/rustlib/src/rust/library/std/src/os/net/linux_ext/socket.rs: Cannot change ownership to uid 1001, gid 1001: Operation not permitted
tar: ./rust/lib/rustlib/src/rust/library/std/src/os/net/linux_ext/tcp.rs: Cannot change ownership to uid 1001, gid 1001: Operation not permitted
tar: ./rust/lib/rustlib/src/rust/library/std/src/os/net/linux_ext/mod.rs: Cannot change ownership to uid 1001, gid 1001: Operation not permitted
tar: ./rust/lib/rustlib/src/rust/library/std/src/os/net/linux_ext/tests.rs: Cannot change ownership to uid 1001, gid 1001: Operation not permitted
tar: ./rust/lib/rustlib/src/rust/library/std/src/os/net/linux_ext: Cannot change ownership to uid 1001, gid 1001: Operation not permitted
tar: ./rust/lib/rustlib/src/rust/library/std/src/os/net/mod.rs: Cannot change ownership to uid 1001, gid 1001: Operation not permitted
tar: ./rust/lib/rustlib/src/rust/library/std/src/os/net: Cannot change ownership to uid 1001, gid 1001: Operation not permitted
tar: ./rust/lib/rustlib/src/rust/library/std/src/os/raw/mod.rs: Cannot change ownership to uid 1001, gid 1001: Operation not permitted
tar: ./rust/lib/rustlib/src/rust/library/std/src/os/raw/tests.rs: Cannot change ownership to uid 1001, gid 1001: Operation not permitted
tar: ./rust/lib/rustlib/src/rust/library/std/src/os/raw: Cannot change ownership to uid 1001, gid 1001: Operation not permitted
tar: ./rust/lib/rustlib/src/rust/library/std/src/os/unix/ffi/mod.rs: Cannot change ownership to uid 1001, gid 1001: Operation not permitted
tar: ./rust/lib/rustlib/src/rust/library/std/src/os/unix/ffi/os_str.rs: Cannot change ownership to uid 1001, gid 1001: Operation not permitted
tar: ./rust/lib/rustlib/src/rust/library/std/src/os/unix/ffi: Cannot change ownership to uid 1001, gid 1001: Operation not permitted
tar: ./rust/lib/rustlib/src/rust/library/std/src/os/unix/raw.rs: Cannot change ownership to uid 1001, gid 1001: Operation not permitted
tar: ./rust/lib/rustlib/src/rust/library/std/src/os/unix/fs/tests.rs: Cannot change ownership to uid 1001, gid 1001: Operation not permitted
tar: ./rust/lib/rustlib/src/rust/library/std/src/os/unix/fs: Cannot change ownership to uid 1001, gid 1001: Operation not permitted
tar: ./rust/lib/rustlib/src/rust/library/std/src/os/unix/fs.rs: Cannot change ownership to uid 1001, gid 1001: Operation not permitted
tar: ./rust/lib/rustlib/src/rust/library/std/src/os/unix/thread.rs: Cannot change ownership to uid 1001, gid 1001: Operation not permitted
tar: ./rust/lib/rustlib/src/rust/library/std/src/os/unix/mod.rs: Cannot change ownership to uid 1001, gid 1001: Operation not permitted
tar: ./rust/lib/rustlib/src/rust/library/std/src/os/unix/io/mod.rs: Cannot change ownership to uid 1001, gid 1001: Operation not permitted
tar: ./rust/lib/rustlib/src/rust/library/std/src/os/unix/io/tests.rs: Cannot change ownership to uid 1001, gid 1001: Operation not permitted
tar: ./rust/lib/rustlib/src/rust/library/std/src/os/unix/io: Cannot change ownership to uid 1001, gid 1001: Operation not permitted
tar: ./rust/lib/rustlib/src/rust/library/std/src/os/unix/net/addr.rs: Cannot change ownership to uid 1001, gid 1001: Operation not permitted
tar: ./rust/lib/rustlib/src/rust/library/std/src/os/unix/net/ucred/tests.rs: Cannot change ownership to uid 1001, gid 1001: Operation not permitted
tar: ./rust/lib/rustlib/src/rust/library/std/src/os/unix/net/ucred: Cannot change ownership to uid 1001, gid 1001: Operation not permitted
tar: ./rust/lib/rustlib/src/rust/library/std/src/os/unix/net/mod.rs: Cannot change ownership to uid 1001, gid 1001: Operation not permitted
tar: ./rust/lib/rustlib/src/rust/library/std/src/os/unix/net/ucred.rs: Cannot change ownership to uid 1001, gid 1001: Operation not permitted
tar: ./rust/lib/rustlib/src/rust/library/std/src/os/unix/net/ancillary.rs: Cannot change ownership to uid 1001, gid 1001: Operation not permitted
tar: ./rust/lib/rustlib/src/rust/library/std/src/os/unix/net/listener.rs: Cannot change ownership to uid 1001, gid 1001: Operation not permitted
tar: ./rust/lib/rustlib/src/rust/library/std/src/os/unix/net/stream.rs: Cannot change ownership to uid 1001, gid 1001: Operation not permitted
tar: ./rust/lib/rustlib/src/rust/library/std/src/os/unix/net/datagram.rs: Cannot change ownership to uid 1001, gid 1001: Operation not permitted
tar: ./rust/lib/rustlib/src/rust/library/std/src/os/unix/net/tests.rs: Cannot change ownership to uid 1001, gid 1001: Operation not permitted
tar: ./rust/lib/rustlib/src/rust/library/std/src/os/unix/net: Cannot change ownership to uid 1001, gid 1001: Operation not permitted
tar: ./rust/lib/rustlib/src/rust/library/std/src/os/unix/process.rs: Cannot change ownership to uid 1001, gid 1001: Operation not permitted
tar: ./rust/lib/rustlib/src/rust/library/std/src/os/unix: Cannot change ownership to uid 1001, gid 1001: Operation not permitted
tar: ./rust/lib/rustlib/src/rust/library/std/src/os/emscripten/raw.rs: Cannot change ownership to uid 1001, gid 1001: Operation not permitted
tar: ./rust/lib/rustlib/src/rust/library/std/src/os/emscripten/fs.rs: Cannot change ownership to uid 1001, gid 1001: Operation not permitted
tar: ./rust/lib/rustlib/src/rust/library/std/src/os/emscripten/mod.rs: Cannot change ownership to uid 1001, gid 1001: Operation not permitted
tar: ./rust/lib/rustlib/src/rust/library/std/src/os/emscripten: Cannot change ownership to uid 1001, gid 1001: Operation not permitted
tar: ./rust/lib/rustlib/src/rust/library/std/src/os/nuttx/raw.rs: Cannot change ownership to uid 1001, gid 1001: Operation not permitted
tar: ./rust/lib/rustlib/src/rust/library/std/src/os/nuttx/fs.rs: Cannot change ownership to uid 1001, gid 1001: Operation not permitted
tar: ./rust/lib/rustlib/src/rust/library/std/src/os/nuttx/mod.rs: Cannot change ownership to uid 1001, gid 1001: Operation not permitted
tar: ./rust/lib/rustlib/src/rust/library/std/src/os/nuttx: Cannot change ownership to uid 1001, gid 1001: Operation not permitted
tar: ./rust/lib/rustlib/src/rust/library/std/src/os: Cannot change ownership to uid 1001, gid 1001: Operation not permitted
tar: ./rust/lib/rustlib/src/rust/library/std/src/ffi/c_str.rs: Cannot change ownership to uid 1001, gid 1001: Operation not permitted
tar: ./rust/lib/rustlib/src/rust/library/std/src/ffi/mod.rs: Cannot change ownership to uid 1001, gid 1001: Operation not permitted
tar: ./rust/lib/rustlib/src/rust/library/std/src/ffi/os_str.rs: Cannot change ownership to uid 1001, gid 1001: Operation not permitted
tar: ./rust/lib/rustlib/src/rust/library/std/src/ffi/os_str/tests.rs: Cannot change ownership to uid 1001, gid 1001: Operation not permitted
tar: ./rust/lib/rustlib/src/rust/library/std/src/ffi/os_str: Cannot change ownership to uid 1001, gid 1001: Operation not permitted
tar: ./rust/lib/rustlib/src/rust/library/std/src/ffi: Cannot change ownership to uid 1001, gid 1001: Operation not permitted
tar: ./rust/lib/rustlib/src/rust/library/std/src/keyword_docs.rs: Cannot change ownership to uid 1001, gid 1001: Operation not permitted
tar: ./rust/lib/rustlib/src/rust/library/std/src/sync/mpsc/sync_tests.rs: Cannot change ownership to uid 1001, gid 1001: Operation not permitted
tar: ./rust/lib/rustlib/src/rust/library/std/src/sync/mpsc/mod.rs: Cannot change ownership to uid 1001, gid 1001: Operation not permitted
tar: ./rust/lib/rustlib/src/rust/library/std/src/sync/mpsc/tests.rs: Cannot change ownership to uid 1001, gid 1001: Operation not permitted
tar: ./rust/lib/rustlib/src/rust/library/std/src/sync/mpsc: Cannot change ownership to uid 1001, gid 1001: Operation not permitted
tar: ./rust/lib/rustlib/src/rust/library/std/src/sync/once/tests.rs: Cannot change ownership to uid 1001, gid 1001: Operation not permitted
tar: ./rust/lib/rustlib/src/rust/library/std/src/sync/once: Cannot change ownership to uid 1001, gid 1001: Operation not permitted
tar: ./rust/lib/rustlib/src/rust/library/std/src/sync/once.rs: Cannot change ownership to uid 1001, gid 1001: Operation not permitted
tar: ./rust/lib/rustlib/src/rust/library/std/src/sync/barrier/tests.rs: Cannot change ownership to uid 1001, gid 1001: Operation not permitted
tar: ./rust/lib/rustlib/src/rust/library/std/src/sync/barrier: Cannot change ownership to uid 1001, gid 1001: Operation not permitted
tar: ./rust/lib/rustlib/src/rust/library/std/src/sync/lazy_lock/tests.rs: Cannot change ownership to uid 1001, gid 1001: Operation not permitted
tar: ./rust/lib/rustlib/src/rust/library/std/src/sync/lazy_lock: Cannot change ownership to uid 1001, gid 1001: Operation not permitted
tar: ./rust/lib/rustlib/src/rust/library/std/src/sync/mutex.rs: Cannot change ownership to uid 1001, gid 1001: Operation not permitted
tar: ./rust/lib/rustlib/src/rust/library/std/src/sync/mutex/tests.rs: Cannot change ownership to uid 1001, gid 1001: Operation not permitted
tar: ./rust/lib/rustlib/src/rust/library/std/src/sync/mutex: Cannot change ownership to uid 1001, gid 1001: Operation not permitted
tar: ./rust/lib/rustlib/src/rust/library/std/src/sync/once_lock/tests.rs: Cannot change ownership to uid 1001, gid 1001: Operation not permitted
tar: ./rust/lib/rustlib/src/rust/library/std/src/sync/once_lock: Cannot change ownership to uid 1001, gid 1001: Operation not permitted
tar: ./rust/lib/rustlib/src/rust/library/std/src/sync/rwlock.rs: Cannot change ownership to uid 1001, gid 1001: Operation not permitted
tar: ./rust/lib/rustlib/src/rust/library/std/src/sync/rwlock/tests.rs: Cannot change ownership to uid 1001, gid 1001: Operation not permitted
tar: ./rust/lib/rustlib/src/rust/library/std/src/sync/rwlock: Cannot change ownership to uid 1001, gid 1001: Operation not permitted
tar: ./rust/lib/rustlib/src/rust/library/std/src/sync/mod.rs: Cannot change ownership to uid 1001, gid 1001: Operation not permitted
tar: ./rust/lib/rustlib/src/rust/library/std/src/sync/lazy_lock.rs: Cannot change ownership to uid 1001, gid 1001: Operation not permitted
tar: ./rust/lib/rustlib/src/rust/library/std/src/sync/condvar/tests.rs: Cannot change ownership to uid 1001, gid 1001: Operation not permitted
tar: ./rust/lib/rustlib/src/rust/library/std/src/sync/condvar: Cannot change ownership to uid 1001, gid 1001: Operation not permitted
tar: ./rust/lib/rustlib/src/rust/library/std/src/sync/reentrant_lock/tests.rs: Cannot change ownership to uid 1001, gid 1001: Operation not permitted
tar: ./rust/lib/rustlib/src/rust/library/std/src/sync/reentrant_lock: Cannot change ownership to uid 1001, gid 1001: Operation not permitted
tar: ./rust/lib/rustlib/src/rust/library/std/src/sync/mpmc/list.rs: Cannot change ownership to uid 1001, gid 1001: Operation not permitted
tar: ./rust/lib/rustlib/src/rust/library/std/src/sync/mpmc/waker.rs: Cannot change ownership to uid 1001, gid 1001: Operation not permitted
tar: ./rust/lib/rustlib/src/rust/library/std/src/sync/mpmc/zero.rs: Cannot change ownership to uid 1001, gid 1001: Operation not permitted
tar: ./rust/lib/rustlib/src/rust/library/std/src/sync/mpmc/counter.rs: Cannot change ownership to uid 1001, gid 1001: Operation not permitted
tar: ./rust/lib/rustlib/src/rust/library/std/src/sync/mpmc/mod.rs: Cannot change ownership to uid 1001, gid 1001: Operation not permitted
tar: ./rust/lib/rustlib/src/rust/library/std/src/sync/mpmc/error.rs: Cannot change ownership to uid 1001, gid 1001: Operation not permitted
tar: ./rust/lib/rustlib/src/rust/library/std/src/sync/mpmc/utils.rs: Cannot change ownership to uid 1001, gid 1001: Operation not permitted
tar: ./rust/lib/rustlib/src/rust/library/std/src/sync/mpmc/select.rs: Cannot change ownership to uid 1001, gid 1001: Operation not permitted
tar: ./rust/lib/rustlib/src/rust/library/std/src/sync/mpmc/context.rs: Cannot change ownership to uid 1001, gid 1001: Operation not permitted
tar: ./rust/lib/rustlib/src/rust/library/std/src/sync/mpmc/tests.rs: Cannot change ownership to uid 1001, gid 1001: Operation not permitted
tar: ./rust/lib/rustlib/src/rust/library/std/src/sync/mpmc/array.rs: Cannot change ownership to uid 1001, gid 1001: Operation not permitted
tar: ./rust/lib/rustlib/src/rust/library/std/src/sync/mpmc: Cannot change ownership to uid 1001, gid 1001: Operation not permitted
tar: ./rust/lib/rustlib/src/rust/library/std/src/sync/once_lock.rs: Cannot change ownership to uid 1001, gid 1001: Operation not permitted
tar: ./rust/lib/rustlib/src/rust/library/std/src/sync/poison.rs: Cannot change ownership to uid 1001, gid 1001: Operation not permitted
tar: ./rust/lib/rustlib/src/rust/library/std/src/sync/barrier.rs: Cannot change ownership to uid 1001, gid 1001: Operation not permitted
tar: ./rust/lib/rustlib/src/rust/library/std/src/sync/condvar.rs: Cannot change ownership to uid 1001, gid 1001: Operation not permitted
tar: ./rust/lib/rustlib/src/rust/library/std/src/sync/reentrant_lock.rs: Cannot change ownership to uid 1001, gid 1001: Operation not permitted
tar: ./rust/lib/rustlib/src/rust/library/std/src/sync: Cannot change ownership to uid 1001, gid 1001: Operation not permitted
tar: ./rust/lib/rustlib/src/rust/library/std/src/fs/tests.rs: Cannot change ownership to uid 1001, gid 1001: Operation not permitted
tar: ./rust/lib/rustlib/src/rust/library/std/src/fs: Cannot change ownership to uid 1001, gid 1001: Operation not permitted
tar: ./rust/lib/rustlib/src/rust/library/std/src/hash/mod.rs: Cannot change ownership to uid 1001, gid 1001: Operation not permitted
tar: ./rust/lib/rustlib/src/rust/library/std/src/hash/random.rs: Cannot change ownership to uid 1001, gid 1001: Operation not permitted
tar: ./rust/lib/rustlib/src/rust/library/std/src/hash: Cannot change ownership to uid 1001, gid 1001: Operation not permitted
tar: ./rust/lib/rustlib/src/rust/library/std/src/collections/hash/map/tests.rs: Cannot change ownership to uid 1001, gid 1001: Operation not permitted
tar: ./rust/lib/rustlib/src/rust/library/std/src/collections/hash/map: Cannot change ownership to uid 1001, gid 1001: Operation not permitted
tar: ./rust/lib/rustlib/src/rust/library/std/src/collections/hash/mod.rs: Cannot change ownership to uid 1001, gid 1001: Operation not permitted
tar: ./rust/lib/rustlib/src/rust/library/std/src/collections/hash/set.rs: Cannot change ownership to uid 1001, gid 1001: Operation not permitted
tar: ./rust/lib/rustlib/src/rust/library/std/src/collections/hash/set/tests.rs: Cannot change ownership to uid 1001, gid 1001: Operation not permitted
tar: ./rust/lib/rustlib/src/rust/library/std/src/collections/hash/set: Cannot change ownership to uid 1001, gid 1001: Operation not permitted
tar: ./rust/lib/rustlib/src/rust/library/std/src/collections/hash/map.rs: Cannot change ownership to uid 1001, gid 1001: Operation not permitted
tar: ./rust/lib/rustlib/src/rust/library/std/src/collections/hash: Cannot change ownership to uid 1001, gid 1001: Operation not permitted
tar: ./rust/lib/rustlib/src/rust/library/std/src/collections/mod.rs: Cannot change ownership to uid 1001, gid 1001: Operation not permitted
tar: ./rust/lib/rustlib/src/rust/library/std/src/collections: Cannot change ownership to uid 1001, gid 1001: Operation not permitted
tar: ./rust/lib/rustlib/src/rust/library/std/src/process/tests.rs: Cannot change ownership to uid 1001, gid 1001: Operation not permitted
tar: ./rust/lib/rustlib/src/rust/library/std/src/process: Cannot change ownership to uid 1001, gid 1001: Operation not permitted
tar: ./rust/lib/rustlib/src/rust/library/std/src/macros.rs: Cannot change ownership to uid 1001, gid 1001: Operation not permitted
tar: ./rust/lib/rustlib/src/rust/library/std/src/env.rs: Cannot change ownership to uid 1001, gid 1001: Operation not permitted
tar: ./rust/lib/rustlib/src/rust/library/std/src/path/tests.rs: Cannot change ownership to uid 1001, gid 1001: Operation not permitted
tar: ./rust/lib/rustlib/src/rust/library/std/src/path: Cannot change ownership to uid 1001, gid 1001: Operation not permitted
tar: ./rust/lib/rustlib/src/rust/library/std/src/f16.rs: Cannot change ownership to uid 1001, gid 1001: Operation not permitted
tar: ./rust/lib/rustlib/src/rust/library/std/src/f32/tests.rs: Cannot change ownership to uid 1001, gid 1001: Operation not permitted
tar: ./rust/lib/rustlib/src/rust/library/std/src/f32: Cannot change ownership to uid 1001, gid 1001: Operation not permitted
tar: ./rust/lib/rustlib/src/rust/library/std/src/pipe.rs: Cannot change ownership to uid 1001, gid 1001: Operation not permitted
tar: ./rust/lib/rustlib/src/rust/library/std/src/path.rs: Cannot change ownership to uid 1001, gid 1001: Operation not permitted
tar: ./rust/lib/rustlib/src/rust/library/std/src/panic/tests.rs: Cannot change ownership to uid 1001, gid 1001: Operation not permitted
tar: ./rust/lib/rustlib/src/rust/library/std/src/panic: Cannot change ownership to uid 1001, gid 1001: Operation not permitted
tar: ./rust/lib/rustlib/src/rust/library/std/src/fs.rs: Cannot change ownership to uid 1001, gid 1001: Operation not permitted
tar: ./rust/lib/rustlib/src/rust/library/std/src/sys_common/net.rs: Cannot change ownership to uid 1001, gid 1001: Operation not permitted
tar: ./rust/lib/rustlib/src/rust/library/std/src/sys_common/fs.rs: Cannot change ownership to uid 1001, gid 1001: Operation not permitted
tar: ./rust/lib/rustlib/src/rust/library/std/src/sys_common/wtf8/tests.rs: Cannot change ownership to uid 1001, gid 1001: Operation not permitted
tar: ./rust/lib/rustlib/src/rust/library/std/src/sys_common/wtf8: Cannot change ownership to uid 1001, gid 1001: Operation not permitted
tar: ./rust/lib/rustlib/src/rust/library/std/src/sys_common/io.rs: Cannot change ownership to uid 1001, gid 1001: Operation not permitted
tar: ./rust/lib/rustlib/src/rust/library/std/src/sys_common/mod.rs: Cannot change ownership to uid 1001, gid 1001: Operation not permitted
tar: ./rust/lib/rustlib/src/rust/library/std/src/sys_common/wstr.rs: Cannot change ownership to uid 1001, gid 1001: Operation not permitted
tar: ./rust/lib/rustlib/src/rust/library/std/src/sys_common/wtf8.rs: Cannot change ownership to uid 1001, gid 1001: Operation not permitted
tar: ./rust/lib/rustlib/src/rust/library/std/src/sys_common/net/tests.rs: Cannot change ownership to uid 1001, gid 1001: Operation not permitted
tar: ./rust/lib/rustlib/src/rust/library/std/src/sys_common/net: Cannot change ownership to uid 1001, gid 1001: Operation not permitted
tar: ./rust/lib/rustlib/src/rust/library/std/src/sys_common/tests.rs: Cannot change ownership to uid 1001, gid 1001: Operation not permitted
tar: ./rust/lib/rustlib/src/rust/library/std/src/sys_common/process.rs: Cannot change ownership to uid 1001, gid 1001: Operation not permitted
tar: ./rust/lib/rustlib/src/rust/library/std/src/sys_common: Cannot change ownership to uid 1001, gid 1001: Operation not permitted
tar: ./rust/lib/rustlib/src/rust/library/std/src/lib.miri.rs: Cannot change ownership to uid 1001, gid 1001: Operation not permitted
tar: ./rust/lib/rustlib/src/rust/library/std/src/prelude/common.rs: Cannot change ownership to uid 1001, gid 1001: Operation not permitted
tar: ./rust/lib/rustlib/src/rust/library/std/src/prelude/mod.rs: Cannot change ownership to uid 1001, gid 1001: Operation not permitted
tar: ./rust/lib/rustlib/src/rust/library/std/src/prelude: Cannot change ownership to uid 1001, gid 1001: Operation not permitted
tar: ./rust/lib/rustlib/src/rust/library/std/src/f16/tests.rs: Cannot change ownership to uid 1001, gid 1001: Operation not permitted
tar: ./rust/lib/rustlib/src/rust/library/std/src/f16: Cannot change ownership to uid 1001, gid 1001: Operation not permitted
tar: ./rust/lib/rustlib/src/rust/library/std/src/backtrace/tests.rs: Cannot change ownership to uid 1001, gid 1001: Operation not permitted
tar: ./rust/lib/rustlib/src/rust/library/std/src/backtrace: Cannot change ownership to uid 1001, gid 1001: Operation not permitted
tar: ./rust/lib/rustlib/src/rust/library/std/src/alloc.rs: Cannot change ownership to uid 1001, gid 1001: Operation not permitted
tar: ./rust/lib/rustlib/src/rust/library/std/src/io/stdio/tests.rs: Cannot change ownership to uid 1001, gid 1001: Operation not permitted
tar: ./rust/lib/rustlib/src/rust/library/std/src/io/stdio: Cannot change ownership to uid 1001, gid 1001: Operation not permitted
tar: ./rust/lib/rustlib/src/rust/library/std/src/io/prelude.rs: Cannot change ownership to uid 1001, gid 1001: Operation not permitted
tar: ./rust/lib/rustlib/src/rust/library/std/src/io/util/tests.rs: Cannot change ownership to uid 1001, gid 1001: Operation not permitted
tar: ./rust/lib/rustlib/src/rust/library/std/src/io/util: Cannot change ownership to uid 1001, gid 1001: Operation not permitted
tar: ./rust/lib/rustlib/src/rust/library/std/src/io/impls.rs: Cannot change ownership to uid 1001, gid 1001: Operation not permitted
tar: ./rust/lib/rustlib/src/rust/library/std/src/io/impls/tests.rs: Cannot change ownership to uid 1001, gid 1001: Operation not permitted
tar: ./rust/lib/rustlib/src/rust/library/std/src/io/impls: Cannot change ownership to uid 1001, gid 1001: Operation not permitted
tar: ./rust/lib/rustlib/src/rust/library/std/src/io/mod.rs: Cannot change ownership to uid 1001, gid 1001: Operation not permitted
tar: ./rust/lib/rustlib/src/rust/library/std/src/io/cursor.rs: Cannot change ownership to uid 1001, gid 1001: Operation not permitted
tar: ./rust/lib/rustlib/src/rust/library/std/src/io/stdio.rs: Cannot change ownership to uid 1001, gid 1001: Operation not permitted
tar: ./rust/lib/rustlib/src/rust/library/std/src/io/error/repr_unpacked.rs: Cannot change ownership to uid 1001, gid 1001: Operation not permitted
tar: ./rust/lib/rustlib/src/rust/library/std/src/io/error/repr_bitpacked.rs: Cannot change ownership to uid 1001, gid 1001: Operation not permitted
tar: ./rust/lib/rustlib/src/rust/library/std/src/io/error/tests.rs: Cannot change ownership to uid 1001, gid 1001: Operation not permitted
tar: ./rust/lib/rustlib/src/rust/library/std/src/io/error: Cannot change ownership to uid 1001, gid 1001: Operation not permitted
tar: ./rust/lib/rustlib/src/rust/library/std/src/io/copy/tests.rs: Cannot change ownership to uid 1001, gid 1001: Operation not permitted
tar: ./rust/lib/rustlib/src/rust/library/std/src/io/copy: Cannot change ownership to uid 1001, gid 1001: Operation not permitted
tar: ./rust/lib/rustlib/src/rust/library/std/src/io/error.rs: Cannot change ownership to uid 1001, gid 1001: Operation not permitted
tar: ./rust/lib/rustlib/src/rust/library/std/src/io/util.rs: Cannot change ownership to uid 1001, gid 1001: Operation not permitted
tar: ./rust/lib/rustlib/src/rust/library/std/src/io/copy.rs: Cannot change ownership to uid 1001, gid 1001: Operation not permitted
tar: ./rust/lib/rustlib/src/rust/library/std/src/io/cursor/tests.rs: Cannot change ownership to uid 1001, gid 1001: Operation not permitted
tar: ./rust/lib/rustlib/src/rust/library/std/src/io/cursor: Cannot change ownership to uid 1001, gid 1001: Operation not permitted
tar: ./rust/lib/rustlib/src/rust/library/std/src/io/tests.rs: Cannot change ownership to uid 1001, gid 1001: Operation not permitted
tar: ./rust/lib/rustlib/src/rust/library/std/src/io/buffered/bufreader.rs: Cannot change ownership to uid 1001, gid 1001: Operation not permitted
tar: ./rust/lib/rustlib/src/rust/library/std/src/io/buffered/mod.rs: Cannot change ownership to uid 1001, gid 1001: Operation not permitted
tar: ./rust/lib/rustlib/src/rust/library/std/src/io/buffered/bufreader/buffer.rs: Cannot change ownership to uid 1001, gid 1001: Operation not permitted
tar: ./rust/lib/rustlib/src/rust/library/std/src/io/buffered/bufreader: Cannot change ownership to uid 1001, gid 1001: Operation not permitted
tar: ./rust/lib/rustlib/src/rust/library/std/src/io/buffered/bufwriter.rs: Cannot change ownership to uid 1001, gid 1001: Operation not permitted
tar: ./rust/lib/rustlib/src/rust/library/std/src/io/buffered/linewritershim.rs: Cannot change ownership to uid 1001, gid 1001: Operation not permitted
tar: ./rust/lib/rustlib/src/rust/library/std/src/io/buffered/linewriter.rs: Cannot change ownership to uid 1001, gid 1001: Operation not permitted
tar: ./rust/lib/rustlib/src/rust/library/std/src/io/buffered/tests.rs: Cannot change ownership to uid 1001, gid 1001: Operation not permitted
tar: ./rust/lib/rustlib/src/rust/library/std/src/io/buffered: Cannot change ownership to uid 1001, gid 1001: Operation not permitted
tar: ./rust/lib/rustlib/src/rust/library/std/src/io: Cannot change ownership to uid 1001, gid 1001: Operation not permitted
tar: ./rust/lib/rustlib/src/rust/library/std/src/num.rs: Cannot change ownership to uid 1001, gid 1001: Operation not permitted
tar: ./rust/lib/rustlib/src/rust/library/std/src/panic.rs: Cannot change ownership to uid 1001, gid 1001: Operation not permitted
tar: ./rust/lib/rustlib/src/rust/library/std/src/error/tests.rs: Cannot change ownership to uid 1001, gid 1001: Operation not permitted
tar: ./rust/lib/rustlib/src/rust/library/std/src/error: Cannot change ownership to uid 1001, gid 1001: Operation not permitted
tar: ./rust/lib/rustlib/src/rust/library/std/src/f32.rs: Cannot change ownership to uid 1001, gid 1001: Operation not permitted
tar: ./rust/lib/rustlib/src/rust/library/std/src/f128.rs: Cannot change ownership to uid 1001, gid 1001: Operation not permitted
tar: ./rust/lib/rustlib/src/rust/library/std/src/ascii.rs: Cannot change ownership to uid 1001, gid 1001: Operation not permitted
tar: ./rust/lib/rustlib/src/rust/library/std/src/time.rs: Cannot change ownership to uid 1001, gid 1001: Operation not permitted
tar: ./rust/lib/rustlib/src/rust/library/std/src/lib.rs: Cannot change ownership to uid 1001, gid 1001: Operation not permitted
tar: ./rust/lib/rustlib/src/rust/library/std/src/error.rs: Cannot change ownership to uid 1001, gid 1001: Operation not permitted
tar: ./rust/lib/rustlib/src/rust/library/std/src/panicking.rs: Cannot change ownership to uid 1001, gid 1001: Operation not permitted
tar: ./rust/lib/rustlib/src/rust/library/std/src/num/tests.rs: Cannot change ownership to uid 1001, gid 1001: Operation not permitted
tar: ./rust/lib/rustlib/src/rust/library/std/src/num: Cannot change ownership to uid 1001, gid 1001: Operation not permitted
tar: ./rust/lib/rustlib/src/rust/library/std/src/pat.rs: Cannot change ownership to uid 1001, gid 1001: Operation not permitted
tar: ./rust/lib/rustlib/src/rust/library/std/src/backtrace.rs: Cannot change ownership to uid 1001, gid 1001: Operation not permitted
tar: ./rust/lib/rustlib/src/rust/library/std/src/random.rs: Cannot change ownership to uid 1001, gid 1001: Operation not permitted
tar: ./rust/lib/rustlib/src/rust/library/std/src/thread/local/dynamic_tests.rs: Cannot change ownership to uid 1001, gid 1001: Operation not permitted
tar: ./rust/lib/rustlib/src/rust/library/std/src/thread/local/tests.rs: Cannot change ownership to uid 1001, gid 1001: Operation not permitted
tar: ./rust/lib/rustlib/src/rust/library/std/src/thread/local: Cannot change ownership to uid 1001, gid 1001: Operation not permitted
tar: ./rust/lib/rustlib/src/rust/library/std/src/thread/mod.rs: Cannot change ownership to uid 1001, gid 1001: Operation not permitted
tar: ./rust/lib/rustlib/src/rust/library/std/src/thread/local.rs: Cannot change ownership to uid 1001, gid 1001: Operation not permitted
tar: ./rust/lib/rustlib/src/rust/library/std/src/thread/current.rs: Cannot change ownership to uid 1001, gid 1001: Operation not permitted
tar: ./rust/lib/rustlib/src/rust/library/std/src/thread/scoped.rs: Cannot change ownership to uid 1001, gid 1001: Operation not permitted
tar: ./rust/lib/rustlib/src/rust/library/std/src/thread/tests.rs: Cannot change ownership to uid 1001, gid 1001: Operation not permitted
tar: ./rust/lib/rustlib/src/rust/library/std/src/thread/spawnhook.rs: Cannot change ownership to uid 1001, gid 1001: Operation not permitted
tar: ./rust/lib/rustlib/src/rust/library/std/src/thread: Cannot change ownership to uid 1001, gid 1001: Operation not permitted
tar: ./rust/lib/rustlib/src/rust/library/std/src/f128/tests.rs: Cannot change ownership to uid 1001, gid 1001: Operation not permitted
tar: ./rust/lib/rustlib/src/rust/library/std/src/f128: Cannot change ownership to uid 1001, gid 1001: Operation not permitted
tar: ./rust/lib/rustlib/src/rust/library/std/src/net/ip_addr.rs: Cannot change ownership to uid 1001, gid 1001: Operation not permitted
tar: ./rust/lib/rustlib/src/rust/library/std/src/net/udp.rs: Cannot change ownership to uid 1001, gid 1001: Operation not permitted
tar: ./rust/lib/rustlib/src/rust/library/std/src/net/ip_addr/tests.rs: Cannot change ownership to uid 1001, gid 1001: Operation not permitted
tar: ./rust/lib/rustlib/src/rust/library/std/src/net/ip_addr: Cannot change ownership to uid 1001, gid 1001: Operation not permitted
tar: ./rust/lib/rustlib/src/rust/library/std/src/net/socket_addr/tests.rs: Cannot change ownership to uid 1001, gid 1001: Operation not permitted
tar: ./rust/lib/rustlib/src/rust/library/std/src/net/socket_addr: Cannot change ownership to uid 1001, gid 1001: Operation not permitted
tar: ./rust/lib/rustlib/src/rust/library/std/src/net/tcp.rs: Cannot change ownership to uid 1001, gid 1001: Operation not permitted
tar: ./rust/lib/rustlib/src/rust/library/std/src/net/udp/tests.rs: Cannot change ownership to uid 1001, gid 1001: Operation not permitted
tar: ./rust/lib/rustlib/src/rust/library/std/src/net/udp: Cannot change ownership to uid 1001, gid 1001: Operation not permitted
tar: ./rust/lib/rustlib/src/rust/library/std/src/net/mod.rs: Cannot change ownership to uid 1001, gid 1001: Operation not permitted
tar: ./rust/lib/rustlib/src/rust/library/std/src/net/tcp/tests.rs: Cannot change ownership to uid 1001, gid 1001: Operation not permitted
tar: ./rust/lib/rustlib/src/rust/library/std/src/net/tcp: Cannot change ownership to uid 1001, gid 1001: Operation not permitted
tar: ./rust/lib/rustlib/src/rust/library/std/src/net/socket_addr.rs: Cannot change ownership to uid 1001, gid 1001: Operation not permitted
tar: ./rust/lib/rustlib/src/rust/library/std/src/net/test.rs: Cannot change ownership to uid 1001, gid 1001: Operation not permitted
tar: ./rust/lib/rustlib/src/rust/library/std/src/net: Cannot change ownership to uid 1001, gid 1001: Operation not permitted
tar: ./rust/lib/rustlib/src/rust/library/std/src/time/tests.rs: Cannot change ownership to uid 1001, gid 1001: Operation not permitted
tar: ./rust/lib/rustlib/src/rust/library/std/src/time: Cannot change ownership to uid 1001, gid 1001: Operation not permitted
tar: ./rust/lib/rustlib/src/rust/library/std/src/f64.rs: Cannot change ownership to uid 1001, gid 1001: Operation not permitted
tar: ./rust/lib/rustlib/src/rust/library/std/src/env/tests.rs: Cannot change ownership to uid 1001, gid 1001: Operation not permitted
tar: ./rust/lib/rustlib/src/rust/library/std/src/env: Cannot change ownership to uid 1001, gid 1001: Operation not permitted
tar: ./rust/lib/rustlib/src/rust/library/std/src/sys/sync/once/no_threads.rs: Cannot change ownership to uid 1001, gid 1001: Operation not permitted
tar: ./rust/lib/rustlib/src/rust/library/std/src/sys/sync/once/queue.rs: Cannot change ownership to uid 1001, gid 1001: Operation not permitted
tar: ./rust/lib/rustlib/src/rust/library/std/src/sys/sync/once/mod.rs: Cannot change ownership to uid 1001, gid 1001: Operation not permitted
tar: ./rust/lib/rustlib/src/rust/library/std/src/sys/sync/once/futex.rs: Cannot change ownership to uid 1001, gid 1001: Operation not permitted
tar: ./rust/lib/rustlib/src/rust/library/std/src/sys/sync/once: Cannot change ownership to uid 1001, gid 1001: Operation not permitted
tar: ./rust/lib/rustlib/src/rust/library/std/src/sys/sync/thread_parking/xous.rs: Cannot change ownership to uid 1001, gid 1001: Operation not permitted
tar: ./rust/lib/rustlib/src/rust/library/std/src/sys/sync/thread_parking/windows7.rs: Cannot change ownership to uid 1001, gid 1001: Operation not permitted
tar: ./rust/lib/rustlib/src/rust/library/std/src/sys/sync/thread_parking/unsupported.rs: Cannot change ownership to uid 1001, gid 1001: Operation not permitted
tar: ./rust/lib/rustlib/src/rust/library/std/src/sys/sync/thread_parking/mod.rs: Cannot change ownership to uid 1001, gid 1001: Operation not permitted
tar: ./rust/lib/rustlib/src/rust/library/std/src/sys/sync/thread_parking/darwin.rs: Cannot change ownership to uid 1001, gid 1001: Operation not permitted
tar: ./rust/lib/rustlib/src/rust/library/std/src/sys/sync/thread_parking/futex.rs: Cannot change ownership to uid 1001, gid 1001: Operation not permitted
tar: ./rust/lib/rustlib/src/rust/library/std/src/sys/sync/thread_parking/pthread.rs: Cannot change ownership to uid 1001, gid 1001: Operation not permitted
tar: ./rust/lib/rustlib/src/rust/library/std/src/sys/sync/thread_parking/id.rs: Cannot change ownership to uid 1001, gid 1001: Operation not permitted
tar: ./rust/lib/rustlib/src/rust/library/std/src/sys/sync/thread_parking: Cannot change ownership to uid 1001, gid 1001: Operation not permitted
tar: ./rust/lib/rustlib/src/rust/library/std/src/sys/sync/mutex/xous.rs: Cannot change ownership to uid 1001, gid 1001: Operation not permitted
tar: ./rust/lib/rustlib/src/rust/library/std/src/sys/sync/mutex/windows7.rs: Cannot change ownership to uid 1001, gid 1001: Operation not permitted
tar: ./rust/lib/rustlib/src/rust/library/std/src/sys/sync/mutex/no_threads.rs: Cannot change ownership to uid 1001, gid 1001: Operation not permitted
tar: ./rust/lib/rustlib/src/rust/library/std/src/sys/sync/mutex/mod.rs: Cannot change ownership to uid 1001, gid 1001: Operation not permitted
tar: ./rust/lib/rustlib/src/rust/library/std/src/sys/sync/mutex/itron.rs: Cannot change ownership to uid 1001, gid 1001: Operation not permitted
tar: ./rust/lib/rustlib/src/rust/library/std/src/sys/sync/mutex/futex.rs: Cannot change ownership to uid 1001, gid 1001: Operation not permitted
tar: ./rust/lib/rustlib/src/rust/library/std/src/sys/sync/mutex/pthread.rs: Cannot change ownership to uid 1001, gid 1001: Operation not permitted
tar: ./rust/lib/rustlib/src/rust/library/std/src/sys/sync/mutex/fuchsia.rs: Cannot change ownership to uid 1001, gid 1001: Operation not permitted
tar: ./rust/lib/rustlib/src/rust/library/std/src/sys/sync/mutex/sgx.rs: Cannot change ownership to uid 1001, gid 1001: Operation not permitted
tar: ./rust/lib/rustlib/src/rust/library/std/src/sys/sync/mutex: Cannot change ownership to uid 1001, gid 1001: Operation not permitted
tar: ./rust/lib/rustlib/src/rust/library/std/src/sys/sync/rwlock/teeos.rs: Cannot change ownership to uid 1001, gid 1001: Operation not permitted
tar: ./rust/lib/rustlib/src/rust/library/std/src/sys/sync/rwlock/no_threads.rs: Cannot change ownership to uid 1001, gid 1001: Operation not permitted
tar: ./rust/lib/rustlib/src/rust/library/std/src/sys/sync/rwlock/queue.rs: Cannot change ownership to uid 1001, gid 1001: Operation not permitted
tar: ./rust/lib/rustlib/src/rust/library/std/src/sys/sync/rwlock/mod.rs: Cannot change ownership to uid 1001, gid 1001: Operation not permitted
tar: ./rust/lib/rustlib/src/rust/library/std/src/sys/sync/rwlock/solid.rs: Cannot change ownership to uid 1001, gid 1001: Operation not permitted
tar: ./rust/lib/rustlib/src/rust/library/std/src/sys/sync/rwlock/futex.rs: Cannot change ownership to uid 1001, gid 1001: Operation not permitted
tar: ./rust/lib/rustlib/src/rust/library/std/src/sys/sync/rwlock: Cannot change ownership to uid 1001, gid 1001: Operation not permitted
tar: ./rust/lib/rustlib/src/rust/library/std/src/sys/sync/mod.rs: Cannot change ownership to uid 1001, gid 1001: Operation not permitted
tar: ./rust/lib/rustlib/src/rust/library/std/src/sys/sync/condvar/xous.rs: Cannot change ownership to uid 1001, gid 1001: Operation not permitted
tar: ./rust/lib/rustlib/src/rust/library/std/src/sys/sync/condvar/windows7.rs: Cannot change ownership to uid 1001, gid 1001: Operation not permitted
tar: ./rust/lib/rustlib/src/rust/library/std/src/sys/sync/condvar/no_threads.rs: Cannot change ownership to uid 1001, gid 1001: Operation not permitted
tar: ./rust/lib/rustlib/src/rust/library/std/src/sys/sync/condvar/mod.rs: Cannot change ownership to uid 1001, gid 1001: Operation not permitted
tar: ./rust/lib/rustlib/src/rust/library/std/src/sys/sync/condvar/itron.rs: Cannot change ownership to uid 1001, gid 1001: Operation not permitted
tar: ./rust/lib/rustlib/src/rust/library/std/src/sys/sync/condvar/futex.rs: Cannot change ownership to uid 1001, gid 1001: Operation not permitted
tar: ./rust/lib/rustlib/src/rust/library/std/src/sys/sync/condvar/pthread.rs: Cannot change ownership to uid 1001, gid 1001: Operation not permitted
tar: ./rust/lib/rustlib/src/rust/library/std/src/sys/sync/condvar/sgx.rs: Cannot change ownership to uid 1001, gid 1001: Operation not permitted
tar: ./rust/lib/rustlib/src/rust/library/std/src/sys/sync/condvar: Cannot change ownership to uid 1001, gid 1001: Operation not permitted
tar: ./rust/lib/rustlib/src/rust/library/std/src/sys/sync/once_box.rs: Cannot change ownership to uid 1001, gid 1001: Operation not permitted
tar: ./rust/lib/rustlib/src/rust/library/std/src/sys/sync: Cannot change ownership to uid 1001, gid 1001: Operation not permitted
tar: ./rust/lib/rustlib/src/rust/library/std/src/sys/path/unsupported_backslash.rs: Cannot change ownership to uid 1001, gid 1001: Operation not permitted
tar: ./rust/lib/rustlib/src/rust/library/std/src/sys/path/windows.rs: Cannot change ownership to uid 1001, gid 1001: Operation not permitted
tar: ./rust/lib/rustlib/src/rust/library/std/src/sys/path/unix.rs: Cannot change ownership to uid 1001, gid 1001: Operation not permitted
tar: ./rust/lib/rustlib/src/rust/library/std/src/sys/path/mod.rs: Cannot change ownership to uid 1001, gid 1001: Operation not permitted
tar: ./rust/lib/rustlib/src/rust/library/std/src/sys/path/windows/tests.rs: Cannot change ownership to uid 1001, gid 1001: Operation not permitted
tar: ./rust/lib/rustlib/src/rust/library/std/src/sys/path/windows: Cannot change ownership to uid 1001, gid 1001: Operation not permitted
tar: ./rust/lib/rustlib/src/rust/library/std/src/sys/path/sgx.rs: Cannot change ownership to uid 1001, gid 1001: Operation not permitted
tar: ./rust/lib/rustlib/src/rust/library/std/src/sys/path: Cannot change ownership to uid 1001, gid 1001: Operation not permitted
tar: ./rust/lib/rustlib/src/rust/library/std/src/sys/thread_local/guard/key.rs: Cannot change ownership to uid 1001, gid 1001: Operation not permitted
tar: ./rust/lib/rustlib/src/rust/library/std/src/sys/thread_local/guard/windows.rs: Cannot change ownership to uid 1001, gid 1001: Operation not permitted
tar: ./rust/lib/rustlib/src/rust/library/std/src/sys/thread_local/guard/apple.rs: Cannot change ownership to uid 1001, gid 1001: Operation not permitted
tar: ./rust/lib/rustlib/src/rust/library/std/src/sys/thread_local/guard/solid.rs: Cannot change ownership to uid 1001, gid 1001: Operation not permitted
tar: ./rust/lib/rustlib/src/rust/library/std/src/sys/thread_local/guard: Cannot change ownership to uid 1001, gid 1001: Operation not permitted
tar: ./rust/lib/rustlib/src/rust/library/std/src/sys/thread_local/os.rs: Cannot change ownership to uid 1001, gid 1001: Operation not permitted
tar: ./rust/lib/rustlib/src/rust/library/std/src/sys/thread_local/statik.rs: Cannot change ownership to uid 1001, gid 1001: Operation not permitted
tar: ./rust/lib/rustlib/src/rust/library/std/src/sys/thread_local/mod.rs: Cannot change ownership to uid 1001, gid 1001: Operation not permitted
tar: ./rust/lib/rustlib/src/rust/library/std/src/sys/thread_local/destructors/list.rs: Cannot change ownership to uid 1001, gid 1001: Operation not permitted
tar: ./rust/lib/rustlib/src/rust/library/std/src/sys/thread_local/destructors/linux_like.rs: Cannot change ownership to uid 1001, gid 1001: Operation not permitted
tar: ./rust/lib/rustlib/src/rust/library/std/src/sys/thread_local/destructors: Cannot change ownership to uid 1001, gid 1001: Operation not permitted
tar: ./rust/lib/rustlib/src/rust/library/std/src/sys/thread_local/native/mod.rs: Cannot change ownership to uid 1001, gid 1001: Operation not permitted
tar: ./rust/lib/rustlib/src/rust/library/std/src/sys/thread_local/native/lazy.rs: Cannot change ownership to uid 1001, gid 1001: Operation not permitted
tar: ./rust/lib/rustlib/src/rust/library/std/src/sys/thread_local/native/eager.rs: Cannot change ownership to uid 1001, gid 1001: Operation not permitted
tar: ./rust/lib/rustlib/src/rust/library/std/src/sys/thread_local/native: Cannot change ownership to uid 1001, gid 1001: Operation not permitted
tar: ./rust/lib/rustlib/src/rust/library/std/src/sys/thread_local/key/xous.rs: Cannot change ownership to uid 1001, gid 1001: Operation not permitted
tar: ./rust/lib/rustlib/src/rust/library/std/src/sys/thread_local/key/windows.rs: Cannot change ownership to uid 1001, gid 1001: Operation not permitted
tar: ./rust/lib/rustlib/src/rust/library/std/src/sys/thread_local/key/unix.rs: Cannot change ownership to uid 1001, gid 1001: Operation not permitted
tar: ./rust/lib/rustlib/src/rust/library/std/src/sys/thread_local/key/racy.rs: Cannot change ownership to uid 1001, gid 1001: Operation not permitted
tar: ./rust/lib/rustlib/src/rust/library/std/src/sys/thread_local/key/tests.rs: Cannot change ownership to uid 1001, gid 1001: Operation not permitted
tar: ./rust/lib/rustlib/src/rust/library/std/src/sys/thread_local/key/sgx.rs: Cannot change ownership to uid 1001, gid 1001: Operation not permitted
tar: ./rust/lib/rustlib/src/rust/library/std/src/sys/thread_local/key: Cannot change ownership to uid 1001, gid 1001: Operation not permitted
tar: ./rust/lib/rustlib/src/rust/library/std/src/sys/thread_local: Cannot change ownership to uid 1001, gid 1001: Operation not permitted
tar: ./rust/lib/rustlib/src/rust/library/std/src/sys/cmath.rs: Cannot change ownership to uid 1001, gid 1001: Operation not permitted
tar: ./rust/lib/rustlib/src/rust/library/std/src/sys/mod.rs: Cannot change ownership to uid 1001, gid 1001: Operation not permitted
tar: ./rust/lib/rustlib/src/rust/library/std/src/sys/random/uefi.rs: Cannot change ownership to uid 1001, gid 1001: Operation not permitted
tar: ./rust/lib/rustlib/src/rust/library/std/src/sys/random/windows.rs: Cannot change ownership to uid 1001, gid 1001: Operation not permitted
tar: ./rust/lib/rustlib/src/rust/library/std/src/sys/random/teeos.rs: Cannot change ownership to uid 1001, gid 1001: Operation not permitted
tar: ./rust/lib/rustlib/src/rust/library/std/src/sys/random/unsupported.rs: Cannot change ownership to uid 1001, gid 1001: Operation not permitted
tar: ./rust/lib/rustlib/src/rust/library/std/src/sys/random/apple.rs: Cannot change ownership to uid 1001, gid 1001: Operation not permitted
tar: ./rust/lib/rustlib/src/rust/library/std/src/sys/random/wasi.rs: Cannot change ownership to uid 1001, gid 1001: Operation not permitted
tar: ./rust/lib/rustlib/src/rust/library/std/src/sys/random/zkvm.rs: Cannot change ownership to uid 1001, gid 1001: Operation not permitted
tar: ./rust/lib/rustlib/src/rust/library/std/src/sys/random/espidf.rs: Cannot change ownership to uid 1001, gid 1001: Operation not permitted
tar: ./rust/lib/rustlib/src/rust/library/std/src/sys/random/mod.rs: Cannot change ownership to uid 1001, gid 1001: Operation not permitted
tar: ./rust/lib/rustlib/src/rust/library/std/src/sys/random/redox.rs: Cannot change ownership to uid 1001, gid 1001: Operation not permitted
tar: ./rust/lib/rustlib/src/rust/library/std/src/sys/random/linux.rs: Cannot change ownership to uid 1001, gid 1001: Operation not permitted
tar: ./rust/lib/rustlib/src/rust/library/std/src/sys/random/arc4random.rs: Cannot change ownership to uid 1001, gid 1001: Operation not permitted
tar: ./rust/lib/rustlib/src/rust/library/std/src/sys/random/solid.rs: Cannot change ownership to uid 1001, gid 1001: Operation not permitted
tar: ./rust/lib/rustlib/src/rust/library/std/src/sys/random/fuchsia.rs: Cannot change ownership to uid 1001, gid 1001: Operation not permitted
tar: ./rust/lib/rustlib/src/rust/library/std/src/sys/random/getentropy.rs: Cannot change ownership to uid 1001, gid 1001: Operation not permitted
tar: ./rust/lib/rustlib/src/rust/library/std/src/sys/random/horizon.rs: Cannot change ownership to uid 1001, gid 1001: Operation not permitted
tar: ./rust/lib/rustlib/src/rust/library/std/src/sys/random/vxworks.rs: Cannot change ownership to uid 1001, gid 1001: Operation not permitted
tar: ./rust/lib/rustlib/src/rust/library/std/src/sys/random/hermit.rs: Cannot change ownership to uid 1001, gid 1001: Operation not permitted
tar: ./rust/lib/rustlib/src/rust/library/std/src/sys/random/unix_legacy.rs: Cannot change ownership to uid 1001, gid 1001: Operation not permitted
tar: ./rust/lib/rustlib/src/rust/library/std/src/sys/random/sgx.rs: Cannot change ownership to uid 1001, gid 1001: Operation not permitted
tar: ./rust/lib/rustlib/src/rust/library/std/src/sys/random: Cannot change ownership to uid 1001, gid 1001: Operation not permitted
tar: ./rust/lib/rustlib/src/rust/library/std/src/sys/personality/emcc.rs: Cannot change ownership to uid 1001, gid 1001: Operation not permitted
tar: ./rust/lib/rustlib/src/rust/library/std/src/sys/personality/mod.rs: Cannot change ownership to uid 1001, gid 1001: Operation not permitted
tar: ./rust/lib/rustlib/src/rust/library/std/src/sys/personality/gcc.rs: Cannot change ownership to uid 1001, gid 1001: Operation not permitted
tar: ./rust/lib/rustlib/src/rust/library/std/src/sys/personality/dwarf/eh.rs: Cannot change ownership to uid 1001, gid 1001: Operation not permitted
tar: ./rust/lib/rustlib/src/rust/library/std/src/sys/personality/dwarf/mod.rs: Cannot change ownership to uid 1001, gid 1001: Operation not permitted
tar: ./rust/lib/rustlib/src/rust/library/std/src/sys/personality/dwarf/tests.rs: Cannot change ownership to uid 1001, gid 1001: Operation not permitted
tar: ./rust/lib/rustlib/src/rust/library/std/src/sys/personality/dwarf: Cannot change ownership to uid 1001, gid 1001: Operation not permitted
tar: ./rust/lib/rustlib/src/rust/library/std/src/sys/personality: Cannot change ownership to uid 1001, gid 1001: Operation not permitted
tar: ./rust/lib/rustlib/src/rust/library/std/src/sys/backtrace.rs: Cannot change ownership to uid 1001, gid 1001: Operation not permitted
tar: ./rust/lib/rustlib/src/rust/library/std/src/sys/exit_guard.rs: Cannot change ownership to uid 1001, gid 1001: Operation not permitted
tar: ./rust/lib/rustlib/src/rust/library/std/src/sys/os_str/mod.rs: Cannot change ownership to uid 1001, gid 1001: Operation not permitted
tar: ./rust/lib/rustlib/src/rust/library/std/src/sys/os_str/bytes/tests.rs: Cannot change ownership to uid 1001, gid 1001: Operation not permitted
tar: ./rust/lib/rustlib/src/rust/library/std/src/sys/os_str/bytes: Cannot change ownership to uid 1001, gid 1001: Operation not permitted
tar: ./rust/lib/rustlib/src/rust/library/std/src/sys/os_str/wtf8.rs: Cannot change ownership to uid 1001, gid 1001: Operation not permitted
tar: ./rust/lib/rustlib/src/rust/library/std/src/sys/os_str/bytes.rs: Cannot change ownership to uid 1001, gid 1001: Operation not permitted
tar: ./rust/lib/rustlib/src/rust/library/std/src/sys/os_str: Cannot change ownership to uid 1001, gid 1001: Operation not permitted
tar: ./rust/lib/rustlib/src/rust/library/std/src/sys/alloc/uefi.rs: Cannot change ownership to uid 1001, gid 1001: Operation not permitted
tar: ./rust/lib/rustlib/src/rust/library/std/src/sys/alloc/xous.rs: Cannot change ownership to uid 1001, gid 1001: Operation not permitted
tar: ./rust/lib/rustlib/src/rust/library/std/src/sys/alloc/windows.rs: Cannot change ownership to uid 1001, gid 1001: Operation not permitted
tar: ./rust/lib/rustlib/src/rust/library/std/src/sys/alloc/unix.rs: Cannot change ownership to uid 1001, gid 1001: Operation not permitted
tar: ./rust/lib/rustlib/src/rust/library/std/src/sys/alloc/zkvm.rs: Cannot change ownership to uid 1001, gid 1001: Operation not permitted
tar: ./rust/lib/rustlib/src/rust/library/std/src/sys/alloc/mod.rs: Cannot change ownership to uid 1001, gid 1001: Operation not permitted
tar: ./rust/lib/rustlib/src/rust/library/std/src/sys/alloc/wasm.rs: Cannot change ownership to uid 1001, gid 1001: Operation not permitted
tar: ./rust/lib/rustlib/src/rust/library/std/src/sys/alloc/windows/tests.rs: Cannot change ownership to uid 1001, gid 1001: Operation not permitted
tar: ./rust/lib/rustlib/src/rust/library/std/src/sys/alloc/windows: Cannot change ownership to uid 1001, gid 1001: Operation not permitted
tar: ./rust/lib/rustlib/src/rust/library/std/src/sys/alloc/solid.rs: Cannot change ownership to uid 1001, gid 1001: Operation not permitted
tar: ./rust/lib/rustlib/src/rust/library/std/src/sys/alloc/hermit.rs: Cannot change ownership to uid 1001, gid 1001: Operation not permitted
tar: ./rust/lib/rustlib/src/rust/library/std/src/sys/alloc/sgx.rs: Cannot change ownership to uid 1001, gid 1001: Operation not permitted
tar: ./rust/lib/rustlib/src/rust/library/std/src/sys/alloc: Cannot change ownership to uid 1001, gid 1001: Operation not permitted
tar: ./rust/lib/rustlib/src/rust/library/std/src/sys/anonymous_pipe/windows.rs: Cannot change ownership to uid 1001, gid 1001: Operation not permitted
tar: ./rust/lib/rustlib/src/rust/library/std/src/sys/anonymous_pipe/unsupported.rs: Cannot change ownership to uid 1001, gid 1001: Operation not permitted
tar: ./rust/lib/rustlib/src/rust/library/std/src/sys/anonymous_pipe/unix.rs: Cannot change ownership to uid 1001, gid 1001: Operation not permitted
tar: ./rust/lib/rustlib/src/rust/library/std/src/sys/anonymous_pipe/mod.rs: Cannot change ownership to uid 1001, gid 1001: Operation not permitted
tar: ./rust/lib/rustlib/src/rust/library/std/src/sys/anonymous_pipe: Cannot change ownership to uid 1001, gid 1001: Operation not permitted
tar: ./rust/lib/rustlib/src/rust/library/std/src/sys/pal/teeos/net.rs: Cannot change ownership to uid 1001, gid 1001: Operation not permitted
tar: ./rust/lib/rustlib/src/rust/library/std/src/sys/pal/teeos/os.rs: Cannot change ownership to uid 1001, gid 1001: Operation not permitted
tar: ./rust/lib/rustlib/src/rust/library/std/src/sys/pal/teeos/thread.rs: Cannot change ownership to uid 1001, gid 1001: Operation not permitted
tar: ./rust/lib/rustlib/src/rust/library/std/src/sys/pal/teeos/mod.rs: Cannot change ownership to uid 1001, gid 1001: Operation not permitted
tar: ./rust/lib/rustlib/src/rust/library/std/src/sys/pal/teeos/stdio.rs: Cannot change ownership to uid 1001, gid 1001: Operation not permitted
tar: ./rust/lib/rustlib/src/rust/library/std/src/sys/pal/teeos: Cannot change ownership to uid 1001, gid 1001: Operation not permitted
tar: ./rust/lib/rustlib/src/rust/library/std/src/sys/pal/wasi/net.rs: Cannot change ownership to uid 1001, gid 1001: Operation not permitted
tar: ./rust/lib/rustlib/src/rust/library/std/src/sys/pal/wasi/env.rs: Cannot change ownership to uid 1001, gid 1001: Operation not permitted
tar: ./rust/lib/rustlib/src/rust/library/std/src/sys/pal/wasi/fs.rs: Cannot change ownership to uid 1001, gid 1001: Operation not permitted
tar: ./rust/lib/rustlib/src/rust/library/std/src/sys/pal/wasi/args.rs: Cannot change ownership to uid 1001, gid 1001: Operation not permitted
tar: ./rust/lib/rustlib/src/rust/library/std/src/sys/pal/wasi/os.rs: Cannot change ownership to uid 1001, gid 1001: Operation not permitted
tar: ./rust/lib/rustlib/src/rust/library/std/src/sys/pal/wasi/thread.rs: Cannot change ownership to uid 1001, gid 1001: Operation not permitted
tar: ./rust/lib/rustlib/src/rust/library/std/src/sys/pal/wasi/io.rs: Cannot change ownership to uid 1001, gid 1001: Operation not permitted
tar: ./rust/lib/rustlib/src/rust/library/std/src/sys/pal/wasi/mod.rs: Cannot change ownership to uid 1001, gid 1001: Operation not permitted
tar: ./rust/lib/rustlib/src/rust/library/std/src/sys/pal/wasi/fd.rs: Cannot change ownership to uid 1001, gid 1001: Operation not permitted
tar: ./rust/lib/rustlib/src/rust/library/std/src/sys/pal/wasi/stdio.rs: Cannot change ownership to uid 1001, gid 1001: Operation not permitted
tar: ./rust/lib/rustlib/src/rust/library/std/src/sys/pal/wasi/time.rs: Cannot change ownership to uid 1001, gid 1001: Operation not permitted
tar: ./rust/lib/rustlib/src/rust/library/std/src/sys/pal/wasi/helpers.rs: Cannot change ownership to uid 1001, gid 1001: Operation not permitted
tar: ./rust/lib/rustlib/src/rust/library/std/src/sys/pal/wasi: Cannot change ownership to uid 1001, gid 1001: Operation not permitted
tar: ./rust/lib/rustlib/src/rust/library/std/src/sys/pal/wasip2/net.rs: Cannot change ownership to uid 1001, gid 1001: Operation not permitted
tar: ./rust/lib/rustlib/src/rust/library/std/src/sys/pal/wasip2/mod.rs: Cannot change ownership to uid 1001, gid 1001: Operation not permitted
tar: ./rust/lib/rustlib/src/rust/library/std/src/sys/pal/wasip2/cabi_realloc.rs: Cannot change ownership to uid 1001, gid 1001: Operation not permitted
tar: ./rust/lib/rustlib/src/rust/library/std/src/sys/pal/wasip2: Cannot change ownership to uid 1001, gid 1001: Operation not permitted
tar: ./rust/lib/rustlib/src/rust/library/std/src/sys/pal/xous/os/params.rs: Cannot change ownership to uid 1001, gid 1001: Operation not permitted
tar: ./rust/lib/rustlib/src/rust/library/std/src/sys/pal/xous/os/params/tests.rs: Cannot change ownership to uid 1001, gid 1001: Operation not permitted
tar: ./rust/lib/rustlib/src/rust/library/std/src/sys/pal/xous/os/params: Cannot change ownership to uid 1001, gid 1001: Operation not permitted
tar: ./rust/lib/rustlib/src/rust/library/std/src/sys/pal/xous/os: Cannot change ownership to uid 1001, gid 1001: Operation not permitted
tar: ./rust/lib/rustlib/src/rust/library/std/src/sys/pal/xous/args.rs: Cannot change ownership to uid 1001, gid 1001: Operation not permitted
tar: ./rust/lib/rustlib/src/rust/library/std/src/sys/pal/xous/os.rs: Cannot change ownership to uid 1001, gid 1001: Operation not permitted
tar: ./rust/lib/rustlib/src/rust/library/std/src/sys/pal/xous/thread.rs: Cannot change ownership to uid 1001, gid 1001: Operation not permitted
tar: ./rust/lib/rustlib/src/rust/library/std/src/sys/pal/xous/mod.rs: Cannot change ownership to uid 1001, gid 1001: Operation not permitted
tar: ./rust/lib/rustlib/src/rust/library/std/src/sys/pal/xous/stdio.rs: Cannot change ownership to uid 1001, gid 1001: Operation not permitted
tar: ./rust/lib/rustlib/src/rust/library/std/src/sys/pal/xous/time.rs: Cannot change ownership to uid 1001, gid 1001: Operation not permitted
tar: ./rust/lib/rustlib/src/rust/library/std/src/sys/pal/xous/net/udp.rs: Cannot change ownership to uid 1001, gid 1001: Operation not permitted
tar: ./rust/lib/rustlib/src/rust/library/std/src/sys/pal/xous/net/mod.rs: Cannot change ownership to uid 1001, gid 1001: Operation not permitted
tar: ./rust/lib/rustlib/src/rust/library/std/src/sys/pal/xous/net/dns.rs: Cannot change ownership to uid 1001, gid 1001: Operation not permitted
tar: ./rust/lib/rustlib/src/rust/library/std/src/sys/pal/xous/net/tcplistener.rs: Cannot change ownership to uid 1001, gid 1001: Operation not permitted
tar: ./rust/lib/rustlib/src/rust/library/std/src/sys/pal/xous/net/tcpstream.rs: Cannot change ownership to uid 1001, gid 1001: Operation not permitted
tar: ./rust/lib/rustlib/src/rust/library/std/src/sys/pal/xous/net: Cannot change ownership to uid 1001, gid 1001: Operation not permitted
tar: ./rust/lib/rustlib/src/rust/library/std/src/sys/pal/xous: Cannot change ownership to uid 1001, gid 1001: Operation not permitted
tar: ./rust/lib/rustlib/src/rust/library/std/src/sys/pal/solid/net.rs: Cannot change ownership to uid 1001, gid 1001: Operation not permitted
tar: ./rust/lib/rustlib/src/rust/library/std/src/sys/pal/solid/env.rs: Cannot change ownership to uid 1001, gid 1001: Operation not permitted
tar: ./rust/lib/rustlib/src/rust/library/std/src/sys/pal/solid/fs.rs: Cannot change ownership to uid 1001, gid 1001: Operation not permitted
tar: ./rust/lib/rustlib/src/rust/library/std/src/sys/pal/solid/os.rs: Cannot change ownership to uid 1001, gid 1001: Operation not permitted
tar: ./rust/lib/rustlib/src/rust/library/std/src/sys/pal/solid/io.rs: Cannot change ownership to uid 1001, gid 1001: Operation not permitted
tar: ./rust/lib/rustlib/src/rust/library/std/src/sys/pal/solid/mod.rs: Cannot change ownership to uid 1001, gid 1001: Operation not permitted
tar: ./rust/lib/rustlib/src/rust/library/std/src/sys/pal/solid/stdio.rs: Cannot change ownership to uid 1001, gid 1001: Operation not permitted
tar: ./rust/lib/rustlib/src/rust/library/std/src/sys/pal/solid/time.rs: Cannot change ownership to uid 1001, gid 1001: Operation not permitted
tar: ./rust/lib/rustlib/src/rust/library/std/src/sys/pal/solid/error.rs: Cannot change ownership to uid 1001, gid 1001: Operation not permitted
tar: ./rust/lib/rustlib/src/rust/library/std/src/sys/pal/solid/abi/sockets.rs: Cannot change ownership to uid 1001, gid 1001: Operation not permitted
tar: ./rust/lib/rustlib/src/rust/library/std/src/sys/pal/solid/abi/fs.rs: Cannot change ownership to uid 1001, gid 1001: Operation not permitted
tar: ./rust/lib/rustlib/src/rust/library/std/src/sys/pal/solid/abi/mod.rs: Cannot change ownership to uid 1001, gid 1001: Operation not permitted
tar: ./rust/lib/rustlib/src/rust/library/std/src/sys/pal/solid/abi: Cannot change ownership to uid 1001, gid 1001: Operation not permitted
tar: ./rust/lib/rustlib/src/rust/library/std/src/sys/pal/solid: Cannot change ownership to uid 1001, gid 1001: Operation not permitted
tar: ./rust/lib/rustlib/src/rust/library/std/src/sys/pal/mod.rs: Cannot change ownership to uid 1001, gid 1001: Operation not permitted
tar: ./rust/lib/rustlib/src/rust/library/std/src/sys/pal/windows/stack_overflow_uwp.rs: Cannot change ownership to uid 1001, gid 1001: Operation not permitted
tar: ./rust/lib/rustlib/src/rust/library/std/src/sys/pal/windows/net.rs: Cannot change ownership to uid 1001, gid 1001: Operation not permitted
tar: ./rust/lib/rustlib/src/rust/library/std/src/sys/pal/windows/stdio/tests.rs: Cannot change ownership to uid 1001, gid 1001: Operation not permitted
tar: ./rust/lib/rustlib/src/rust/library/std/src/sys/pal/windows/stdio: Cannot change ownership to uid 1001, gid 1001: Operation not permitted
tar: ./rust/lib/rustlib/src/rust/library/std/src/sys/pal/windows/os/tests.rs: Cannot change ownership to uid 1001, gid 1001: Operation not permitted
tar: ./rust/lib/rustlib/src/rust/library/std/src/sys/pal/windows/os: Cannot change ownership to uid 1001, gid 1001: Operation not permitted
tar: ./rust/lib/rustlib/src/rust/library/std/src/sys/pal/windows/fs/remove_dir_all.rs: Cannot change ownership to uid 1001, gid 1001: Operation not permitted
tar: ./rust/lib/rustlib/src/rust/library/std/src/sys/pal/windows/fs: Cannot change ownership to uid 1001, gid 1001: Operation not permitted
tar: ./rust/lib/rustlib/src/rust/library/std/src/sys/pal/windows/process/tests.rs: Cannot change ownership to uid 1001, gid 1001: Operation not permitted
tar: ./rust/lib/rustlib/src/rust/library/std/src/sys/pal/windows/process: Cannot change ownership to uid 1001, gid 1001: Operation not permitted
tar: ./rust/lib/rustlib/src/rust/library/std/src/sys/pal/windows/c/bindings.txt: Cannot change ownership to uid 1001, gid 1001: Operation not permitted
tar: ./rust/lib/rustlib/src/rust/library/std/src/sys/pal/windows/c/README.md: Cannot change ownership to uid 1001, gid 1001: Operation not permitted
tar: ./rust/lib/rustlib/src/rust/library/std/src/sys/pal/windows/c/windows_sys.rs: Cannot change ownership to uid 1001, gid 1001: Operation not permitted
tar: ./rust/lib/rustlib/src/rust/library/std/src/sys/pal/windows/c: Cannot change ownership to uid 1001, gid 1001: Operation not permitted
tar: ./rust/lib/rustlib/src/rust/library/std/src/sys/pal/windows/env.rs: Cannot change ownership to uid 1001, gid 1001: Operation not permitted
tar: ./rust/lib/rustlib/src/rust/library/std/src/sys/pal/windows/pipe.rs: Cannot change ownership to uid 1001, gid 1001: Operation not permitted
tar: ./rust/lib/rustlib/src/rust/library/std/src/sys/pal/windows/fs.rs: Cannot change ownership to uid 1001, gid 1001: Operation not permitted
tar: ./rust/lib/rustlib/src/rust/library/std/src/sys/pal/windows/args.rs: Cannot change ownership to uid 1001, gid 1001: Operation not permitted
tar: ./rust/lib/rustlib/src/rust/library/std/src/sys/pal/windows/c.rs: Cannot change ownership to uid 1001, gid 1001: Operation not permitted
tar: ./rust/lib/rustlib/src/rust/library/std/src/sys/pal/windows/os.rs: Cannot change ownership to uid 1001, gid 1001: Operation not permitted
tar: ./rust/lib/rustlib/src/rust/library/std/src/sys/pal/windows/thread.rs: Cannot change ownership to uid 1001, gid 1001: Operation not permitted
tar: ./rust/lib/rustlib/src/rust/library/std/src/sys/pal/windows/io.rs: Cannot change ownership to uid 1001, gid 1001: Operation not permitted
tar: ./rust/lib/rustlib/src/rust/library/std/src/sys/pal/windows/handle/tests.rs: Cannot change ownership to uid 1001, gid 1001: Operation not permitted
tar: ./rust/lib/rustlib/src/rust/library/std/src/sys/pal/windows/handle: Cannot change ownership to uid 1001, gid 1001: Operation not permitted
tar: ./rust/lib/rustlib/src/rust/library/std/src/sys/pal/windows/mod.rs: Cannot change ownership to uid 1001, gid 1001: Operation not permitted
tar: ./rust/lib/rustlib/src/rust/library/std/src/sys/pal/windows/api/tests.rs: Cannot change ownership to uid 1001, gid 1001: Operation not permitted
tar: ./rust/lib/rustlib/src/rust/library/std/src/sys/pal/windows/api: Cannot change ownership to uid 1001, gid 1001: Operation not permitted
tar: ./rust/lib/rustlib/src/rust/library/std/src/sys/pal/windows/stdio.rs: Cannot change ownership to uid 1001, gid 1001: Operation not permitted
tar: ./rust/lib/rustlib/src/rust/library/std/src/sys/pal/windows/time.rs: Cannot change ownership to uid 1001, gid 1001: Operation not permitted
tar: ./rust/lib/rustlib/src/rust/library/std/src/sys/pal/windows/compat.rs: Cannot change ownership to uid 1001, gid 1001: Operation not permitted
tar: ./rust/lib/rustlib/src/rust/library/std/src/sys/pal/windows/handle.rs: Cannot change ownership to uid 1001, gid 1001: Operation not permitted
tar: ./rust/lib/rustlib/src/rust/library/std/src/sys/pal/windows/stack_overflow.rs: Cannot change ownership to uid 1001, gid 1001: Operation not permitted
tar: ./rust/lib/rustlib/src/rust/library/std/src/sys/pal/windows/futex.rs: Cannot change ownership to uid 1001, gid 1001: Operation not permitted
tar: ./rust/lib/rustlib/src/rust/library/std/src/sys/pal/windows/args/tests.rs: Cannot change ownership to uid 1001, gid 1001: Operation not permitted
tar: ./rust/lib/rustlib/src/rust/library/std/src/sys/pal/windows/args: Cannot change ownership to uid 1001, gid 1001: Operation not permitted
tar: ./rust/lib/rustlib/src/rust/library/std/src/sys/pal/windows/api.rs: Cannot change ownership to uid 1001, gid 1001: Operation not permitted
tar: ./rust/lib/rustlib/src/rust/library/std/src/sys/pal/windows/process.rs: Cannot change ownership to uid 1001, gid 1001: Operation not permitted
tar: ./rust/lib/rustlib/src/rust/library/std/src/sys/pal/windows: Cannot change ownership to uid 1001, gid 1001: Operation not permitted
tar: ./rust/lib/rustlib/src/rust/library/std/src/sys/pal/zkvm/env.rs: Cannot change ownership to uid 1001, gid 1001: Operation not permitted
tar: ./rust/lib/rustlib/src/rust/library/std/src/sys/pal/zkvm/args.rs: Cannot change ownership to uid 1001, gid 1001: Operation not permitted
tar: ./rust/lib/rustlib/src/rust/library/std/src/sys/pal/zkvm/os.rs: Cannot change ownership to uid 1001, gid 1001: Operation not permitted
tar: ./rust/lib/rustlib/src/rust/library/std/src/sys/pal/zkvm/mod.rs: Cannot change ownership to uid 1001, gid 1001: Operation not permitted
tar: ./rust/lib/rustlib/src/rust/library/std/src/sys/pal/zkvm/stdio.rs: Cannot change ownership to uid 1001, gid 1001: Operation not permitted
tar: ./rust/lib/rustlib/src/rust/library/std/src/sys/pal/zkvm/abi.rs: Cannot change ownership to uid 1001, gid 1001: Operation not permitted
tar: ./rust/lib/rustlib/src/rust/library/std/src/sys/pal/zkvm: Cannot change ownership to uid 1001, gid 1001: Operation not permitted
tar: ./rust/lib/rustlib/src/rust/library/std/src/sys/pal/uefi/env.rs: Cannot change ownership to uid 1001, gid 1001: Operation not permitted
tar: ./rust/lib/rustlib/src/rust/library/std/src/sys/pal/uefi/args.rs: Cannot change ownership to uid 1001, gid 1001: Operation not permitted
tar: ./rust/lib/rustlib/src/rust/library/std/src/sys/pal/uefi/os.rs: Cannot change ownership to uid 1001, gid 1001: Operation not permitted
tar: ./rust/lib/rustlib/src/rust/library/std/src/sys/pal/uefi/thread.rs: Cannot change ownership to uid 1001, gid 1001: Operation not permitted
tar: ./rust/lib/rustlib/src/rust/library/std/src/sys/pal/uefi/mod.rs: Cannot change ownership to uid 1001, gid 1001: Operation not permitted
tar: ./rust/lib/rustlib/src/rust/library/std/src/sys/pal/uefi/stdio.rs: Cannot change ownership to uid 1001, gid 1001: Operation not permitted
tar: ./rust/lib/rustlib/src/rust/library/std/src/sys/pal/uefi/time.rs: Cannot change ownership to uid 1001, gid 1001: Operation not permitted
tar: ./rust/lib/rustlib/src/rust/library/std/src/sys/pal/uefi/helpers.rs: Cannot change ownership to uid 1001, gid 1001: Operation not permitted
tar: ./rust/lib/rustlib/src/rust/library/std/src/sys/pal/uefi/tests.rs: Cannot change ownership to uid 1001, gid 1001: Operation not permitted
tar: ./rust/lib/rustlib/src/rust/library/std/src/sys/pal/uefi/process.rs: Cannot change ownership to uid 1001, gid 1001: Operation not permitted
tar: ./rust/lib/rustlib/src/rust/library/std/src/sys/pal/uefi: Cannot change ownership to uid 1001, gid 1001: Operation not permitted
tar: ./rust/lib/rustlib/src/rust/library/std/src/sys/pal/common/mod.rs: Cannot change ownership to uid 1001, gid 1001: Operation not permitted
tar: ./rust/lib/rustlib/src/rust/library/std/src/sys/pal/common/tests.rs: Cannot change ownership to uid 1001, gid 1001: Operation not permitted
tar: ./rust/lib/rustlib/src/rust/library/std/src/sys/pal/common/small_c_string.rs: Cannot change ownership to uid 1001, gid 1001: Operation not permitted
tar: ./rust/lib/rustlib/src/rust/library/std/src/sys/pal/common: Cannot change ownership to uid 1001, gid 1001: Operation not permitted
tar: ./rust/lib/rustlib/src/rust/library/std/src/sys/pal/sbf/net.rs: Cannot change ownership to uid 1001, gid 1001: Operation not permitted
tar: ./rust/lib/rustlib/src/rust/library/std/src/sys/pal/sbf/env.rs: Cannot change ownership to uid 1001, gid 1001: Operation not permitted
tar: ./rust/lib/rustlib/src/rust/library/std/src/sys/pal/sbf/fs.rs: Cannot change ownership to uid 1001, gid 1001: Operation not permitted
tar: ./rust/lib/rustlib/src/rust/library/std/src/sys/pal/sbf/args.rs: Cannot change ownership to uid 1001, gid 1001: Operation not permitted
tar: ./rust/lib/rustlib/src/rust/library/std/src/sys/pal/sbf/mutex.rs: Cannot change ownership to uid 1001, gid 1001: Operation not permitted
tar: ./rust/lib/rustlib/src/rust/library/std/src/sys/pal/sbf/os.rs: Cannot change ownership to uid 1001, gid 1001: Operation not permitted
tar: ./rust/lib/rustlib/src/rust/library/std/src/sys/pal/sbf/thread.rs: Cannot change ownership to uid 1001, gid 1001: Operation not permitted
tar: ./rust/lib/rustlib/src/rust/library/std/src/sys/pal/sbf/rwlock_atomics.rs: Cannot change ownership to uid 1001, gid 1001: Operation not permitted
tar: ./rust/lib/rustlib/src/rust/library/std/src/sys/pal/sbf/rwlock.rs: Cannot change ownership to uid 1001, gid 1001: Operation not permitted
tar: ./rust/lib/rustlib/src/rust/library/std/src/sys/pal/sbf/io.rs: Cannot change ownership to uid 1001, gid 1001: Operation not permitted
tar: ./rust/lib/rustlib/src/rust/library/std/src/sys/pal/sbf/mod.rs: Cannot change ownership to uid 1001, gid 1001: Operation not permitted
tar: ./rust/lib/rustlib/src/rust/library/std/src/sys/pal/sbf/alloc.rs: Cannot change ownership to uid 1001, gid 1001: Operation not permitted
tar: ./rust/lib/rustlib/src/rust/library/std/src/sys/pal/sbf/stdio.rs: Cannot change ownership to uid 1001, gid 1001: Operation not permitted
tar: ./rust/lib/rustlib/src/rust/library/std/src/sys/pal/sbf/mutex_atomics.rs: Cannot change ownership to uid 1001, gid 1001: Operation not permitted
tar: ./rust/lib/rustlib/src/rust/library/std/src/sys/pal/sbf/time.rs: Cannot change ownership to uid 1001, gid 1001: Operation not permitted
tar: ./rust/lib/rustlib/src/rust/library/std/src/sys/pal/sbf/condvar_atomics.rs: Cannot change ownership to uid 1001, gid 1001: Operation not permitted
tar: ./rust/lib/rustlib/src/rust/library/std/src/sys/pal/sbf/backtrace.rs: Cannot change ownership to uid 1001, gid 1001: Operation not permitted
tar: ./rust/lib/rustlib/src/rust/library/std/src/sys/pal/sbf/thread_local_atomics.rs: Cannot change ownership to uid 1001, gid 1001: Operation not permitted
tar: ./rust/lib/rustlib/src/rust/library/std/src/sys/pal/sbf/condvar.rs: Cannot change ownership to uid 1001, gid 1001: Operation not permitted
tar: ./rust/lib/rustlib/src/rust/library/std/src/sys/pal/sbf: Cannot change ownership to uid 1001, gid 1001: Operation not permitted
tar: ./rust/lib/rustlib/src/rust/library/std/src/sys/pal/hermit/net.rs: Cannot change ownership to uid 1001, gid 1001: Operation not permitted
tar: ./rust/lib/rustlib/src/rust/library/std/src/sys/pal/hermit/env.rs: Cannot change ownership to uid 1001, gid 1001: Operation not permitted
tar: ./rust/lib/rustlib/src/rust/library/std/src/sys/pal/hermit/fs.rs: Cannot change ownership to uid 1001, gid 1001: Operation not permitted
tar: ./rust/lib/rustlib/src/rust/library/std/src/sys/pal/hermit/args.rs: Cannot change ownership to uid 1001, gid 1001: Operation not permitted
tar: ./rust/lib/rustlib/src/rust/library/std/src/sys/pal/hermit/os.rs: Cannot change ownership to uid 1001, gid 1001: Operation not permitted
tar: ./rust/lib/rustlib/src/rust/library/std/src/sys/pal/hermit/thread.rs: Cannot change ownership to uid 1001, gid 1001: Operation not permitted
tar: ./rust/lib/rustlib/src/rust/library/std/src/sys/pal/hermit/io.rs: Cannot change ownership to uid 1001, gid 1001: Operation not permitted
tar: ./rust/lib/rustlib/src/rust/library/std/src/sys/pal/hermit/mod.rs: Cannot change ownership to uid 1001, gid 1001: Operation not permitted
tar: ./rust/lib/rustlib/src/rust/library/std/src/sys/pal/hermit/fd.rs: Cannot change ownership to uid 1001, gid 1001: Operation not permitted
tar: ./rust/lib/rustlib/src/rust/library/std/src/sys/pal/hermit/stdio.rs: Cannot change ownership to uid 1001, gid 1001: Operation not permitted
tar: ./rust/lib/rustlib/src/rust/library/std/src/sys/pal/hermit/time.rs: Cannot change ownership to uid 1001, gid 1001: Operation not permitted
tar: ./rust/lib/rustlib/src/rust/library/std/src/sys/pal/hermit/futex.rs: Cannot change ownership to uid 1001, gid 1001: Operation not permitted
tar: ./rust/lib/rustlib/src/rust/library/std/src/sys/pal/hermit: Cannot change ownership to uid 1001, gid 1001: Operation not permitted
tar: ./rust/lib/rustlib/src/rust/library/std/src/sys/pal/unsupported/net.rs: Cannot change ownership to uid 1001, gid 1001: Operation not permitted
tar: ./rust/lib/rustlib/src/rust/library/std/src/sys/pal/unsupported/env.rs: Cannot change ownership to uid 1001, gid 1001: Operation not permitted
tar: ./rust/lib/rustlib/src/rust/library/std/src/sys/pal/unsupported/pipe.rs: Cannot change ownership to uid 1001, gid 1001: Operation not permitted
tar: ./rust/lib/rustlib/src/rust/library/std/src/sys/pal/unsupported/fs.rs: Cannot change ownership to uid 1001, gid 1001: Operation not permitted
tar: ./rust/lib/rustlib/src/rust/library/std/src/sys/pal/unsupported/args.rs: Cannot change ownership to uid 1001, gid 1001: Operation not permitted
tar: ./rust/lib/rustlib/src/rust/library/std/src/sys/pal/unsupported/os.rs: Cannot change ownership to uid 1001, gid 1001: Operation not permitted
tar: ./rust/lib/rustlib/src/rust/library/std/src/sys/pal/unsupported/thread.rs: Cannot change ownership to uid 1001, gid 1001: Operation not permitted
tar: ./rust/lib/rustlib/src/rust/library/std/src/sys/pal/unsupported/common.rs: Cannot change ownership to uid 1001, gid 1001: Operation not permitted
tar: ./rust/lib/rustlib/src/rust/library/std/src/sys/pal/unsupported/io.rs: Cannot change ownership to uid 1001, gid 1001: Operation not permitted
tar: ./rust/lib/rustlib/src/rust/library/std/src/sys/pal/unsupported/mod.rs: Cannot change ownership to uid 1001, gid 1001: Operation not permitted
tar: ./rust/lib/rustlib/src/rust/library/std/src/sys/pal/unsupported/stdio.rs: Cannot change ownership to uid 1001, gid 1001: Operation not permitted
tar: ./rust/lib/rustlib/src/rust/library/std/src/sys/pal/unsupported/thread_local_dtor.rs: Cannot change ownership to uid 1001, gid 1001: Operation not permitted
tar: ./rust/lib/rustlib/src/rust/library/std/src/sys/pal/unsupported/time.rs: Cannot change ownership to uid 1001, gid 1001: Operation not permitted
tar: ./rust/lib/rustlib/src/rust/library/std/src/sys/pal/unsupported/process.rs: Cannot change ownership to uid 1001, gid 1001: Operation not permitted
tar: ./rust/lib/rustlib/src/rust/library/std/src/sys/pal/unsupported: Cannot change ownership to uid 1001, gid 1001: Operation not permitted
tar: ./rust/lib/rustlib/src/rust/library/std/src/sys/pal/itron/thread_parking.rs: Cannot change ownership to uid 1001, gid 1001: Operation not permitted
tar: ./rust/lib/rustlib/src/rust/library/std/src/sys/pal/itron/spin.rs: Cannot change ownership to uid 1001, gid 1001: Operation not permitted
tar: ./rust/lib/rustlib/src/rust/library/std/src/sys/pal/itron/thread.rs: Cannot change ownership to uid 1001, gid 1001: Operation not permitted
tar: ./rust/lib/rustlib/src/rust/library/std/src/sys/pal/itron/time.rs: Cannot change ownership to uid 1001, gid 1001: Operation not permitted
tar: ./rust/lib/rustlib/src/rust/library/std/src/sys/pal/itron/error.rs: Cannot change ownership to uid 1001, gid 1001: Operation not permitted
tar: ./rust/lib/rustlib/src/rust/library/std/src/sys/pal/itron/abi.rs: Cannot change ownership to uid 1001, gid 1001: Operation not permitted
tar: ./rust/lib/rustlib/src/rust/library/std/src/sys/pal/itron/task.rs: Cannot change ownership to uid 1001, gid 1001: Operation not permitted
tar: ./rust/lib/rustlib/src/rust/library/std/src/sys/pal/itron/time/tests.rs: Cannot change ownership to uid 1001, gid 1001: Operation not permitted
tar: ./rust/lib/rustlib/src/rust/library/std/src/sys/pal/itron/time: Cannot change ownership to uid 1001, gid 1001: Operation not permitted
tar: ./rust/lib/rustlib/src/rust/library/std/src/sys/pal/itron: Cannot change ownership to uid 1001, gid 1001: Operation not permitted
tar: ./rust/lib/rustlib/src/rust/library/std/src/sys/pal/wasm/env.rs: Cannot change ownership to uid 1001, gid 1001: Operation not permitted
tar: ./rust/lib/rustlib/src/rust/library/std/src/sys/pal/wasm/mod.rs: Cannot change ownership to uid 1001, gid 1001: Operation not permitted
tar: ./rust/lib/rustlib/src/rust/library/std/src/sys/pal/wasm/atomics/thread.rs: Cannot change ownership to uid 1001, gid 1001: Operation not permitted
tar: ./rust/lib/rustlib/src/rust/library/std/src/sys/pal/wasm/atomics/futex.rs: Cannot change ownership to uid 1001, gid 1001: Operation not permitted
tar: ./rust/lib/rustlib/src/rust/library/std/src/sys/pal/wasm/atomics: Cannot change ownership to uid 1001, gid 1001: Operation not permitted
tar: ./rust/lib/rustlib/src/rust/library/std/src/sys/pal/wasm: Cannot change ownership to uid 1001, gid 1001: Operation not permitted
tar: ./rust/lib/rustlib/src/rust/library/std/src/sys/pal/unix/net.rs: Cannot change ownership to uid 1001, gid 1001: Operation not permitted
tar: ./rust/lib/rustlib/src/rust/library/std/src/sys/pal/unix/thread_parking.rs: Cannot change ownership to uid 1001, gid 1001: Operation not permitted
tar: ./rust/lib/rustlib/src/rust/library/std/src/sys/pal/unix/os/tests.rs: Cannot change ownership to uid 1001, gid 1001: Operation not permitted
tar: ./rust/lib/rustlib/src/rust/library/std/src/sys/pal/unix/os: Cannot change ownership to uid 1001, gid 1001: Operation not permitted
tar: ./rust/lib/rustlib/src/rust/library/std/src/sys/pal/unix/fs/tests.rs: Cannot change ownership to uid 1001, gid 1001: Operation not permitted
tar: ./rust/lib/rustlib/src/rust/library/std/src/sys/pal/unix/fs: Cannot change ownership to uid 1001, gid 1001: Operation not permitted
tar: ./rust/lib/rustlib/src/rust/library/std/src/sys/pal/unix/process/process_unix/tests.rs: Cannot change ownership to uid 1001, gid 1001: Operation not permitted
tar: ./rust/lib/rustlib/src/rust/library/std/src/sys/pal/unix/process/process_unix: Cannot change ownership to uid 1001, gid 1001: Operation not permitted
tar: ./rust/lib/rustlib/src/rust/library/std/src/sys/pal/unix/process/process_unix.rs: Cannot change ownership to uid 1001, gid 1001: Operation not permitted
tar: ./rust/lib/rustlib/src/rust/library/std/src/sys/pal/unix/process/zircon.rs: Cannot change ownership to uid 1001, gid 1001: Operation not permitted
tar: ./rust/lib/rustlib/src/rust/library/std/src/sys/pal/unix/process/process_unsupported/wait_status.rs: Cannot change ownership to uid 1001, gid 1001: Operation not permitted
tar: ./rust/lib/rustlib/src/rust/library/std/src/sys/pal/unix/process/process_unsupported/wait_status/tests.rs: Cannot change ownership to uid 1001, gid 1001: Operation not permitted
tar: ./rust/lib/rustlib/src/rust/library/std/src/sys/pal/unix/process/process_unsupported/wait_status: Cannot change ownership to uid 1001, gid 1001: Operation not permitted
tar: ./rust/lib/rustlib/src/rust/library/std/src/sys/pal/unix/process/process_unsupported: Cannot change ownership to uid 1001, gid 1001: Operation not permitted
tar: ./rust/lib/rustlib/src/rust/library/std/src/sys/pal/unix/process/mod.rs: Cannot change ownership to uid 1001, gid 1001: Operation not permitted
tar: ./rust/lib/rustlib/src/rust/library/std/src/sys/pal/unix/process/process_common.rs: Cannot change ownership to uid 1001, gid 1001: Operation not permitted
tar: ./rust/lib/rustlib/src/rust/library/std/src/sys/pal/unix/process/process_common/tests.rs: Cannot change ownership to uid 1001, gid 1001: Operation not permitted
tar: ./rust/lib/rustlib/src/rust/library/std/src/sys/pal/unix/process/process_common: Cannot change ownership to uid 1001, gid 1001: Operation not permitted
tar: ./rust/lib/rustlib/src/rust/library/std/src/sys/pal/unix/process/process_unsupported.rs: Cannot change ownership to uid 1001, gid 1001: Operation not permitted
tar: ./rust/lib/rustlib/src/rust/library/std/src/sys/pal/unix/process/process_fuchsia.rs: Cannot change ownership to uid 1001, gid 1001: Operation not permitted
tar: ./rust/lib/rustlib/src/rust/library/std/src/sys/pal/unix/process/process_vxworks.rs: Cannot change ownership to uid 1001, gid 1001: Operation not permitted
tar: ./rust/lib/rustlib/src/rust/library/std/src/sys/pal/unix/process: Cannot change ownership to uid 1001, gid 1001: Operation not permitted
tar: ./rust/lib/rustlib/src/rust/library/std/src/sys/pal/unix/env.rs: Cannot change ownership to uid 1001, gid 1001: Operation not permitted
tar: ./rust/lib/rustlib/src/rust/library/std/src/sys/pal/unix/pipe.rs: Cannot change ownership to uid 1001, gid 1001: Operation not permitted
tar: ./rust/lib/rustlib/src/rust/library/std/src/sys/pal/unix/fs.rs: Cannot change ownership to uid 1001, gid 1001: Operation not permitted
tar: ./rust/lib/rustlib/src/rust/library/std/src/sys/pal/unix/args.rs: Cannot change ownership to uid 1001, gid 1001: Operation not permitted
tar: ./rust/lib/rustlib/src/rust/library/std/src/sys/pal/unix/os.rs: Cannot change ownership to uid 1001, gid 1001: Operation not permitted
tar: ./rust/lib/rustlib/src/rust/library/std/src/sys/pal/unix/thread.rs: Cannot change ownership to uid 1001, gid 1001: Operation not permitted
tar: ./rust/lib/rustlib/src/rust/library/std/src/sys/pal/unix/weak.rs: Cannot change ownership to uid 1001, gid 1001: Operation not permitted
tar: ./rust/lib/rustlib/src/rust/library/std/src/sys/pal/unix/io.rs: Cannot change ownership to uid 1001, gid 1001: Operation not permitted
tar: ./rust/lib/rustlib/src/rust/library/std/src/sys/pal/unix/mod.rs: Cannot change ownership to uid 1001, gid 1001: Operation not permitted
tar: ./rust/lib/rustlib/src/rust/library/std/src/sys/pal/unix/fd.rs: Cannot change ownership to uid 1001, gid 1001: Operation not permitted
tar: ./rust/lib/rustlib/src/rust/library/std/src/sys/pal/unix/kernel_copy.rs: Cannot change ownership to uid 1001, gid 1001: Operation not permitted
tar: ./rust/lib/rustlib/src/rust/library/std/src/sys/pal/unix/stdio.rs: Cannot change ownership to uid 1001, gid 1001: Operation not permitted
tar: ./rust/lib/rustlib/src/rust/library/std/src/sys/pal/unix/time.rs: Cannot change ownership to uid 1001, gid 1001: Operation not permitted
tar: ./rust/lib/rustlib/src/rust/library/std/src/sys/pal/unix/stack_overflow.rs: Cannot change ownership to uid 1001, gid 1001: Operation not permitted
tar: ./rust/lib/rustlib/src/rust/library/std/src/sys/pal/unix/linux/pidfd/tests.rs: Cannot change ownership to uid 1001, gid 1001: Operation not permitted
tar: ./rust/lib/rustlib/src/rust/library/std/src/sys/pal/unix/linux/pidfd: Cannot change ownership to uid 1001, gid 1001: Operation not permitted
tar: ./rust/lib/rustlib/src/rust/library/std/src/sys/pal/unix/linux/mod.rs: Cannot change ownership to uid 1001, gid 1001: Operation not permitted
tar: ./rust/lib/rustlib/src/rust/library/std/src/sys/pal/unix/linux/pidfd.rs: Cannot change ownership to uid 1001, gid 1001: Operation not permitted
tar: ./rust/lib/rustlib/src/rust/library/std/src/sys/pal/unix/linux: Cannot change ownership to uid 1001, gid 1001: Operation not permitted
tar: ./rust/lib/rustlib/src/rust/library/std/src/sys/pal/unix/futex.rs: Cannot change ownership to uid 1001, gid 1001: Operation not permitted
tar: ./rust/lib/rustlib/src/rust/library/std/src/sys/pal/unix/fd/tests.rs: Cannot change ownership to uid 1001, gid 1001: Operation not permitted
tar: ./rust/lib/rustlib/src/rust/library/std/src/sys/pal/unix/fd: Cannot change ownership to uid 1001, gid 1001: Operation not permitted
tar: ./rust/lib/rustlib/src/rust/library/std/src/sys/pal/unix/l4re.rs: Cannot change ownership to uid 1001, gid 1001: Operation not permitted
tar: ./rust/lib/rustlib/src/rust/library/std/src/sys/pal/unix/kernel_copy/tests.rs: Cannot change ownership to uid 1001, gid 1001: Operation not permitted
tar: ./rust/lib/rustlib/src/rust/library/std/src/sys/pal/unix/kernel_copy: Cannot change ownership to uid 1001, gid 1001: Operation not permitted
tar: ./rust/lib/rustlib/src/rust/library/std/src/sys/pal/unix: Cannot change ownership to uid 1001, gid 1001: Operation not permitted
tar: ./rust/lib/rustlib/src/rust/library/std/src/sys/pal/sgx/net.rs: Cannot change ownership to uid 1001, gid 1001: Operation not permitted
tar: ./rust/lib/rustlib/src/rust/library/std/src/sys/pal/sgx/thread_parking.rs: Cannot change ownership to uid 1001, gid 1001: Operation not permitted
tar: ./rust/lib/rustlib/src/rust/library/std/src/sys/pal/sgx/env.rs: Cannot change ownership to uid 1001, gid 1001: Operation not permitted
tar: ./rust/lib/rustlib/src/rust/library/std/src/sys/pal/sgx/args.rs: Cannot change ownership to uid 1001, gid 1001: Operation not permitted
tar: ./rust/lib/rustlib/src/rust/library/std/src/sys/pal/sgx/os.rs: Cannot change ownership to uid 1001, gid 1001: Operation not permitted
tar: ./rust/lib/rustlib/src/rust/library/std/src/sys/pal/sgx/thread.rs: Cannot change ownership to uid 1001, gid 1001: Operation not permitted
tar: ./rust/lib/rustlib/src/rust/library/std/src/sys/pal/sgx/libunwind_integration.rs: Cannot change ownership to uid 1001, gid 1001: Operation not permitted
tar: ./rust/lib/rustlib/src/rust/library/std/src/sys/pal/sgx/mod.rs: Cannot change ownership to uid 1001, gid 1001: Operation not permitted
tar: ./rust/lib/rustlib/src/rust/library/std/src/sys/pal/sgx/fd.rs: Cannot change ownership to uid 1001, gid 1001: Operation not permitted
tar: ./rust/lib/rustlib/src/rust/library/std/src/sys/pal/sgx/stdio.rs: Cannot change ownership to uid 1001, gid 1001: Operation not permitted
tar: ./rust/lib/rustlib/src/rust/library/std/src/sys/pal/sgx/time.rs: Cannot change ownership to uid 1001, gid 1001: Operation not permitted
tar: ./rust/lib/rustlib/src/rust/library/std/src/sys/pal/sgx/waitqueue/unsafe_list/tests.rs: Cannot change ownership to uid 1001, gid 1001: Operation not permitted
tar: ./rust/lib/rustlib/src/rust/library/std/src/sys/pal/sgx/waitqueue/unsafe_list: Cannot change ownership to uid 1001, gid 1001: Operation not permitted
tar: ./rust/lib/rustlib/src/rust/library/std/src/sys/pal/sgx/waitqueue/spin_mutex.rs: Cannot change ownership to uid 1001, gid 1001: Operation not permitted
tar: ./rust/lib/rustlib/src/rust/library/std/src/sys/pal/sgx/waitqueue/mod.rs: Cannot change ownership to uid 1001, gid 1001: Operation not permitted
tar: ./rust/lib/rustlib/src/rust/library/std/src/sys/pal/sgx/waitqueue/spin_mutex/tests.rs: Cannot change ownership to uid 1001, gid 1001: Operation not permitted
tar: ./rust/lib/rustlib/src/rust/library/std/src/sys/pal/sgx/waitqueue/spin_mutex: Cannot change ownership to uid 1001, gid 1001: Operation not permitted
tar: ./rust/lib/rustlib/src/rust/library/std/src/sys/pal/sgx/waitqueue/unsafe_list.rs: Cannot change ownership to uid 1001, gid 1001: Operation not permitted
tar: ./rust/lib/rustlib/src/rust/library/std/src/sys/pal/sgx/waitqueue/tests.rs: Cannot change ownership to uid 1001, gid 1001: Operation not permitted
tar: ./rust/lib/rustlib/src/rust/library/std/src/sys/pal/sgx/waitqueue: Cannot change ownership to uid 1001, gid 1001: Operation not permitted
tar: ./rust/lib/rustlib/src/rust/library/std/src/sys/pal/sgx/abi/tls/mod.rs: Cannot change ownership to uid 1001, gid 1001: Operation not permitted
tar: ./rust/lib/rustlib/src/rust/library/std/src/sys/pal/sgx/abi/tls/sync_bitset.rs: Cannot change ownership to uid 1001, gid 1001: Operation not permitted
tar: ./rust/lib/rustlib/src/rust/library/std/src/sys/pal/sgx/abi/tls/sync_bitset/tests.rs: Cannot change ownership to uid 1001, gid 1001: Operation not permitted
tar: ./rust/lib/rustlib/src/rust/library/std/src/sys/pal/sgx/abi/tls/sync_bitset: Cannot change ownership to uid 1001, gid 1001: Operation not permitted
tar: ./rust/lib/rustlib/src/rust/library/std/src/sys/pal/sgx/abi/tls: Cannot change ownership to uid 1001, gid 1001: Operation not permitted
tar: ./rust/lib/rustlib/src/rust/library/std/src/sys/pal/sgx/abi/thread.rs: Cannot change ownership to uid 1001, gid 1001: Operation not permitted
tar: ./rust/lib/rustlib/src/rust/library/std/src/sys/pal/sgx/abi/mod.rs: Cannot change ownership to uid 1001, gid 1001: Operation not permitted
tar: ./rust/lib/rustlib/src/rust/library/std/src/sys/pal/sgx/abi/panic.rs: Cannot change ownership to uid 1001, gid 1001: Operation not permitted
tar: ./rust/lib/rustlib/src/rust/library/std/src/sys/pal/sgx/abi/reloc.rs: Cannot change ownership to uid 1001, gid 1001: Operation not permitted
tar: ./rust/lib/rustlib/src/rust/library/std/src/sys/pal/sgx/abi/mem.rs: Cannot change ownership to uid 1001, gid 1001: Operation not permitted
tar: ./rust/lib/rustlib/src/rust/library/std/src/sys/pal/sgx/abi/usercalls/raw.rs: Cannot change ownership to uid 1001, gid 1001: Operation not permitted
tar: ./rust/lib/rustlib/src/rust/library/std/src/sys/pal/sgx/abi/usercalls/mod.rs: Cannot change ownership to uid 1001, gid 1001: Operation not permitted
tar: ./rust/lib/rustlib/src/rust/library/std/src/sys/pal/sgx/abi/usercalls/alloc.rs: Cannot change ownership to uid 1001, gid 1001: Operation not permitted
tar: ./rust/lib/rustlib/src/rust/library/std/src/sys/pal/sgx/abi/usercalls/tests.rs: Cannot change ownership to uid 1001, gid 1001: Operation not permitted
tar: ./rust/lib/rustlib/src/rust/library/std/src/sys/pal/sgx/abi/usercalls: Cannot change ownership to uid 1001, gid 1001: Operation not permitted
tar: ./rust/lib/rustlib/src/rust/library/std/src/sys/pal/sgx/abi/entry.S: Cannot change ownership to uid 1001, gid 1001: Operation not permitted
tar: ./rust/lib/rustlib/src/rust/library/std/src/sys/pal/sgx/abi: Cannot change ownership to uid 1001, gid 1001: Operation not permitted
tar: ./rust/lib/rustlib/src/rust/library/std/src/sys/pal/sgx: Cannot change ownership to uid 1001, gid 1001: Operation not permitted
tar: ./rust/lib/rustlib/src/rust/library/std/src/sys/pal: Cannot change ownership to uid 1001, gid 1001: Operation not permitted
tar: ./rust/lib/rustlib/src/rust/library/std/src/sys: Cannot change ownership to uid 1001, gid 1001: Operation not permitted
tar: ./rust/lib/rustlib/src/rust/library/std/src/process.rs: Cannot change ownership to uid 1001, gid 1001: Operation not permitted
tar: ./rust/lib/rustlib/src/rust/library/std/src/rt.rs: Cannot change ownership to uid 1001, gid 1001: Operation not permitted
tar: ./rust/lib/rustlib/src/rust/library/std/src: Cannot change ownership to uid 1001, gid 1001: Operation not permitted
tar: ./rust/lib/rustlib/src/rust/library/std/tests/windows.rs: Cannot change ownership to uid 1001, gid 1001: Operation not permitted
tar: ./rust/lib/rustlib/src/rust/library/std/tests/process_spawning.rs: Cannot change ownership to uid 1001, gid 1001: Operation not permitted
tar: ./rust/lib/rustlib/src/rust/library/std/tests/env.rs: Cannot change ownership to uid 1001, gid 1001: Operation not permitted
tar: ./rust/lib/rustlib/src/rust/library/std/tests/thread.rs: Cannot change ownership to uid 1001, gid 1001: Operation not permitted
tar: ./rust/lib/rustlib/src/rust/library/std/tests/seq-compare.rs: Cannot change ownership to uid 1001, gid 1001: Operation not permitted
tar: ./rust/lib/rustlib/src/rust/library/std/tests/switch-stdout.rs: Cannot change ownership to uid 1001, gid 1001: Operation not permitted
tar: ./rust/lib/rustlib/src/rust/library/std/tests/create_dir_all_bare.rs: Cannot change ownership to uid 1001, gid 1001: Operation not permitted
tar: ./rust/lib/rustlib/src/rust/library/std/tests/run-time-detect.rs: Cannot change ownership to uid 1001, gid 1001: Operation not permitted
tar: ./rust/lib/rustlib/src/rust/library/std/tests/builtin-clone.rs: Cannot change ownership to uid 1001, gid 1001: Operation not permitted
tar: ./rust/lib/rustlib/src/rust/library/std/tests/minmax-stability-issue-23687.rs: Cannot change ownership to uid 1001, gid 1001: Operation not permitted
tar: ./rust/lib/rustlib/src/rust/library/std/tests/pipe_subprocess.rs: Cannot change ownership to uid 1001, gid 1001: Operation not permitted
tar: ./rust/lib/rustlib/src/rust/library/std/tests/type-name-unsized.rs: Cannot change ownership to uid 1001, gid 1001: Operation not permitted
tar: ./rust/lib/rustlib/src/rust/library/std/tests/slice-from-array-issue-113238.rs: Cannot change ownership to uid 1001, gid 1001: Operation not permitted
tar: ./rust/lib/rustlib/src/rust/library/std/tests/eq-multidispatch.rs: Cannot change ownership to uid 1001, gid 1001: Operation not permitted
tar: ./rust/lib/rustlib/src/rust/library/std/tests/common/mod.rs: Cannot change ownership to uid 1001, gid 1001: Operation not permitted
tar: ./rust/lib/rustlib/src/rust/library/std/tests/common: Cannot change ownership to uid 1001, gid 1001: Operation not permitted
tar: ./rust/lib/rustlib/src/rust/library/std/tests/istr.rs: Cannot change ownership to uid 1001, gid 1001: Operation not permitted
tar: ./rust/lib/rustlib/src/rust/library/std/tests/log-knows-the-names-of-variants-in-std.rs: Cannot change ownership to uid 1001, gid 1001: Operation not permitted
tar: ./rust/lib/rustlib/src/rust/library/std/tests/volatile-fat-ptr.rs: Cannot change ownership to uid 1001, gid 1001: Operation not permitted
tar: ./rust/lib/rustlib/src/rust/library/std/tests: Cannot change ownership to uid 1001, gid 1001: Operation not permitted
tar: ./rust/lib/rustlib/src/rust/library/std/benches/hash/mod.rs: Cannot change ownership to uid 1001, gid 1001: Operation not permitted
tar: ./rust/lib/rustlib/src/rust/library/std/benches/hash/map.rs: Cannot change ownership to uid 1001, gid 1001: Operation not permitted
tar: ./rust/lib/rustlib/src/rust/library/std/benches/hash/set_ops.rs: Cannot change ownership to uid 1001, gid 1001: Operation not permitted
tar: ./rust/lib/rustlib/src/rust/library/std/benches/hash: Cannot change ownership to uid 1001, gid 1001: Operation not permitted
tar: ./rust/lib/rustlib/src/rust/library/std/benches/lib.rs: Cannot change ownership to uid 1001, gid 1001: Operation not permitted
tar: ./rust/lib/rustlib/src/rust/library/std/benches: Cannot change ownership to uid 1001, gid 1001: Operation not permitted
tar: ./rust/lib/rustlib/src/rust/library/std: Cannot change ownership to uid 1001, gid 1001: Operation not permitted
tar: ./rust/lib/rustlib/src/rust/library/rtstartup/rsbegin.rs: Cannot change ownership to uid 1001, gid 1001: Operation not permitted
tar: ./rust/lib/rustlib/src/rust/library/rtstartup/rsend.rs: Cannot change ownership to uid 1001, gid 1001: Operation not permitted
tar: ./rust/lib/rustlib/src/rust/library/rtstartup: Cannot change ownership to uid 1001, gid 1001: Operation not permitted
tar: ./rust/lib/rustlib/src/rust/library/rustc-std-workspace-alloc/Cargo.toml: Cannot change ownership to uid 1001, gid 1001: Operation not permitted
tar: ./rust/lib/rustlib/src/rust/library/rustc-std-workspace-alloc/lib.rs: Cannot change ownership to uid 1001, gid 1001: Operation not permitted
tar: ./rust/lib/rustlib/src/rust/library/rustc-std-workspace-alloc: Cannot change ownership to uid 1001, gid 1001: Operation not permitted
tar: ./rust/lib/rustlib/src/rust/library/alloc/Cargo.toml: Cannot change ownership to uid 1001, gid 1001: Operation not permitted
tar: ./rust/lib/rustlib/src/rust/library/alloc/src/ffi/c_str.rs: Cannot change ownership to uid 1001, gid 1001: Operation not permitted
tar: ./rust/lib/rustlib/src/rust/library/alloc/src/ffi/mod.rs: Cannot change ownership to uid 1001, gid 1001: Operation not permitted
tar: ./rust/lib/rustlib/src/rust/library/alloc/src/ffi/c_str/tests.rs: Cannot change ownership to uid 1001, gid 1001: Operation not permitted
tar: ./rust/lib/rustlib/src/rust/library/alloc/src/ffi/c_str: Cannot change ownership to uid 1001, gid 1001: Operation not permitted
tar: ./rust/lib/rustlib/src/rust/library/alloc/src/ffi: Cannot change ownership to uid 1001, gid 1001: Operation not permitted
tar: ./rust/lib/rustlib/src/rust/library/alloc/src/raw_vec/tests.rs: Cannot change ownership to uid 1001, gid 1001: Operation not permitted
tar: ./rust/lib/rustlib/src/rust/library/alloc/src/raw_vec: Cannot change ownership to uid 1001, gid 1001: Operation not permitted
tar: ./rust/lib/rustlib/src/rust/library/alloc/src/sync/tests.rs: Cannot change ownership to uid 1001, gid 1001: Operation not permitted
tar: ./rust/lib/rustlib/src/rust/library/alloc/src/sync: Cannot change ownership to uid 1001, gid 1001: Operation not permitted
tar: ./rust/lib/rustlib/src/rust/library/alloc/src/collections/binary_heap/mod.rs: Cannot change ownership to uid 1001, gid 1001: Operation not permitted
tar: ./rust/lib/rustlib/src/rust/library/alloc/src/collections/binary_heap/tests.rs: Cannot change ownership to uid 1001, gid 1001: Operation not permitted
tar: ./rust/lib/rustlib/src/rust/library/alloc/src/collections/binary_heap: Cannot change ownership to uid 1001, gid 1001: Operation not permitted
tar: ./rust/lib/rustlib/src/rust/library/alloc/src/collections/linked_list/tests.rs: Cannot change ownership to uid 1001, gid 1001: Operation not permitted
tar: ./rust/lib/rustlib/src/rust/library/alloc/src/collections/linked_list: Cannot change ownership to uid 1001, gid 1001: Operation not permitted
tar: ./rust/lib/rustlib/src/rust/library/alloc/src/collections/mod.rs: Cannot change ownership to uid 1001, gid 1001: Operation not permitted
tar: ./rust/lib/rustlib/src/rust/library/alloc/src/collections/vec_deque/macros.rs: Cannot change ownership to uid 1001, gid 1001: Operation not permitted
tar: ./rust/lib/rustlib/src/rust/library/alloc/src/collections/vec_deque/into_iter.rs: Cannot change ownership to uid 1001, gid 1001: Operation not permitted
tar: ./rust/lib/rustlib/src/rust/library/alloc/src/collections/vec_deque/iter.rs: Cannot change ownership to uid 1001, gid 1001: Operation not permitted
tar: ./rust/lib/rustlib/src/rust/library/alloc/src/collections/vec_deque/spec_extend.rs: Cannot change ownership to uid 1001, gid 1001: Operation not permitted
tar: ./rust/lib/rustlib/src/rust/library/alloc/src/collections/vec_deque/drain.rs: Cannot change ownership to uid 1001, gid 1001: Operation not permitted
tar: ./rust/lib/rustlib/src/rust/library/alloc/src/collections/vec_deque/mod.rs: Cannot change ownership to uid 1001, gid 1001: Operation not permitted
tar: ./rust/lib/rustlib/src/rust/library/alloc/src/collections/vec_deque/spec_from_iter.rs: Cannot change ownership to uid 1001, gid 1001: Operation not permitted
tar: ./rust/lib/rustlib/src/rust/library/alloc/src/collections/vec_deque/iter_mut.rs: Cannot change ownership to uid 1001, gid 1001: Operation not permitted
tar: ./rust/lib/rustlib/src/rust/library/alloc/src/collections/vec_deque/tests.rs: Cannot change ownership to uid 1001, gid 1001: Operation not permitted
tar: ./rust/lib/rustlib/src/rust/library/alloc/src/collections/vec_deque: Cannot change ownership to uid 1001, gid 1001: Operation not permitted
tar: ./rust/lib/rustlib/src/rust/library/alloc/src/collections/linked_list.rs: Cannot change ownership to uid 1001, gid 1001: Operation not permitted
tar: ./rust/lib/rustlib/src/rust/library/alloc/src/collections/btree/map/entry.rs: Cannot change ownership to uid 1001, gid 1001: Operation not permitted
tar: ./rust/lib/rustlib/src/rust/library/alloc/src/collections/btree/map/tests.rs: Cannot change ownership to uid 1001, gid 1001: Operation not permitted
tar: ./rust/lib/rustlib/src/rust/library/alloc/src/collections/btree/map: Cannot change ownership to uid 1001, gid 1001: Operation not permitted
tar: ./rust/lib/rustlib/src/rust/library/alloc/src/collections/btree/borrow/tests.rs: Cannot change ownership to uid 1001, gid 1001: Operation not permitted
tar: ./rust/lib/rustlib/src/rust/library/alloc/src/collections/btree/borrow: Cannot change ownership to uid 1001, gid 1001: Operation not permitted
tar: ./rust/lib/rustlib/src/rust/library/alloc/src/collections/btree/merge_iter.rs: Cannot change ownership to uid 1001, gid 1001: Operation not permitted
tar: ./rust/lib/rustlib/src/rust/library/alloc/src/collections/btree/fix.rs: Cannot change ownership to uid 1001, gid 1001: Operation not permitted
tar: ./rust/lib/rustlib/src/rust/library/alloc/src/collections/btree/node.rs: Cannot change ownership to uid 1001, gid 1001: Operation not permitted
tar: ./rust/lib/rustlib/src/rust/library/alloc/src/collections/btree/node/tests.rs: Cannot change ownership to uid 1001, gid 1001: Operation not permitted
tar: ./rust/lib/rustlib/src/rust/library/alloc/src/collections/btree/node: Cannot change ownership to uid 1001, gid 1001: Operation not permitted
tar: ./rust/lib/rustlib/src/rust/library/alloc/src/collections/btree/set_val.rs: Cannot change ownership to uid 1001, gid 1001: Operation not permitted
tar: ./rust/lib/rustlib/src/rust/library/alloc/src/collections/btree/borrow.rs: Cannot change ownership to uid 1001, gid 1001: Operation not permitted
tar: ./rust/lib/rustlib/src/rust/library/alloc/src/collections/btree/mod.rs: Cannot change ownership to uid 1001, gid 1001: Operation not permitted
tar: ./rust/lib/rustlib/src/rust/library/alloc/src/collections/btree/set.rs: Cannot change ownership to uid 1001, gid 1001: Operation not permitted
tar: ./rust/lib/rustlib/src/rust/library/alloc/src/collections/btree/remove.rs: Cannot change ownership to uid 1001, gid 1001: Operation not permitted
tar: ./rust/lib/rustlib/src/rust/library/alloc/src/collections/btree/set/tests.rs: Cannot change ownership to uid 1001, gid 1001: Operation not permitted
tar: ./rust/lib/rustlib/src/rust/library/alloc/src/collections/btree/set: Cannot change ownership to uid 1001, gid 1001: Operation not permitted
tar: ./rust/lib/rustlib/src/rust/library/alloc/src/collections/btree/mem.rs: Cannot change ownership to uid 1001, gid 1001: Operation not permitted
tar: ./rust/lib/rustlib/src/rust/library/alloc/src/collections/btree/map.rs: Cannot change ownership to uid 1001, gid 1001: Operation not permitted
tar: ./rust/lib/rustlib/src/rust/library/alloc/src/collections/btree/dedup_sorted_iter.rs: Cannot change ownership to uid 1001, gid 1001: Operation not permitted
tar: ./rust/lib/rustlib/src/rust/library/alloc/src/collections/btree/navigate.rs: Cannot change ownership to uid 1001, gid 1001: Operation not permitted
tar: ./rust/lib/rustlib/src/rust/library/alloc/src/collections/btree/append.rs: Cannot change ownership to uid 1001, gid 1001: Operation not permitted
tar: ./rust/lib/rustlib/src/rust/library/alloc/src/collections/btree/search.rs: Cannot change ownership to uid 1001, gid 1001: Operation not permitted
tar: ./rust/lib/rustlib/src/rust/library/alloc/src/collections/btree/split.rs: Cannot change ownership to uid 1001, gid 1001: Operation not permitted
tar: ./rust/lib/rustlib/src/rust/library/alloc/src/collections/btree: Cannot change ownership to uid 1001, gid 1001: Operation not permitted
tar: ./rust/lib/rustlib/src/rust/library/alloc/src/collections: Cannot change ownership to uid 1001, gid 1001: Operation not permitted
tar: ./rust/lib/rustlib/src/rust/library/alloc/src/macros.rs: Cannot change ownership to uid 1001, gid 1001: Operation not permitted
tar: ./rust/lib/rustlib/src/rust/library/alloc/src/rc/tests.rs: Cannot change ownership to uid 1001, gid 1001: Operation not permitted
tar: ./rust/lib/rustlib/src/rust/library/alloc/src/rc: Cannot change ownership to uid 1001, gid 1001: Operation not permitted
tar: ./rust/lib/rustlib/src/rust/library/alloc/src/lib.miri.rs: Cannot change ownership to uid 1001, gid 1001: Operation not permitted
tar: ./rust/lib/rustlib/src/rust/library/alloc/src/testing/crash_test.rs: Cannot change ownership to uid 1001, gid 1001: Operation not permitted
tar: ./rust/lib/rustlib/src/rust/library/alloc/src/testing/mod.rs: Cannot change ownership to uid 1001, gid 1001: Operation not permitted
tar: ./rust/lib/rustlib/src/rust/library/alloc/src/testing/ord_chaos.rs: Cannot change ownership to uid 1001, gid 1001: Operation not permitted
tar: ./rust/lib/rustlib/src/rust/library/alloc/src/testing/rng.rs: Cannot change ownership to uid 1001, gid 1001: Operation not permitted
tar: ./rust/lib/rustlib/src/rust/library/alloc/src/testing: Cannot change ownership to uid 1001, gid 1001: Operation not permitted
tar: ./rust/lib/rustlib/src/rust/library/alloc/src/fmt.rs: Cannot change ownership to uid 1001, gid 1001: Operation not permitted
tar: ./rust/lib/rustlib/src/rust/library/alloc/src/borrow.rs: Cannot change ownership to uid 1001, gid 1001: Operation not permitted
tar: ./rust/lib/rustlib/src/rust/library/alloc/src/alloc.rs: Cannot change ownership to uid 1001, gid 1001: Operation not permitted
tar: ./rust/lib/rustlib/src/rust/library/alloc/src/slice.rs: Cannot change ownership to uid 1001, gid 1001: Operation not permitted
tar: ./rust/lib/rustlib/src/rust/library/alloc/src/boxed.rs: Cannot change ownership to uid 1001, gid 1001: Operation not permitted
tar: ./rust/lib/rustlib/src/rust/library/alloc/src/lib.rs: Cannot change ownership to uid 1001, gid 1001: Operation not permitted
tar: ./rust/lib/rustlib/src/rust/library/alloc/src/sync.rs: Cannot change ownership to uid 1001, gid 1001: Operation not permitted
tar: ./rust/lib/rustlib/src/rust/library/alloc/src/string.rs: Cannot change ownership to uid 1001, gid 1001: Operation not permitted
tar: ./rust/lib/rustlib/src/rust/library/alloc/src/rc.rs: Cannot change ownership to uid 1001, gid 1001: Operation not permitted
tar: ./rust/lib/rustlib/src/rust/library/alloc/src/boxed/thin.rs: Cannot change ownership to uid 1001, gid 1001: Operation not permitted
tar: ./rust/lib/rustlib/src/rust/library/alloc/src/boxed/iter.rs: Cannot change ownership to uid 1001, gid 1001: Operation not permitted
tar: ./rust/lib/rustlib/src/rust/library/alloc/src/boxed/convert.rs: Cannot change ownership to uid 1001, gid 1001: Operation not permitted
tar: ./rust/lib/rustlib/src/rust/library/alloc/src/boxed: Cannot change ownership to uid 1001, gid 1001: Operation not permitted
tar: ./rust/lib/rustlib/src/rust/library/alloc/src/raw_vec.rs: Cannot change ownership to uid 1001, gid 1001: Operation not permitted
tar: ./rust/lib/rustlib/src/rust/library/alloc/src/vec/partial_eq.rs: Cannot change ownership to uid 1001, gid 1001: Operation not permitted
tar: ./rust/lib/rustlib/src/rust/library/alloc/src/vec/spec_from_iter_nested.rs: Cannot change ownership to uid 1001, gid 1001: Operation not permitted
tar: ./rust/lib/rustlib/src/rust/library/alloc/src/vec/extract_if.rs: Cannot change ownership to uid 1001, gid 1001: Operation not permitted
tar: ./rust/lib/rustlib/src/rust/library/alloc/src/vec/into_iter.rs: Cannot change ownership to uid 1001, gid 1001: Operation not permitted
tar: ./rust/lib/rustlib/src/rust/library/alloc/src/vec/spec_extend.rs: Cannot change ownership to uid 1001, gid 1001: Operation not permitted
tar: ./rust/lib/rustlib/src/rust/library/alloc/src/vec/drain.rs: Cannot change ownership to uid 1001, gid 1001: Operation not permitted
tar: ./rust/lib/rustlib/src/rust/library/alloc/src/vec/mod.rs: Cannot change ownership to uid 1001, gid 1001: Operation not permitted
tar: ./rust/lib/rustlib/src/rust/library/alloc/src/vec/cow.rs: Cannot change ownership to uid 1001, gid 1001: Operation not permitted
tar: ./rust/lib/rustlib/src/rust/library/alloc/src/vec/is_zero.rs: Cannot change ownership to uid 1001, gid 1001: Operation not permitted
tar: ./rust/lib/rustlib/src/rust/library/alloc/src/vec/spec_from_iter.rs: Cannot change ownership to uid 1001, gid 1001: Operation not permitted
tar: ./rust/lib/rustlib/src/rust/library/alloc/src/vec/set_len_on_drop.rs: Cannot change ownership to uid 1001, gid 1001: Operation not permitted
tar: ./rust/lib/rustlib/src/rust/library/alloc/src/vec/spec_from_elem.rs: Cannot change ownership to uid 1001, gid 1001: Operation not permitted
tar: ./rust/lib/rustlib/src/rust/library/alloc/src/vec/in_place_drop.rs: Cannot change ownership to uid 1001, gid 1001: Operation not permitted
tar: ./rust/lib/rustlib/src/rust/library/alloc/src/vec/in_place_collect.rs: Cannot change ownership to uid 1001, gid 1001: Operation not permitted
tar: ./rust/lib/rustlib/src/rust/library/alloc/src/vec/splice.rs: Cannot change ownership to uid 1001, gid 1001: Operation not permitted
tar: ./rust/lib/rustlib/src/rust/library/alloc/src/vec: Cannot change ownership to uid 1001, gid 1001: Operation not permitted
tar: ./rust/lib/rustlib/src/rust/library/alloc/src/alloc/tests.rs: Cannot change ownership to uid 1001, gid 1001: Operation not permitted
tar: ./rust/lib/rustlib/src/rust/library/alloc/src/alloc: Cannot change ownership to uid 1001, gid 1001: Operation not permitted
tar: ./rust/lib/rustlib/src/rust/library/alloc/src/task.rs: Cannot change ownership to uid 1001, gid 1001: Operation not permitted
tar: ./rust/lib/rustlib/src/rust/library/alloc/src/str.rs: Cannot change ownership to uid 1001, gid 1001: Operation not permitted
tar: ./rust/lib/rustlib/src/rust/library/alloc/src/tests.rs: Cannot change ownership to uid 1001, gid 1001: Operation not permitted
tar: ./rust/lib/rustlib/src/rust/library/alloc/src: Cannot change ownership to uid 1001, gid 1001: Operation not permitted
tar: ./rust/lib/rustlib/src/rust/library/alloc/tests/thin_box.rs: Cannot change ownership to uid 1001, gid 1001: Operation not permitted
tar: ./rust/lib/rustlib/src/rust/library/alloc/tests/btree_set_hash.rs: Cannot change ownership to uid 1001, gid 1001: Operation not permitted
tar: ./rust/lib/rustlib/src/rust/library/alloc/tests/c_str.rs: Cannot change ownership to uid 1001, gid 1001: Operation not permitted
tar: ./rust/lib/rustlib/src/rust/library/alloc/tests/vec_deque_alloc_error.rs: Cannot change ownership to uid 1001, gid 1001: Operation not permitted
tar: ./rust/lib/rustlib/src/rust/library/alloc/tests/fmt.rs: Cannot change ownership to uid 1001, gid 1001: Operation not permitted
tar: ./rust/lib/rustlib/src/rust/library/alloc/tests/borrow.rs: Cannot change ownership to uid 1001, gid 1001: Operation not permitted
tar: ./rust/lib/rustlib/src/rust/library/alloc/tests/slice.rs: Cannot change ownership to uid 1001, gid 1001: Operation not permitted
tar: ./rust/lib/rustlib/src/rust/library/alloc/tests/boxed.rs: Cannot change ownership to uid 1001, gid 1001: Operation not permitted
tar: ./rust/lib/rustlib/src/rust/library/alloc/tests/lib.rs: Cannot change ownership to uid 1001, gid 1001: Operation not permitted
tar: ./rust/lib/rustlib/src/rust/library/alloc/tests/string.rs: Cannot change ownership to uid 1001, gid 1001: Operation not permitted
tar: ./rust/lib/rustlib/src/rust/library/alloc/tests/const_fns.rs: Cannot change ownership to uid 1001, gid 1001: Operation not permitted
tar: ./rust/lib/rustlib/src/rust/library/alloc/tests/linked_list.rs: Cannot change ownership to uid 1001, gid 1001: Operation not permitted
tar: ./rust/lib/rustlib/src/rust/library/alloc/tests/rc.rs: Cannot change ownership to uid 1001, gid 1001: Operation not permitted
tar: ./rust/lib/rustlib/src/rust/library/alloc/tests/arc.rs: Cannot change ownership to uid 1001, gid 1001: Operation not permitted
tar: ./rust/lib/rustlib/src/rust/library/alloc/tests/heap.rs: Cannot change ownership to uid 1001, gid 1001: Operation not permitted
tar: ./rust/lib/rustlib/src/rust/library/alloc/tests/vec.rs: Cannot change ownership to uid 1001, gid 1001: Operation not permitted
tar: ./rust/lib/rustlib/src/rust/library/alloc/tests/autotraits.rs: Cannot change ownership to uid 1001, gid 1001: Operation not permitted
tar: ./rust/lib/rustlib/src/rust/library/alloc/tests/vec_deque.rs: Cannot change ownership to uid 1001, gid 1001: Operation not permitted
tar: ./rust/lib/rustlib/src/rust/library/alloc/tests/cow_str.rs: Cannot change ownership to uid 1001, gid 1001: Operation not permitted
tar: ./rust/lib/rustlib/src/rust/library/alloc/tests/task.rs: Cannot change ownership to uid 1001, gid 1001: Operation not permitted
tar: ./rust/lib/rustlib/src/rust/library/alloc/tests/str.rs: Cannot change ownership to uid 1001, gid 1001: Operation not permitted
tar: ./rust/lib/rustlib/src/rust/library/alloc/tests/sort/ffi_types.rs: Cannot change ownership to uid 1001, gid 1001: Operation not permitted
tar: ./rust/lib/rustlib/src/rust/library/alloc/tests/sort/mod.rs: Cannot change ownership to uid 1001, gid 1001: Operation not permitted
tar: ./rust/lib/rustlib/src/rust/library/alloc/tests/sort/known_good_stable_sort.rs: Cannot change ownership to uid 1001, gid 1001: Operation not permitted
tar: ./rust/lib/rustlib/src/rust/library/alloc/tests/sort/zipf.rs: Cannot change ownership to uid 1001, gid 1001: Operation not permitted
tar: ./rust/lib/rustlib/src/rust/library/alloc/tests/sort/tests.rs: Cannot change ownership to uid 1001, gid 1001: Operation not permitted
tar: ./rust/lib/rustlib/src/rust/library/alloc/tests/sort/patterns.rs: Cannot change ownership to uid 1001, gid 1001: Operation not permitted
tar: ./rust/lib/rustlib/src/rust/library/alloc/tests/sort: Cannot change ownership to uid 1001, gid 1001: Operation not permitted
tar: ./rust/lib/rustlib/src/rust/library/alloc/tests: Cannot change ownership to uid 1001, gid 1001: Operation not permitted
tar: ./rust/lib/rustlib/src/rust/library/alloc/benches/binary_heap.rs: Cannot change ownership to uid 1001, gid 1001: Operation not permitted
tar: ./rust/lib/rustlib/src/rust/library/alloc/benches/slice.rs: Cannot change ownership to uid 1001, gid 1001: Operation not permitted
tar: ./rust/lib/rustlib/src/rust/library/alloc/benches/lib.rs: Cannot change ownership to uid 1001, gid 1001: Operation not permitted
tar: ./rust/lib/rustlib/src/rust/library/alloc/benches/string.rs: Cannot change ownership to uid 1001, gid 1001: Operation not permitted
tar: ./rust/lib/rustlib/src/rust/library/alloc/benches/linked_list.rs: Cannot change ownership to uid 1001, gid 1001: Operation not permitted
tar: ./rust/lib/rustlib/src/rust/library/alloc/benches/vec_deque_append.rs: Cannot change ownership to uid 1001, gid 1001: Operation not permitted
tar: ./rust/lib/rustlib/src/rust/library/alloc/benches/vec.rs: Cannot change ownership to uid 1001, gid 1001: Operation not permitted
tar: ./rust/lib/rustlib/src/rust/library/alloc/benches/vec_deque.rs: Cannot change ownership to uid 1001, gid 1001: Operation not permitted
tar: ./rust/lib/rustlib/src/rust/library/alloc/benches/btree/mod.rs: Cannot change ownership to uid 1001, gid 1001: Operation not permitted
tar: ./rust/lib/rustlib/src/rust/library/alloc/benches/btree/set.rs: Cannot change ownership to uid 1001, gid 1001: Operation not permitted
tar: ./rust/lib/rustlib/src/rust/library/alloc/benches/btree/map.rs: Cannot change ownership to uid 1001, gid 1001: Operation not permitted
tar: ./rust/lib/rustlib/src/rust/library/alloc/benches/btree: Cannot change ownership to uid 1001, gid 1001: Operation not permitted
tar: ./rust/lib/rustlib/src/rust/library/alloc/benches/str.rs: Cannot change ownership to uid 1001, gid 1001: Operation not permitted
tar: ./rust/lib/rustlib/src/rust/library/alloc/benches: Cannot change ownership to uid 1001, gid 1001: Operation not permitted
tar: ./rust/lib/rustlib/src/rust/library/alloc: Cannot change ownership to uid 1001, gid 1001: Operation not permitted
tar: ./rust/lib/rustlib/src/rust/library/windows_targets/Cargo.toml: Cannot change ownership to uid 1001, gid 1001: Operation not permitted
tar: ./rust/lib/rustlib/src/rust/library/windows_targets/src/lib.rs: Cannot change ownership to uid 1001, gid 1001: Operation not permitted
tar: ./rust/lib/rustlib/src/rust/library/windows_targets/src: Cannot change ownership to uid 1001, gid 1001: Operation not permitted
tar: ./rust/lib/rustlib/src/rust/library/windows_targets: Cannot change ownership to uid 1001, gid 1001: Operation not permitted
tar: ./rust/lib/rustlib/src/rust/library/test/Cargo.toml: Cannot change ownership to uid 1001, gid 1001: Operation not permitted
tar: ./rust/lib/rustlib/src/rust/library/test/src/bench.rs: Cannot change ownership to uid 1001, gid 1001: Operation not permitted
tar: ./rust/lib/rustlib/src/rust/library/test/src/stats.rs: Cannot change ownership to uid 1001, gid 1001: Operation not permitted
tar: ./rust/lib/rustlib/src/rust/library/test/src/cli.rs: Cannot change ownership to uid 1001, gid 1001: Operation not permitted
tar: ./rust/lib/rustlib/src/rust/library/test/src/types.rs: Cannot change ownership to uid 1001, gid 1001: Operation not permitted
tar: ./rust/lib/rustlib/src/rust/library/test/src/term/win.rs: Cannot change ownership to uid 1001, gid 1001: Operation not permitted
tar: ./rust/lib/rustlib/src/rust/library/test/src/term/terminfo/searcher.rs: Cannot change ownership to uid 1001, gid 1001: Operation not permitted
tar: ./rust/lib/rustlib/src/rust/library/test/src/term/terminfo/parm/tests.rs: Cannot change ownership to uid 1001, gid 1001: Operation not permitted
tar: ./rust/lib/rustlib/src/rust/library/test/src/term/terminfo/parm: Cannot change ownership to uid 1001, gid 1001: Operation not permitted
tar: ./rust/lib/rustlib/src/rust/library/test/src/term/terminfo/searcher/tests.rs: Cannot change ownership to uid 1001, gid 1001: Operation not permitted
tar: ./rust/lib/rustlib/src/rust/library/test/src/term/terminfo/searcher: Cannot change ownership to uid 1001, gid 1001: Operation not permitted
tar: ./rust/lib/rustlib/src/rust/library/test/src/term/terminfo/mod.rs: Cannot change ownership to uid 1001, gid 1001: Operation not permitted
tar: ./rust/lib/rustlib/src/rust/library/test/src/term/terminfo/parm.rs: Cannot change ownership to uid 1001, gid 1001: Operation not permitted
tar: ./rust/lib/rustlib/src/rust/library/test/src/term/terminfo/parser/compiled/tests.rs: Cannot change ownership to uid 1001, gid 1001: Operation not permitted
tar: ./rust/lib/rustlib/src/rust/library/test/src/term/terminfo/parser/compiled: Cannot change ownership to uid 1001, gid 1001: Operation not permitted
tar: ./rust/lib/rustlib/src/rust/library/test/src/term/terminfo/parser/compiled.rs: Cannot change ownership to uid 1001, gid 1001: Operation not permitted
tar: ./rust/lib/rustlib/src/rust/library/test/src/term/terminfo/parser: Cannot change ownership to uid 1001, gid 1001: Operation not permitted
tar: ./rust/lib/rustlib/src/rust/library/test/src/term/terminfo: Cannot change ownership to uid 1001, gid 1001: Operation not permitted
tar: ./rust/lib/rustlib/src/rust/library/test/src/term: Cannot change ownership to uid 1001, gid 1001: Operation not permitted
tar: ./rust/lib/rustlib/src/rust/library/test/src/term.rs: Cannot change ownership to uid 1001, gid 1001: Operation not permitted
tar: ./rust/lib/rustlib/src/rust/library/test/src/options.rs: Cannot change ownership to uid 1001, gid 1001: Operation not permitted
tar: ./rust/lib/rustlib/src/rust/library/test/src/time.rs: Cannot change ownership to uid 1001, gid 1001: Operation not permitted
tar: ./rust/lib/rustlib/src/rust/library/test/src/lib.rs: Cannot change ownership to uid 1001, gid 1001: Operation not permitted
tar: ./rust/lib/rustlib/src/rust/library/test/src/test_result.rs: Cannot change ownership to uid 1001, gid 1001: Operation not permitted
tar: ./rust/lib/rustlib/src/rust/library/test/src/formatters/terse.rs: Cannot change ownership to uid 1001, gid 1001: Operation not permitted
tar: ./rust/lib/rustlib/src/rust/library/test/src/formatters/json.rs: Cannot change ownership to uid 1001, gid 1001: Operation not permitted
tar: ./rust/lib/rustlib/src/rust/library/test/src/formatters/junit.rs: Cannot change ownership to uid 1001, gid 1001: Operation not permitted
tar: ./rust/lib/rustlib/src/rust/library/test/src/formatters/mod.rs: Cannot change ownership to uid 1001, gid 1001: Operation not permitted
tar: ./rust/lib/rustlib/src/rust/library/test/src/formatters/pretty.rs: Cannot change ownership to uid 1001, gid 1001: Operation not permitted
tar: ./rust/lib/rustlib/src/rust/library/test/src/formatters: Cannot change ownership to uid 1001, gid 1001: Operation not permitted
tar: ./rust/lib/rustlib/src/rust/library/test/src/stats/tests.rs: Cannot change ownership to uid 1001, gid 1001: Operation not permitted
tar: ./rust/lib/rustlib/src/rust/library/test/src/stats: Cannot change ownership to uid 1001, gid 1001: Operation not permitted
tar: ./rust/lib/rustlib/src/rust/library/test/src/event.rs: Cannot change ownership to uid 1001, gid 1001: Operation not permitted
tar: ./rust/lib/rustlib/src/rust/library/test/src/helpers/concurrency.rs: Cannot change ownership to uid 1001, gid 1001: Operation not permitted
tar: ./rust/lib/rustlib/src/rust/library/test/src/helpers/mod.rs: Cannot change ownership to uid 1001, gid 1001: Operation not permitted
tar: ./rust/lib/rustlib/src/rust/library/test/src/helpers/metrics.rs: Cannot change ownership to uid 1001, gid 1001: Operation not permitted
tar: ./rust/lib/rustlib/src/rust/library/test/src/helpers/shuffle.rs: Cannot change ownership to uid 1001, gid 1001: Operation not permitted
tar: ./rust/lib/rustlib/src/rust/library/test/src/helpers: Cannot change ownership to uid 1001, gid 1001: Operation not permitted
tar: ./rust/lib/rustlib/src/rust/library/test/src/tests.rs: Cannot change ownership to uid 1001, gid 1001: Operation not permitted
tar: ./rust/lib/rustlib/src/rust/library/test/src/console.rs: Cannot change ownership to uid 1001, gid 1001: Operation not permitted
tar: ./rust/lib/rustlib/src/rust/library/test/src: Cannot change ownership to uid 1001, gid 1001: Operation not permitted
tar: ./rust/lib/rustlib/src/rust/library/test: Cannot change ownership to uid 1001, gid 1001: Operation not permitted
tar: ./rust/lib/rustlib/src/rust/library/core/Cargo.toml: Cannot change ownership to uid 1001, gid 1001: Operation not permitted
tar: ./rust/lib/rustlib/src/rust/library/core/src/ptr/unique.rs: Cannot change ownership to uid 1001, gid 1001: Operation not permitted
tar: ./rust/lib/rustlib/src/rust/library/core/src/ptr/const_ptr.rs: Cannot change ownership to uid 1001, gid 1001: Operation not permitted
tar: ./rust/lib/rustlib/src/rust/library/core/src/ptr/mod.rs: Cannot change ownership to uid 1001, gid 1001: Operation not permitted
tar: ./rust/lib/rustlib/src/rust/library/core/src/ptr/non_null.rs: Cannot change ownership to uid 1001, gid 1001: Operation not permitted
tar: ./rust/lib/rustlib/src/rust/library/core/src/ptr/metadata.rs: Cannot change ownership to uid 1001, gid 1001: Operation not permitted
tar: ./rust/lib/rustlib/src/rust/library/core/src/ptr/alignment.rs: Cannot change ownership to uid 1001, gid 1001: Operation not permitted
tar: ./rust/lib/rustlib/src/rust/library/core/src/ptr/mut_ptr.rs: Cannot change ownership to uid 1001, gid 1001: Operation not permitted
tar: ./rust/lib/rustlib/src/rust/library/core/src/ptr: Cannot change ownership to uid 1001, gid 1001: Operation not permitted
tar: ./rust/lib/rustlib/src/rust/library/core/src/option.rs: Cannot change ownership to uid 1001, gid 1001: Operation not permitted
tar: ./rust/lib/rustlib/src/rust/library/core/src/default.rs: Cannot change ownership to uid 1001, gid 1001: Operation not permitted
tar: ./rust/lib/rustlib/src/rust/library/core/src/ops/arith.rs: Cannot change ownership to uid 1001, gid 1001: Operation not permitted
tar: ./rust/lib/rustlib/src/rust/library/core/src/ops/unsize.rs: Cannot change ownership to uid 1001, gid 1001: Operation not permitted
tar: ./rust/lib/rustlib/src/rust/library/core/src/ops/mod.rs: Cannot change ownership to uid 1001, gid 1001: Operation not permitted
tar: ./rust/lib/rustlib/src/rust/library/core/src/ops/index_range.rs: Cannot change ownership to uid 1001, gid 1001: Operation not permitted
tar: ./rust/lib/rustlib/src/rust/library/core/src/ops/control_flow.rs: Cannot change ownership to uid 1001, gid 1001: Operation not permitted
tar: ./rust/lib/rustlib/src/rust/library/core/src/ops/function.rs: Cannot change ownership to uid 1001, gid 1001: Operation not permitted
tar: ./rust/lib/rustlib/src/rust/library/core/src/ops/coroutine.rs: Cannot change ownership to uid 1001, gid 1001: Operation not permitted
tar: ./rust/lib/rustlib/src/rust/library/core/src/ops/deref.rs: Cannot change ownership to uid 1001, gid 1001: Operation not permitted
tar: ./rust/lib/rustlib/src/rust/library/core/src/ops/bit.rs: Cannot change ownership to uid 1001, gid 1001: Operation not permitted
tar: ./rust/lib/rustlib/src/rust/library/core/src/ops/range.rs: Cannot change ownership to uid 1001, gid 1001: Operation not permitted
tar: ./rust/lib/rustlib/src/rust/library/core/src/ops/drop.rs: Cannot change ownership to uid 1001, gid 1001: Operation not permitted
tar: ./rust/lib/rustlib/src/rust/library/core/src/ops/index.rs: Cannot change ownership to uid 1001, gid 1001: Operation not permitted
tar: ./rust/lib/rustlib/src/rust/library/core/src/ops/try_trait.rs: Cannot change ownership to uid 1001, gid 1001: Operation not permitted
tar: ./rust/lib/rustlib/src/rust/library/core/src/ops/async_function.rs: Cannot change ownership to uid 1001, gid 1001: Operation not permitted
tar: ./rust/lib/rustlib/src/rust/library/core/src/ops: Cannot change ownership to uid 1001, gid 1001: Operation not permitted
tar: ./rust/lib/rustlib/src/rust/library/core/src/bool.rs: Cannot change ownership to uid 1001, gid 1001: Operation not permitted
tar: ./rust/lib/rustlib/src/rust/library/core/src/cell/once.rs: Cannot change ownership to uid 1001, gid 1001: Operation not permitted
tar: ./rust/lib/rustlib/src/rust/library/core/src/cell/lazy.rs: Cannot change ownership to uid 1001, gid 1001: Operation not permitted
tar: ./rust/lib/rustlib/src/rust/library/core/src/cell: Cannot change ownership to uid 1001, gid 1001: Operation not permitted
tar: ./rust/lib/rustlib/src/rust/library/core/src/cmp/bytewise.rs: Cannot change ownership to uid 1001, gid 1001: Operation not permitted
tar: ./rust/lib/rustlib/src/rust/library/core/src/cmp: Cannot change ownership to uid 1001, gid 1001: Operation not permitted
tar: ./rust/lib/rustlib/src/rust/library/core/src/ffi/c_char.md: Cannot change ownership to uid 1001, gid 1001: Operation not permitted
tar: ./rust/lib/rustlib/src/rust/library/core/src/ffi/va_list.rs: Cannot change ownership to uid 1001, gid 1001: Operation not permitted
tar: ./rust/lib/rustlib/src/rust/library/core/src/ffi/c_void.md: Cannot change ownership to uid 1001, gid 1001: Operation not permitted
tar: ./rust/lib/rustlib/src/rust/library/core/src/ffi/c_str.rs: Cannot change ownership to uid 1001, gid 1001: Operation not permitted
tar: ./rust/lib/rustlib/src/rust/library/core/src/ffi/c_int.md: Cannot change ownership to uid 1001, gid 1001: Operation not permitted
tar: ./rust/lib/rustlib/src/rust/library/core/src/ffi/mod.rs: Cannot change ownership to uid 1001, gid 1001: Operation not permitted
tar: ./rust/lib/rustlib/src/rust/library/core/src/ffi/c_short.md: Cannot change ownership to uid 1001, gid 1001: Operation not permitted
tar: ./rust/lib/rustlib/src/rust/library/core/src/ffi/c_uchar.md: Cannot change ownership to uid 1001, gid 1001: Operation not permitted
tar: ./rust/lib/rustlib/src/rust/library/core/src/ffi/c_uint.md: Cannot change ownership to uid 1001, gid 1001: Operation not permitted
tar: ./rust/lib/rustlib/src/rust/library/core/src/ffi/c_schar.md: Cannot change ownership to uid 1001, gid 1001: Operation not permitted
tar: ./rust/lib/rustlib/src/rust/library/core/src/ffi/c_double.md: Cannot change ownership to uid 1001, gid 1001: Operation not permitted
tar: ./rust/lib/rustlib/src/rust/library/core/src/ffi/c_long.md: Cannot change ownership to uid 1001, gid 1001: Operation not permitted
tar: ./rust/lib/rustlib/src/rust/library/core/src/ffi/c_longlong.md: Cannot change ownership to uid 1001, gid 1001: Operation not permitted
tar: ./rust/lib/rustlib/src/rust/library/core/src/ffi/c_ushort.md: Cannot change ownership to uid 1001, gid 1001: Operation not permitted
tar: ./rust/lib/rustlib/src/rust/library/core/src/ffi/c_ulong.md: Cannot change ownership to uid 1001, gid 1001: Operation not permitted
tar: ./rust/lib/rustlib/src/rust/library/core/src/ffi/c_ulonglong.md: Cannot change ownership to uid 1001, gid 1001: Operation not permitted
tar: ./rust/lib/rustlib/src/rust/library/core/src/ffi/c_float.md: Cannot change ownership to uid 1001, gid 1001: Operation not permitted
tar: ./rust/lib/rustlib/src/rust/library/core/src/ffi: Cannot change ownership to uid 1001, gid 1001: Operation not permitted
tar: ./rust/lib/rustlib/src/rust/library/core/src/sync/atomic.rs: Cannot change ownership to uid 1001, gid 1001: Operation not permitted
tar: ./rust/lib/rustlib/src/rust/library/core/src/sync/mod.rs: Cannot change ownership to uid 1001, gid 1001: Operation not permitted
tar: ./rust/lib/rustlib/src/rust/library/core/src/sync/exclusive.rs: Cannot change ownership to uid 1001, gid 1001: Operation not permitted
tar: ./rust/lib/rustlib/src/rust/library/core/src/sync: Cannot change ownership to uid 1001, gid 1001: Operation not permitted
tar: ./rust/lib/rustlib/src/rust/library/core/src/unit.rs: Cannot change ownership to uid 1001, gid 1001: Operation not permitted
tar: ./rust/lib/rustlib/src/rust/library/core/src/primitive.rs: Cannot change ownership to uid 1001, gid 1001: Operation not permitted
tar: ./rust/lib/rustlib/src/rust/library/core/src/hash/mod.rs: Cannot change ownership to uid 1001, gid 1001: Operation not permitted
tar: ./rust/lib/rustlib/src/rust/library/core/src/hash/sip.rs: Cannot change ownership to uid 1001, gid 1001: Operation not permitted
tar: ./rust/lib/rustlib/src/rust/library/core/src/hash: Cannot change ownership to uid 1001, gid 1001: Operation not permitted
tar: ./rust/lib/rustlib/src/rust/library/core/src/convert/mod.rs: Cannot change ownership to uid 1001, gid 1001: Operation not permitted
tar: ./rust/lib/rustlib/src/rust/library/core/src/convert/num.rs: Cannot change ownership to uid 1001, gid 1001: Operation not permitted
tar: ./rust/lib/rustlib/src/rust/library/core/src/convert: Cannot change ownership to uid 1001, gid 1001: Operation not permitted
tar: ./rust/lib/rustlib/src/rust/library/core/src/intrinsics/mod.rs: Cannot change ownership to uid 1001, gid 1001: Operation not permitted
tar: ./rust/lib/rustlib/src/rust/library/core/src/intrinsics/mir.rs: Cannot change ownership to uid 1001, gid 1001: Operation not permitted
tar: ./rust/lib/rustlib/src/rust/library/core/src/intrinsics/simd.rs: Cannot change ownership to uid 1001, gid 1001: Operation not permitted
tar: ./rust/lib/rustlib/src/rust/library/core/src/intrinsics: Cannot change ownership to uid 1001, gid 1001: Operation not permitted
tar: ./rust/lib/rustlib/src/rust/library/core/src/fmt/fmt_trait_method_doc.md: Cannot change ownership to uid 1001, gid 1001: Operation not permitted
tar: ./rust/lib/rustlib/src/rust/library/core/src/fmt/builders.rs: Cannot change ownership to uid 1001, gid 1001: Operation not permitted
tar: ./rust/lib/rustlib/src/rust/library/core/src/fmt/mod.rs: Cannot change ownership to uid 1001, gid 1001: Operation not permitted
tar: ./rust/lib/rustlib/src/rust/library/core/src/fmt/num.rs: Cannot change ownership to uid 1001, gid 1001: Operation not permitted
tar: ./rust/lib/rustlib/src/rust/library/core/src/fmt/float.rs: Cannot change ownership to uid 1001, gid 1001: Operation not permitted
tar: ./rust/lib/rustlib/src/rust/library/core/src/fmt/nofloat.rs: Cannot change ownership to uid 1001, gid 1001: Operation not permitted
tar: ./rust/lib/rustlib/src/rust/library/core/src/fmt/rt.rs: Cannot change ownership to uid 1001, gid 1001: Operation not permitted
tar: ./rust/lib/rustlib/src/rust/library/core/src/fmt: Cannot change ownership to uid 1001, gid 1001: Operation not permitted
tar: ./rust/lib/rustlib/src/rust/library/core/src/panic/location.rs: Cannot change ownership to uid 1001, gid 1001: Operation not permitted
tar: ./rust/lib/rustlib/src/rust/library/core/src/panic/panic_info.rs: Cannot change ownership to uid 1001, gid 1001: Operation not permitted
tar: ./rust/lib/rustlib/src/rust/library/core/src/panic/unwind_safe.rs: Cannot change ownership to uid 1001, gid 1001: Operation not permitted
tar: ./rust/lib/rustlib/src/rust/library/core/src/panic: Cannot change ownership to uid 1001, gid 1001: Operation not permitted
tar: ./rust/lib/rustlib/src/rust/library/core/src/lib.miri.rs: Cannot change ownership to uid 1001, gid 1001: Operation not permitted
tar: ./rust/lib/rustlib/src/rust/library/core/src/async_iter/async_iter.rs: Cannot change ownership to uid 1001, gid 1001: Operation not permitted
tar: ./rust/lib/rustlib/src/rust/library/core/src/async_iter/from_iter.rs: Cannot change ownership to uid 1001, gid 1001: Operation not permitted
tar: ./rust/lib/rustlib/src/rust/library/core/src/async_iter/mod.rs: Cannot change ownership to uid 1001, gid 1001: Operation not permitted
tar: ./rust/lib/rustlib/src/rust/library/core/src/async_iter: Cannot change ownership to uid 1001, gid 1001: Operation not permitted
tar: ./rust/lib/rustlib/src/rust/library/core/src/macros/mod.rs: Cannot change ownership to uid 1001, gid 1001: Operation not permitted
tar: ./rust/lib/rustlib/src/rust/library/core/src/macros/panic.md: Cannot change ownership to uid 1001, gid 1001: Operation not permitted
tar: ./rust/lib/rustlib/src/rust/library/core/src/macros: Cannot change ownership to uid 1001, gid 1001: Operation not permitted
tar: ./rust/lib/rustlib/src/rust/library/core/src/iter/adapters/zip.rs: Cannot change ownership to uid 1001, gid 1001: Operation not permitted
tar: ./rust/lib/rustlib/src/rust/library/core/src/iter/adapters/map_windows.rs: Cannot change ownership to uid 1001, gid 1001: Operation not permitted
tar: ./rust/lib/rustlib/src/rust/library/core/src/iter/adapters/copied.rs: Cannot change ownership to uid 1001, gid 1001: Operation not permitted
tar: ./rust/lib/rustlib/src/rust/library/core/src/iter/adapters/map_while.rs: Cannot change ownership to uid 1001, gid 1001: Operation not permitted
tar: ./rust/lib/rustlib/src/rust/library/core/src/iter/adapters/peekable.rs: Cannot change ownership to uid 1001, gid 1001: Operation not permitted
tar: ./rust/lib/rustlib/src/rust/library/core/src/iter/adapters/enumerate.rs: Cannot change ownership to uid 1001, gid 1001: Operation not permitted
tar: ./rust/lib/rustlib/src/rust/library/core/src/iter/adapters/rev.rs: Cannot change ownership to uid 1001, gid 1001: Operation not permitted
tar: ./rust/lib/rustlib/src/rust/library/core/src/iter/adapters/scan.rs: Cannot change ownership to uid 1001, gid 1001: Operation not permitted
tar: ./rust/lib/rustlib/src/rust/library/core/src/iter/adapters/mod.rs: Cannot change ownership to uid 1001, gid 1001: Operation not permitted
tar: ./rust/lib/rustlib/src/rust/library/core/src/iter/adapters/fuse.rs: Cannot change ownership to uid 1001, gid 1001: Operation not permitted
tar: ./rust/lib/rustlib/src/rust/library/core/src/iter/adapters/take.rs: Cannot change ownership to uid 1001, gid 1001: Operation not permitted
tar: ./rust/lib/rustlib/src/rust/library/core/src/iter/adapters/step_by.rs: Cannot change ownership to uid 1001, gid 1001: Operation not permitted
tar: ./rust/lib/rustlib/src/rust/library/core/src/iter/adapters/filter.rs: Cannot change ownership to uid 1001, gid 1001: Operation not permitted
tar: ./rust/lib/rustlib/src/rust/library/core/src/iter/adapters/flatten.rs: Cannot change ownership to uid 1001, gid 1001: Operation not permitted
tar: ./rust/lib/rustlib/src/rust/library/core/src/iter/adapters/take_while.rs: Cannot change ownership to uid 1001, gid 1001: Operation not permitted
tar: ./rust/lib/rustlib/src/rust/library/core/src/iter/adapters/map.rs: Cannot change ownership to uid 1001, gid 1001: Operation not permitted
tar: ./rust/lib/rustlib/src/rust/library/core/src/iter/adapters/chain.rs: Cannot change ownership to uid 1001, gid 1001: Operation not permitted
tar: ./rust/lib/rustlib/src/rust/library/core/src/iter/adapters/by_ref_sized.rs: Cannot change ownership to uid 1001, gid 1001: Operation not permitted
tar: ./rust/lib/rustlib/src/rust/library/core/src/iter/adapters/skip.rs: Cannot change ownership to uid 1001, gid 1001: Operation not permitted
tar: ./rust/lib/rustlib/src/rust/library/core/src/iter/adapters/cycle.rs: Cannot change ownership to uid 1001, gid 1001: Operation not permitted
tar: ./rust/lib/rustlib/src/rust/library/core/src/iter/adapters/intersperse.rs: Cannot change ownership to uid 1001, gid 1001: Operation not permitted
tar: ./rust/lib/rustlib/src/rust/library/core/src/iter/adapters/inspect.rs: Cannot change ownership to uid 1001, gid 1001: Operation not permitted
tar: ./rust/lib/rustlib/src/rust/library/core/src/iter/adapters/array_chunks.rs: Cannot change ownership to uid 1001, gid 1001: Operation not permitted
tar: ./rust/lib/rustlib/src/rust/library/core/src/iter/adapters/filter_map.rs: Cannot change ownership to uid 1001, gid 1001: Operation not permitted
tar: ./rust/lib/rustlib/src/rust/library/core/src/iter/adapters/skip_while.rs: Cannot change ownership to uid 1001, gid 1001: Operation not permitted
tar: ./rust/lib/rustlib/src/rust/library/core/src/iter/adapters/cloned.rs: Cannot change ownership to uid 1001, gid 1001: Operation not permitted
tar: ./rust/lib/rustlib/src/rust/library/core/src/iter/adapters: Cannot change ownership to uid 1001, gid 1001: Operation not permitted
tar: ./rust/lib/rustlib/src/rust/library/core/src/iter/sources/once.rs: Cannot change ownership to uid 1001, gid 1001: Operation not permitted
tar: ./rust/lib/rustlib/src/rust/library/core/src/iter/sources/successors.rs: Cannot change ownership to uid 1001, gid 1001: Operation not permitted
tar: ./rust/lib/rustlib/src/rust/library/core/src/iter/sources/repeat_with.rs: Cannot change ownership to uid 1001, gid 1001: Operation not permitted
tar: ./rust/lib/rustlib/src/rust/library/core/src/iter/sources/repeat_n.rs: Cannot change ownership to uid 1001, gid 1001: Operation not permitted
tar: ./rust/lib/rustlib/src/rust/library/core/src/iter/sources/from_coroutine.rs: Cannot change ownership to uid 1001, gid 1001: Operation not permitted
tar: ./rust/lib/rustlib/src/rust/library/core/src/iter/sources/empty.rs: Cannot change ownership to uid 1001, gid 1001: Operation not permitted
tar: ./rust/lib/rustlib/src/rust/library/core/src/iter/sources/once_with.rs: Cannot change ownership to uid 1001, gid 1001: Operation not permitted
tar: ./rust/lib/rustlib/src/rust/library/core/src/iter/sources/from_fn.rs: Cannot change ownership to uid 1001, gid 1001: Operation not permitted
tar: ./rust/lib/rustlib/src/rust/library/core/src/iter/sources/repeat.rs: Cannot change ownership to uid 1001, gid 1001: Operation not permitted
tar: ./rust/lib/rustlib/src/rust/library/core/src/iter/sources: Cannot change ownership to uid 1001, gid 1001: Operation not permitted
tar: ./rust/lib/rustlib/src/rust/library/core/src/iter/sources.rs: Cannot change ownership to uid 1001, gid 1001: Operation not permitted
tar: ./rust/lib/rustlib/src/rust/library/core/src/iter/traits/unchecked_iterator.rs: Cannot change ownership to uid 1001, gid 1001: Operation not permitted
tar: ./rust/lib/rustlib/src/rust/library/core/src/iter/traits/double_ended.rs: Cannot change ownership to uid 1001, gid 1001: Operation not permitted
tar: ./rust/lib/rustlib/src/rust/library/core/src/iter/traits/exact_size.rs: Cannot change ownership to uid 1001, gid 1001: Operation not permitted
tar: ./rust/lib/rustlib/src/rust/library/core/src/iter/traits/iterator.rs: Cannot change ownership to uid 1001, gid 1001: Operation not permitted
tar: ./rust/lib/rustlib/src/rust/library/core/src/iter/traits/mod.rs: Cannot change ownership to uid 1001, gid 1001: Operation not permitted
tar: ./rust/lib/rustlib/src/rust/library/core/src/iter/traits/marker.rs: Cannot change ownership to uid 1001, gid 1001: Operation not permitted
tar: ./rust/lib/rustlib/src/rust/library/core/src/iter/traits/accum.rs: Cannot change ownership to uid 1001, gid 1001: Operation not permitted
tar: ./rust/lib/rustlib/src/rust/library/core/src/iter/traits/collect.rs: Cannot change ownership to uid 1001, gid 1001: Operation not permitted
tar: ./rust/lib/rustlib/src/rust/library/core/src/iter/traits: Cannot change ownership to uid 1001, gid 1001: Operation not permitted
tar: ./rust/lib/rustlib/src/rust/library/core/src/iter/mod.rs: Cannot change ownership to uid 1001, gid 1001: Operation not permitted
tar: ./rust/lib/rustlib/src/rust/library/core/src/iter/range.rs: Cannot change ownership to uid 1001, gid 1001: Operation not permitted
tar: ./rust/lib/rustlib/src/rust/library/core/src/iter: Cannot change ownership to uid 1001, gid 1001: Operation not permitted
tar: ./rust/lib/rustlib/src/rust/library/core/src/task/wake.rs: Cannot change ownership to uid 1001, gid 1001: Operation not permitted
tar: ./rust/lib/rustlib/src/rust/library/core/src/task/poll.rs: Cannot change ownership to uid 1001, gid 1001: Operation not permitted
tar: ./rust/lib/rustlib/src/rust/library/core/src/task/mod.rs: Cannot change ownership to uid 1001, gid 1001: Operation not permitted
tar: ./rust/lib/rustlib/src/rust/library/core/src/task/ready.rs: Cannot change ownership to uid 1001, gid 1001: Operation not permitted
tar: ./rust/lib/rustlib/src/rust/library/core/src/task: Cannot change ownership to uid 1001, gid 1001: Operation not permitted
tar: ./rust/lib/rustlib/src/rust/library/core/src/borrow.rs: Cannot change ownership to uid 1001, gid 1001: Operation not permitted
tar: ./rust/lib/rustlib/src/rust/library/core/src/arch.rs: Cannot change ownership to uid 1001, gid 1001: Operation not permitted
tar: ./rust/lib/rustlib/src/rust/library/core/src/prelude/common.rs: Cannot change ownership to uid 1001, gid 1001: Operation not permitted
tar: ./rust/lib/rustlib/src/rust/library/core/src/prelude/mod.rs: Cannot change ownership to uid 1001, gid 1001: Operation not permitted
tar: ./rust/lib/rustlib/src/rust/library/core/src/prelude: Cannot change ownership to uid 1001, gid 1001: Operation not permitted
tar: ./rust/lib/rustlib/src/rust/library/core/src/slice/rotate.rs: Cannot change ownership to uid 1001, gid 1001: Operation not permitted
tar: ./rust/lib/rustlib/src/rust/library/core/src/slice/raw.rs: Cannot change ownership to uid 1001, gid 1001: Operation not permitted
tar: ./rust/lib/rustlib/src/rust/library/core/src/slice/iter.rs: Cannot change ownership to uid 1001, gid 1001: Operation not permitted
tar: ./rust/lib/rustlib/src/rust/library/core/src/slice/memchr.rs: Cannot change ownership to uid 1001, gid 1001: Operation not permitted
tar: ./rust/lib/rustlib/src/rust/library/core/src/slice/iter/macros.rs: Cannot change ownership to uid 1001, gid 1001: Operation not permitted
tar: ./rust/lib/rustlib/src/rust/library/core/src/slice/iter: Cannot change ownership to uid 1001, gid 1001: Operation not permitted
tar: ./rust/lib/rustlib/src/rust/library/core/src/slice/mod.rs: Cannot change ownership to uid 1001, gid 1001: Operation not permitted
tar: ./rust/lib/rustlib/src/rust/library/core/src/slice/cmp.rs: Cannot change ownership to uid 1001, gid 1001: Operation not permitted
tar: ./rust/lib/rustlib/src/rust/library/core/src/slice/ascii.rs: Cannot change ownership to uid 1001, gid 1001: Operation not permitted
tar: ./rust/lib/rustlib/src/rust/library/core/src/slice/index.rs: Cannot change ownership to uid 1001, gid 1001: Operation not permitted
tar: ./rust/lib/rustlib/src/rust/library/core/src/slice/specialize.rs: Cannot change ownership to uid 1001, gid 1001: Operation not permitted
tar: ./rust/lib/rustlib/src/rust/library/core/src/slice/sort/unstable/mod.rs: Cannot change ownership to uid 1001, gid 1001: Operation not permitted
tar: ./rust/lib/rustlib/src/rust/library/core/src/slice/sort/unstable/heapsort.rs: Cannot change ownership to uid 1001, gid 1001: Operation not permitted
tar: ./rust/lib/rustlib/src/rust/library/core/src/slice/sort/unstable/quicksort.rs: Cannot change ownership to uid 1001, gid 1001: Operation not permitted
tar: ./rust/lib/rustlib/src/rust/library/core/src/slice/sort/unstable: Cannot change ownership to uid 1001, gid 1001: Operation not permitted
tar: ./rust/lib/rustlib/src/rust/library/core/src/slice/sort/mod.rs: Cannot change ownership to uid 1001, gid 1001: Operation not permitted
tar: ./rust/lib/rustlib/src/rust/library/core/src/slice/sort/stable/drift.rs: Cannot change ownership to uid 1001, gid 1001: Operation not permitted
tar: ./rust/lib/rustlib/src/rust/library/core/src/slice/sort/stable/mod.rs: Cannot change ownership to uid 1001, gid 1001: Operation not permitted
tar: ./rust/lib/rustlib/src/rust/library/core/src/slice/sort/stable/tiny.rs: Cannot change ownership to uid 1001, gid 1001: Operation not permitted
tar: ./rust/lib/rustlib/src/rust/library/core/src/slice/sort/stable/quicksort.rs: Cannot change ownership to uid 1001, gid 1001: Operation not permitted
tar: ./rust/lib/rustlib/src/rust/library/core/src/slice/sort/stable/merge.rs: Cannot change ownership to uid 1001, gid 1001: Operation not permitted
tar: ./rust/lib/rustlib/src/rust/library/core/src/slice/sort/stable: Cannot change ownership to uid 1001, gid 1001: Operation not permitted
tar: ./rust/lib/rustlib/src/rust/library/core/src/slice/sort/select.rs: Cannot change ownership to uid 1001, gid 1001: Operation not permitted
tar: ./rust/lib/rustlib/src/rust/library/core/src/slice/sort/shared/mod.rs: Cannot change ownership to uid 1001, gid 1001: Operation not permitted
tar: ./rust/lib/rustlib/src/rust/library/core/src/slice/sort/shared/smallsort.rs: Cannot change ownership to uid 1001, gid 1001: Operation not permitted
tar: ./rust/lib/rustlib/src/rust/library/core/src/slice/sort/shared/pivot.rs: Cannot change ownership to uid 1001, gid 1001: Operation not permitted
tar: ./rust/lib/rustlib/src/rust/library/core/src/slice/sort/shared: Cannot change ownership to uid 1001, gid 1001: Operation not permitted
tar: ./rust/lib/rustlib/src/rust/library/core/src/slice/sort: Cannot change ownership to uid 1001, gid 1001: Operation not permitted
tar: ./rust/lib/rustlib/src/rust/library/core/src/slice: Cannot change ownership to uid 1001, gid 1001: Operation not permitted
tar: ./rust/lib/rustlib/src/rust/library/core/src/cell.rs: Cannot change ownership to uid 1001, gid 1001: Operation not permitted
tar: ./rust/lib/rustlib/src/rust/library/core/src/cmp.rs: Cannot change ownership to uid 1001, gid 1001: Operation not permitted
tar: ./rust/lib/rustlib/src/rust/library/core/src/tuple.rs: Cannot change ownership to uid 1001, gid 1001: Operation not permitted
tar: ./rust/lib/rustlib/src/rust/library/core/src/marker.rs: Cannot change ownership to uid 1001, gid 1001: Operation not permitted
tar: ./rust/lib/rustlib/src/rust/library/core/src/asserting.rs: Cannot change ownership to uid 1001, gid 1001: Operation not permitted
tar: ./rust/lib/rustlib/src/rust/library/core/src/io/mod.rs: Cannot change ownership to uid 1001, gid 1001: Operation not permitted
tar: ./rust/lib/rustlib/src/rust/library/core/src/io/borrowed_buf.rs: Cannot change ownership to uid 1001, gid 1001: Operation not permitted
tar: ./rust/lib/rustlib/src/rust/library/core/src/io: Cannot change ownership to uid 1001, gid 1001: Operation not permitted
tar: ./rust/lib/rustlib/src/rust/library/core/src/mem/mod.rs: Cannot change ownership to uid 1001, gid 1001: Operation not permitted
tar: ./rust/lib/rustlib/src/rust/library/core/src/mem/maybe_uninit.rs: Cannot change ownership to uid 1001, gid 1001: Operation not permitted
tar: ./rust/lib/rustlib/src/rust/library/core/src/mem/manually_drop.rs: Cannot change ownership to uid 1001, gid 1001: Operation not permitted
tar: ./rust/lib/rustlib/src/rust/library/core/src/mem/transmutability.rs: Cannot change ownership to uid 1001, gid 1001: Operation not permitted
tar: ./rust/lib/rustlib/src/rust/library/core/src/mem: Cannot change ownership to uid 1001, gid 1001: Operation not permitted
tar: ./rust/lib/rustlib/src/rust/library/core/src/panic.rs: Cannot change ownership to uid 1001, gid 1001: Operation not permitted
tar: ./rust/lib/rustlib/src/rust/library/core/src/char/decode.rs: Cannot change ownership to uid 1001, gid 1001: Operation not permitted
tar: ./rust/lib/rustlib/src/rust/library/core/src/char/convert.rs: Cannot change ownership to uid 1001, gid 1001: Operation not permitted
tar: ./rust/lib/rustlib/src/rust/library/core/src/char/methods.rs: Cannot change ownership to uid 1001, gid 1001: Operation not permitted
tar: ./rust/lib/rustlib/src/rust/library/core/src/char/mod.rs: Cannot change ownership to uid 1001, gid 1001: Operation not permitted
tar: ./rust/lib/rustlib/src/rust/library/core/src/char: Cannot change ownership to uid 1001, gid 1001: Operation not permitted
tar: ./rust/lib/rustlib/src/rust/library/core/src/primitive_docs.rs: Cannot change ownership to uid 1001, gid 1001: Operation not permitted
tar: ./rust/lib/rustlib/src/rust/library/core/src/ub_checks.rs: Cannot change ownership to uid 1001, gid 1001: Operation not permitted
tar: ./rust/lib/rustlib/src/rust/library/core/src/ascii.rs: Cannot change ownership to uid 1001, gid 1001: Operation not permitted
tar: ./rust/lib/rustlib/src/rust/library/core/src/time.rs: Cannot change ownership to uid 1001, gid 1001: Operation not permitted
tar: ./rust/lib/rustlib/src/rust/library/core/src/lib.rs: Cannot change ownership to uid 1001, gid 1001: Operation not permitted
tar: ./rust/lib/rustlib/src/rust/library/core/src/error.rs: Cannot change ownership to uid 1001, gid 1001: Operation not permitted
tar: ./rust/lib/rustlib/src/rust/library/core/src/range.rs: Cannot change ownership to uid 1001, gid 1001: Operation not permitted
tar: ./rust/lib/rustlib/src/rust/library/core/src/panicking.rs: Cannot change ownership to uid 1001, gid 1001: Operation not permitted
tar: ./rust/lib/rustlib/src/rust/library/core/src/unicode/unicode_data.rs: Cannot change ownership to uid 1001, gid 1001: Operation not permitted
tar: ./rust/lib/rustlib/src/rust/library/core/src/unicode/printable.py: Cannot change ownership to uid 1001, gid 1001: Operation not permitted
tar: ./rust/lib/rustlib/src/rust/library/core/src/unicode/printable.rs: Cannot change ownership to uid 1001, gid 1001: Operation not permitted
tar: ./rust/lib/rustlib/src/rust/library/core/src/unicode/mod.rs: Cannot change ownership to uid 1001, gid 1001: Operation not permitted
tar: ./rust/lib/rustlib/src/rust/library/core/src/unicode: Cannot change ownership to uid 1001, gid 1001: Operation not permitted
tar: ./rust/lib/rustlib/src/rust/library/core/src/num/flt2dec/decoder.rs: Cannot change ownership to uid 1001, gid 1001: Operation not permitted
tar: ./rust/lib/rustlib/src/rust/library/core/src/num/flt2dec/mod.rs: Cannot change ownership to uid 1001, gid 1001: Operation not permitted
tar: ./rust/lib/rustlib/src/rust/library/core/src/num/flt2dec/estimator.rs: Cannot change ownership to uid 1001, gid 1001: Operation not permitted
tar: ./rust/lib/rustlib/src/rust/library/core/src/num/flt2dec/strategy/grisu.rs: Cannot change ownership to uid 1001, gid 1001: Operation not permitted
tar: ./rust/lib/rustlib/src/rust/library/core/src/num/flt2dec/strategy/dragon.rs: Cannot change ownership to uid 1001, gid 1001: Operation not permitted
tar: ./rust/lib/rustlib/src/rust/library/core/src/num/flt2dec/strategy: Cannot change ownership to uid 1001, gid 1001: Operation not permitted
tar: ./rust/lib/rustlib/src/rust/library/core/src/num/flt2dec: Cannot change ownership to uid 1001, gid 1001: Operation not permitted
tar: ./rust/lib/rustlib/src/rust/library/core/src/num/bignum.rs: Cannot change ownership to uid 1001, gid 1001: Operation not permitted
tar: ./rust/lib/rustlib/src/rust/library/core/src/num/f16.rs: Cannot change ownership to uid 1001, gid 1001: Operation not permitted
tar: ./rust/lib/rustlib/src/rust/library/core/src/num/shells/int_macros.rs: Cannot change ownership to uid 1001, gid 1001: Operation not permitted
tar: ./rust/lib/rustlib/src/rust/library/core/src/num/shells/i32.rs: Cannot change ownership to uid 1001, gid 1001: Operation not permitted
tar: ./rust/lib/rustlib/src/rust/library/core/src/num/shells/isize.rs: Cannot change ownership to uid 1001, gid 1001: Operation not permitted
tar: ./rust/lib/rustlib/src/rust/library/core/src/num/shells/u8.rs: Cannot change ownership to uid 1001, gid 1001: Operation not permitted
tar: ./rust/lib/rustlib/src/rust/library/core/src/num/shells/u16.rs: Cannot change ownership to uid 1001, gid 1001: Operation not permitted
tar: ./rust/lib/rustlib/src/rust/library/core/src/num/shells/i8.rs: Cannot change ownership to uid 1001, gid 1001: Operation not permitted
tar: ./rust/lib/rustlib/src/rust/library/core/src/num/shells/u32.rs: Cannot change ownership to uid 1001, gid 1001: Operation not permitted
tar: ./rust/lib/rustlib/src/rust/library/core/src/num/shells/i128.rs: Cannot change ownership to uid 1001, gid 1001: Operation not permitted
tar: ./rust/lib/rustlib/src/rust/library/core/src/num/shells/i64.rs: Cannot change ownership to uid 1001, gid 1001: Operation not permitted
tar: ./rust/lib/rustlib/src/rust/library/core/src/num/shells/u64.rs: Cannot change ownership to uid 1001, gid 1001: Operation not permitted
tar: ./rust/lib/rustlib/src/rust/library/core/src/num/shells/u128.rs: Cannot change ownership to uid 1001, gid 1001: Operation not permitted
tar: ./rust/lib/rustlib/src/rust/library/core/src/num/shells/i16.rs: Cannot change ownership to uid 1001, gid 1001: Operation not permitted
tar: ./rust/lib/rustlib/src/rust/library/core/src/num/shells/usize.rs: Cannot change ownership to uid 1001, gid 1001: Operation not permitted
tar: ./rust/lib/rustlib/src/rust/library/core/src/num/shells: Cannot change ownership to uid 1001, gid 1001: Operation not permitted
tar: ./rust/lib/rustlib/src/rust/library/core/src/num/int_macros.rs: Cannot change ownership to uid 1001, gid 1001: Operation not permitted
tar: ./rust/lib/rustlib/src/rust/library/core/src/num/int_sqrt.rs: Cannot change ownership to uid 1001, gid 1001: Operation not permitted
tar: ./rust/lib/rustlib/src/rust/library/core/src/num/fmt.rs: Cannot change ownership to uid 1001, gid 1001: Operation not permitted
tar: ./rust/lib/rustlib/src/rust/library/core/src/num/saturating.rs: Cannot change ownership to uid 1001, gid 1001: Operation not permitted
tar: ./rust/lib/rustlib/src/rust/library/core/src/num/mod.rs: Cannot change ownership to uid 1001, gid 1001: Operation not permitted
tar: ./rust/lib/rustlib/src/rust/library/core/src/num/uint_macros.rs: Cannot change ownership to uid 1001, gid 1001: Operation not permitted
tar: ./rust/lib/rustlib/src/rust/library/core/src/num/diy_float.rs: Cannot change ownership to uid 1001, gid 1001: Operation not permitted
tar: ./rust/lib/rustlib/src/rust/library/core/src/num/wrapping.rs: Cannot change ownership to uid 1001, gid 1001: Operation not permitted
tar: ./rust/lib/rustlib/src/rust/library/core/src/num/f32.rs: Cannot change ownership to uid 1001, gid 1001: Operation not permitted
tar: ./rust/lib/rustlib/src/rust/library/core/src/num/f128.rs: Cannot change ownership to uid 1001, gid 1001: Operation not permitted
tar: ./rust/lib/rustlib/src/rust/library/core/src/num/error.rs: Cannot change ownership to uid 1001, gid 1001: Operation not permitted
tar: ./rust/lib/rustlib/src/rust/library/core/src/num/int_log10.rs: Cannot change ownership to uid 1001, gid 1001: Operation not permitted
tar: ./rust/lib/rustlib/src/rust/library/core/src/num/overflow_panic.rs: Cannot change ownership to uid 1001, gid 1001: Operation not permitted
tar: ./rust/lib/rustlib/src/rust/library/core/src/num/dec2flt/slow.rs: Cannot change ownership to uid 1001, gid 1001: Operation not permitted
tar: ./rust/lib/rustlib/src/rust/library/core/src/num/dec2flt/parse.rs: Cannot change ownership to uid 1001, gid 1001: Operation not permitted
tar: ./rust/lib/rustlib/src/rust/library/core/src/num/dec2flt/common.rs: Cannot change ownership to uid 1001, gid 1001: Operation not permitted
tar: ./rust/lib/rustlib/src/rust/library/core/src/num/dec2flt/mod.rs: Cannot change ownership to uid 1001, gid 1001: Operation not permitted
tar: ./rust/lib/rustlib/src/rust/library/core/src/num/dec2flt/number.rs: Cannot change ownership to uid 1001, gid 1001: Operation not permitted
tar: ./rust/lib/rustlib/src/rust/library/core/src/num/dec2flt/decimal.rs: Cannot change ownership to uid 1001, gid 1001: Operation not permitted
tar: ./rust/lib/rustlib/src/rust/library/core/src/num/dec2flt/fpu.rs: Cannot change ownership to uid 1001, gid 1001: Operation not permitted
tar: ./rust/lib/rustlib/src/rust/library/core/src/num/dec2flt/float.rs: Cannot change ownership to uid 1001, gid 1001: Operation not permitted
tar: ./rust/lib/rustlib/src/rust/library/core/src/num/dec2flt/lemire.rs: Cannot change ownership to uid 1001, gid 1001: Operation not permitted
tar: ./rust/lib/rustlib/src/rust/library/core/src/num/dec2flt/table.rs: Cannot change ownership to uid 1001, gid 1001: Operation not permitted
tar: ./rust/lib/rustlib/src/rust/library/core/src/num/dec2flt: Cannot change ownership to uid 1001, gid 1001: Operation not permitted
tar: ./rust/lib/rustlib/src/rust/library/core/src/num/nonzero.rs: Cannot change ownership to uid 1001, gid 1001: Operation not permitted
tar: ./rust/lib/rustlib/src/rust/library/core/src/num/f64.rs: Cannot change ownership to uid 1001, gid 1001: Operation not permitted
tar: ./rust/lib/rustlib/src/rust/library/core/src/num: Cannot change ownership to uid 1001, gid 1001: Operation not permitted
tar: ./rust/lib/rustlib/src/rust/library/core/src/array/iter.rs: Cannot change ownership to uid 1001, gid 1001: Operation not permitted
tar: ./rust/lib/rustlib/src/rust/library/core/src/array/drain.rs: Cannot change ownership to uid 1001, gid 1001: Operation not permitted
tar: ./rust/lib/rustlib/src/rust/library/core/src/array/mod.rs: Cannot change ownership to uid 1001, gid 1001: Operation not permitted
tar: ./rust/lib/rustlib/src/rust/library/core/src/array/equality.rs: Cannot change ownership to uid 1001, gid 1001: Operation not permitted
tar: ./rust/lib/rustlib/src/rust/library/core/src/array/ascii.rs: Cannot change ownership to uid 1001, gid 1001: Operation not permitted
tar: ./rust/lib/rustlib/src/rust/library/core/src/array: Cannot change ownership to uid 1001, gid 1001: Operation not permitted
tar: ./rust/lib/rustlib/src/rust/library/core/src/pin.rs: Cannot change ownership to uid 1001, gid 1001: Operation not permitted
tar: ./rust/lib/rustlib/src/rust/library/core/src/range/iter.rs: Cannot change ownership to uid 1001, gid 1001: Operation not permitted
tar: ./rust/lib/rustlib/src/rust/library/core/src/range/legacy.rs: Cannot change ownership to uid 1001, gid 1001: Operation not permitted
tar: ./rust/lib/rustlib/src/rust/library/core/src/range: Cannot change ownership to uid 1001, gid 1001: Operation not permitted
tar: ./rust/lib/rustlib/src/rust/library/core/src/future/future.rs: Cannot change ownership to uid 1001, gid 1001: Operation not permitted
tar: ./rust/lib/rustlib/src/rust/library/core/src/future/into_future.rs: Cannot change ownership to uid 1001, gid 1001: Operation not permitted
tar: ./rust/lib/rustlib/src/rust/library/core/src/future/mod.rs: Cannot change ownership to uid 1001, gid 1001: Operation not permitted
tar: ./rust/lib/rustlib/src/rust/library/core/src/future/async_drop.rs: Cannot change ownership to uid 1001, gid 1001: Operation not permitted
tar: ./rust/lib/rustlib/src/rust/library/core/src/future/join.rs: Cannot change ownership to uid 1001, gid 1001: Operation not permitted
tar: ./rust/lib/rustlib/src/rust/library/core/src/future/pending.rs: Cannot change ownership to uid 1001, gid 1001: Operation not permitted
tar: ./rust/lib/rustlib/src/rust/library/core/src/future/ready.rs: Cannot change ownership to uid 1001, gid 1001: Operation not permitted
tar: ./rust/lib/rustlib/src/rust/library/core/src/future/poll_fn.rs: Cannot change ownership to uid 1001, gid 1001: Operation not permitted
tar: ./rust/lib/rustlib/src/rust/library/core/src/future: Cannot change ownership to uid 1001, gid 1001: Operation not permitted
tar: ./rust/lib/rustlib/src/rust/library/core/src/pat.rs: Cannot change ownership to uid 1001, gid 1001: Operation not permitted
tar: ./rust/lib/rustlib/src/rust/library/core/src/result.rs: Cannot change ownership to uid 1001, gid 1001: Operation not permitted
tar: ./rust/lib/rustlib/src/rust/library/core/src/ascii/ascii_char.rs: Cannot change ownership to uid 1001, gid 1001: Operation not permitted
tar: ./rust/lib/rustlib/src/rust/library/core/src/ascii: Cannot change ownership to uid 1001, gid 1001: Operation not permitted
tar: ./rust/lib/rustlib/src/rust/library/core/src/random.rs: Cannot change ownership to uid 1001, gid 1001: Operation not permitted
tar: ./rust/lib/rustlib/src/rust/library/core/src/escape.rs: Cannot change ownership to uid 1001, gid 1001: Operation not permitted
tar: ./rust/lib/rustlib/src/rust/library/core/src/clone.rs: Cannot change ownership to uid 1001, gid 1001: Operation not permitted
tar: ./rust/lib/rustlib/src/rust/library/core/src/alloc/layout.rs: Cannot change ownership to uid 1001, gid 1001: Operation not permitted
tar: ./rust/lib/rustlib/src/rust/library/core/src/alloc/mod.rs: Cannot change ownership to uid 1001, gid 1001: Operation not permitted
tar: ./rust/lib/rustlib/src/rust/library/core/src/alloc/global.rs: Cannot change ownership to uid 1001, gid 1001: Operation not permitted
tar: ./rust/lib/rustlib/src/rust/library/core/src/alloc: Cannot change ownership to uid 1001, gid 1001: Operation not permitted
tar: ./rust/lib/rustlib/src/rust/library/core/src/clone/uninit.rs: Cannot change ownership to uid 1001, gid 1001: Operation not permitted
tar: ./rust/lib/rustlib/src/rust/library/core/src/clone: Cannot change ownership to uid 1001, gid 1001: Operation not permitted
tar: ./rust/lib/rustlib/src/rust/library/core/src/net/ip_addr.rs: Cannot change ownership to uid 1001, gid 1001: Operation not permitted
tar: ./rust/lib/rustlib/src/rust/library/core/src/net/mod.rs: Cannot change ownership to uid 1001, gid 1001: Operation not permitted
tar: ./rust/lib/rustlib/src/rust/library/core/src/net/parser.rs: Cannot change ownership to uid 1001, gid 1001: Operation not permitted
tar: ./rust/lib/rustlib/src/rust/library/core/src/net/socket_addr.rs: Cannot change ownership to uid 1001, gid 1001: Operation not permitted
tar: ./rust/lib/rustlib/src/rust/library/core/src/net/display_buffer.rs: Cannot change ownership to uid 1001, gid 1001: Operation not permitted
tar: ./rust/lib/rustlib/src/rust/library/core/src/net: Cannot change ownership to uid 1001, gid 1001: Operation not permitted
tar: ./rust/lib/rustlib/src/rust/library/core/src/error.md: Cannot change ownership to uid 1001, gid 1001: Operation not permitted
tar: ./rust/lib/rustlib/src/rust/library/core/src/internal_macros.rs: Cannot change ownership to uid 1001, gid 1001: Operation not permitted
tar: ./rust/lib/rustlib/src/rust/library/core/src/str/count.rs: Cannot change ownership to uid 1001, gid 1001: Operation not permitted
tar: ./rust/lib/rustlib/src/rust/library/core/src/str/iter.rs: Cannot change ownership to uid 1001, gid 1001: Operation not permitted
tar: ./rust/lib/rustlib/src/rust/library/core/src/str/traits.rs: Cannot change ownership to uid 1001, gid 1001: Operation not permitted
tar: ./rust/lib/rustlib/src/rust/library/core/src/str/validations.rs: Cannot change ownership to uid 1001, gid 1001: Operation not permitted
tar: ./rust/lib/rustlib/src/rust/library/core/src/str/converts.rs: Cannot change ownership to uid 1001, gid 1001: Operation not permitted
tar: ./rust/lib/rustlib/src/rust/library/core/src/str/pattern.rs: Cannot change ownership to uid 1001, gid 1001: Operation not permitted
tar: ./rust/lib/rustlib/src/rust/library/core/src/str/mod.rs: Cannot change ownership to uid 1001, gid 1001: Operation not permitted
tar: ./rust/lib/rustlib/src/rust/library/core/src/str/lossy.rs: Cannot change ownership to uid 1001, gid 1001: Operation not permitted
tar: ./rust/lib/rustlib/src/rust/library/core/src/str/error.rs: Cannot change ownership to uid 1001, gid 1001: Operation not permitted
tar: ./rust/lib/rustlib/src/rust/library/core/src/str: Cannot change ownership to uid 1001, gid 1001: Operation not permitted
tar: ./rust/lib/rustlib/src/rust/library/core/src/hint.rs: Cannot change ownership to uid 1001, gid 1001: Operation not permitted
tar: ./rust/lib/rustlib/src/rust/library/core/src/any.rs: Cannot change ownership to uid 1001, gid 1001: Operation not permitted
tar: ./rust/lib/rustlib/src/rust/library/core/src: Cannot change ownership to uid 1001, gid 1001: Operation not permitted
tar: ./rust/lib/rustlib/src/rust/library/core/tests/option.rs: Cannot change ownership to uid 1001, gid 1001: Operation not permitted
tar: ./rust/lib/rustlib/src/rust/library/core/tests/ptr.rs: Cannot change ownership to uid 1001, gid 1001: Operation not permitted
tar: ./rust/lib/rustlib/src/rust/library/core/tests/ops/from_residual.rs: Cannot change ownership to uid 1001, gid 1001: Operation not permitted
tar: ./rust/lib/rustlib/src/rust/library/core/tests/ops/control_flow.rs: Cannot change ownership to uid 1001, gid 1001: Operation not permitted
tar: ./rust/lib/rustlib/src/rust/library/core/tests/ops: Cannot change ownership to uid 1001, gid 1001: Operation not permitted
tar: ./rust/lib/rustlib/src/rust/library/core/tests/future.rs: Cannot change ownership to uid 1001, gid 1001: Operation not permitted
tar: ./rust/lib/rustlib/src/rust/library/core/tests/bool.rs: Cannot change ownership to uid 1001, gid 1001: Operation not permitted
tar: ./rust/lib/rustlib/src/rust/library/core/tests/ffi/cstr.rs: Cannot change ownership to uid 1001, gid 1001: Operation not permitted
tar: ./rust/lib/rustlib/src/rust/library/core/tests/ffi: Cannot change ownership to uid 1001, gid 1001: Operation not permitted
tar: ./rust/lib/rustlib/src/rust/library/core/tests/atomic.rs: Cannot change ownership to uid 1001, gid 1001: Operation not permitted
tar: ./rust/lib/rustlib/src/rust/library/core/tests/hash/mod.rs: Cannot change ownership to uid 1001, gid 1001: Operation not permitted
tar: ./rust/lib/rustlib/src/rust/library/core/tests/hash/sip.rs: Cannot change ownership to uid 1001, gid 1001: Operation not permitted
tar: ./rust/lib/rustlib/src/rust/library/core/tests/hash: Cannot change ownership to uid 1001, gid 1001: Operation not permitted
tar: ./rust/lib/rustlib/src/rust/library/core/tests/waker.rs: Cannot change ownership to uid 1001, gid 1001: Operation not permitted
tar: ./rust/lib/rustlib/src/rust/library/core/tests/macros.rs: Cannot change ownership to uid 1001, gid 1001: Operation not permitted
tar: ./rust/lib/rustlib/src/rust/library/core/tests/unicode.rs: Cannot change ownership to uid 1001, gid 1001: Operation not permitted
tar: ./rust/lib/rustlib/src/rust/library/core/tests/fmt/builders.rs: Cannot change ownership to uid 1001, gid 1001: Operation not permitted
tar: ./rust/lib/rustlib/src/rust/library/core/tests/fmt/mod.rs: Cannot change ownership to uid 1001, gid 1001: Operation not permitted
tar: ./rust/lib/rustlib/src/rust/library/core/tests/fmt/num.rs: Cannot change ownership to uid 1001, gid 1001: Operation not permitted
tar: ./rust/lib/rustlib/src/rust/library/core/tests/fmt/float.rs: Cannot change ownership to uid 1001, gid 1001: Operation not permitted
tar: ./rust/lib/rustlib/src/rust/library/core/tests/fmt: Cannot change ownership to uid 1001, gid 1001: Operation not permitted
tar: ./rust/lib/rustlib/src/rust/library/core/tests/panic/location.rs: Cannot change ownership to uid 1001, gid 1001: Operation not permitted
tar: ./rust/lib/rustlib/src/rust/library/core/tests/panic: Cannot change ownership to uid 1001, gid 1001: Operation not permitted
tar: ./rust/lib/rustlib/src/rust/library/core/tests/pin_macro.rs: Cannot change ownership to uid 1001, gid 1001: Operation not permitted
tar: ./rust/lib/rustlib/src/rust/library/core/tests/const_ptr.rs: Cannot change ownership to uid 1001, gid 1001: Operation not permitted
tar: ./rust/lib/rustlib/src/rust/library/core/tests/async_iter/mod.rs: Cannot change ownership to uid 1001, gid 1001: Operation not permitted
tar: ./rust/lib/rustlib/src/rust/library/core/tests/async_iter: Cannot change ownership to uid 1001, gid 1001: Operation not permitted
tar: ./rust/lib/rustlib/src/rust/library/core/tests/convert.rs: Cannot change ownership to uid 1001, gid 1001: Operation not permitted
tar: ./rust/lib/rustlib/src/rust/library/core/tests/ascii_char.rs: Cannot change ownership to uid 1001, gid 1001: Operation not permitted
tar: ./rust/lib/rustlib/src/rust/library/core/tests/str_lossy.rs: Cannot change ownership to uid 1001, gid 1001: Operation not permitted
tar: ./rust/lib/rustlib/src/rust/library/core/tests/iter/adapters/zip.rs: Cannot change ownership to uid 1001, gid 1001: Operation not permitted
tar: ./rust/lib/rustlib/src/rust/library/core/tests/iter/adapters/map_windows.rs: Cannot change ownership to uid 1001, gid 1001: Operation not permitted
tar: ./rust/lib/rustlib/src/rust/library/core/tests/iter/adapters/copied.rs: Cannot change ownership to uid 1001, gid 1001: Operation not permitted
tar: ./rust/lib/rustlib/src/rust/library/core/tests/iter/adapters/peekable.rs: Cannot change ownership to uid 1001, gid 1001: Operation not permitted
tar: ./rust/lib/rustlib/src/rust/library/core/tests/iter/adapters/enumerate.rs: Cannot change ownership to uid 1001, gid 1001: Operation not permitted
tar: ./rust/lib/rustlib/src/rust/library/core/tests/iter/adapters/scan.rs: Cannot change ownership to uid 1001, gid 1001: Operation not permitted
tar: ./rust/lib/rustlib/src/rust/library/core/tests/iter/adapters/mod.rs: Cannot change ownership to uid 1001, gid 1001: Operation not permitted
tar: ./rust/lib/rustlib/src/rust/library/core/tests/iter/adapters/fuse.rs: Cannot change ownership to uid 1001, gid 1001: Operation not permitted
tar: ./rust/lib/rustlib/src/rust/library/core/tests/iter/adapters/take.rs: Cannot change ownership to uid 1001, gid 1001: Operation not permitted
tar: ./rust/lib/rustlib/src/rust/library/core/tests/iter/adapters/step_by.rs: Cannot change ownership to uid 1001, gid 1001: Operation not permitted
tar: ./rust/lib/rustlib/src/rust/library/core/tests/iter/adapters/filter.rs: Cannot change ownership to uid 1001, gid 1001: Operation not permitted
tar: ./rust/lib/rustlib/src/rust/library/core/tests/iter/adapters/flatten.rs: Cannot change ownership to uid 1001, gid 1001: Operation not permitted
tar: ./rust/lib/rustlib/src/rust/library/core/tests/iter/adapters/take_while.rs: Cannot change ownership to uid 1001, gid 1001: Operation not permitted
tar: ./rust/lib/rustlib/src/rust/library/core/tests/iter/adapters/map.rs: Cannot change ownership to uid 1001, gid 1001: Operation not permitted
tar: ./rust/lib/rustlib/src/rust/library/core/tests/iter/adapters/chain.rs: Cannot change ownership to uid 1001, gid 1001: Operation not permitted
tar: ./rust/lib/rustlib/src/rust/library/core/tests/iter/adapters/by_ref_sized.rs: Cannot change ownership to uid 1001, gid 1001: Operation not permitted
tar: ./rust/lib/rustlib/src/rust/library/core/tests/iter/adapters/skip.rs: Cannot change ownership to uid 1001, gid 1001: Operation not permitted
tar: ./rust/lib/rustlib/src/rust/library/core/tests/iter/adapters/cycle.rs: Cannot change ownership to uid 1001, gid 1001: Operation not permitted
tar: ./rust/lib/rustlib/src/rust/library/core/tests/iter/adapters/intersperse.rs: Cannot change ownership to uid 1001, gid 1001: Operation not permitted
tar: ./rust/lib/rustlib/src/rust/library/core/tests/iter/adapters/flat_map.rs: Cannot change ownership to uid 1001, gid 1001: Operation not permitted
tar: ./rust/lib/rustlib/src/rust/library/core/tests/iter/adapters/inspect.rs: Cannot change ownership to uid 1001, gid 1001: Operation not permitted
tar: ./rust/lib/rustlib/src/rust/library/core/tests/iter/adapters/array_chunks.rs: Cannot change ownership to uid 1001, gid 1001: Operation not permitted
tar: ./rust/lib/rustlib/src/rust/library/core/tests/iter/adapters/filter_map.rs: Cannot change ownership to uid 1001, gid 1001: Operation not permitted
tar: ./rust/lib/rustlib/src/rust/library/core/tests/iter/adapters/skip_while.rs: Cannot change ownership to uid 1001, gid 1001: Operation not permitted
tar: ./rust/lib/rustlib/src/rust/library/core/tests/iter/adapters/cloned.rs: Cannot change ownership to uid 1001, gid 1001: Operation not permitted
tar: ./rust/lib/rustlib/src/rust/library/core/tests/iter/adapters: Cannot change ownership to uid 1001, gid 1001: Operation not permitted
tar: ./rust/lib/rustlib/src/rust/library/core/tests/iter/sources.rs: Cannot change ownership to uid 1001, gid 1001: Operation not permitted
tar: ./rust/lib/rustlib/src/rust/library/core/tests/iter/traits/double_ended.rs: Cannot change ownership to uid 1001, gid 1001: Operation not permitted
tar: ./rust/lib/rustlib/src/rust/library/core/tests/iter/traits/iterator.rs: Cannot change ownership to uid 1001, gid 1001: Operation not permitted
tar: ./rust/lib/rustlib/src/rust/library/core/tests/iter/traits/step.rs: Cannot change ownership to uid 1001, gid 1001: Operation not permitted
tar: ./rust/lib/rustlib/src/rust/library/core/tests/iter/traits/mod.rs: Cannot change ownership to uid 1001, gid 1001: Operation not permitted
tar: ./rust/lib/rustlib/src/rust/library/core/tests/iter/traits/accum.rs: Cannot change ownership to uid 1001, gid 1001: Operation not permitted
tar: ./rust/lib/rustlib/src/rust/library/core/tests/iter/traits: Cannot change ownership to uid 1001, gid 1001: Operation not permitted
tar: ./rust/lib/rustlib/src/rust/library/core/tests/iter/mod.rs: Cannot change ownership to uid 1001, gid 1001: Operation not permitted
tar: ./rust/lib/rustlib/src/rust/library/core/tests/iter/range.rs: Cannot change ownership to uid 1001, gid 1001: Operation not permitted
tar: ./rust/lib/rustlib/src/rust/library/core/tests/iter: Cannot change ownership to uid 1001, gid 1001: Operation not permitted
tar: ./rust/lib/rustlib/src/rust/library/core/tests/pattern.rs: Cannot change ownership to uid 1001, gid 1001: Operation not permitted
tar: ./rust/lib/rustlib/src/rust/library/core/tests/ops.rs: Cannot change ownership to uid 1001, gid 1001: Operation not permitted
tar: ./rust/lib/rustlib/src/rust/library/core/tests/cell.rs: Cannot change ownership to uid 1001, gid 1001: Operation not permitted
tar: ./rust/lib/rustlib/src/rust/library/core/tests/cmp.rs: Cannot change ownership to uid 1001, gid 1001: Operation not permitted
tar: ./rust/lib/rustlib/src/rust/library/core/tests/tuple.rs: Cannot change ownership to uid 1001, gid 1001: Operation not permitted
tar: ./rust/lib/rustlib/src/rust/library/core/tests/lazy.rs: Cannot change ownership to uid 1001, gid 1001: Operation not permitted
tar: ./rust/lib/rustlib/src/rust/library/core/tests/alloc.rs: Cannot change ownership to uid 1001, gid 1001: Operation not permitted
tar: ./rust/lib/rustlib/src/rust/library/core/tests/asserting.rs: Cannot change ownership to uid 1001, gid 1001: Operation not permitted
tar: ./rust/lib/rustlib/src/rust/library/core/tests/io/mod.rs: Cannot change ownership to uid 1001, gid 1001: Operation not permitted
tar: ./rust/lib/rustlib/src/rust/library/core/tests/io/borrowed_buf.rs: Cannot change ownership to uid 1001, gid 1001: Operation not permitted
tar: ./rust/lib/rustlib/src/rust/library/core/tests/io: Cannot change ownership to uid 1001, gid 1001: Operation not permitted
tar: ./rust/lib/rustlib/src/rust/library/core/tests/slice.rs: Cannot change ownership to uid 1001, gid 1001: Operation not permitted
tar: ./rust/lib/rustlib/src/rust/library/core/tests/panic.rs: Cannot change ownership to uid 1001, gid 1001: Operation not permitted
tar: ./rust/lib/rustlib/src/rust/library/core/tests/mem.rs: Cannot change ownership to uid 1001, gid 1001: Operation not permitted
tar: ./rust/lib/rustlib/src/rust/library/core/tests/intrinsics.rs: Cannot change ownership to uid 1001, gid 1001: Operation not permitted
tar: ./rust/lib/rustlib/src/rust/library/core/tests/ascii.rs: Cannot change ownership to uid 1001, gid 1001: Operation not permitted
tar: ./rust/lib/rustlib/src/rust/library/core/tests/time.rs: Cannot change ownership to uid 1001, gid 1001: Operation not permitted
tar: ./rust/lib/rustlib/src/rust/library/core/tests/lib.rs: Cannot change ownership to uid 1001, gid 1001: Operation not permitted
tar: ./rust/lib/rustlib/src/rust/library/core/tests/ffi.rs: Cannot change ownership to uid 1001, gid 1001: Operation not permitted
tar: ./rust/lib/rustlib/src/rust/library/core/tests/error.rs: Cannot change ownership to uid 1001, gid 1001: Operation not permitted
tar: ./rust/lib/rustlib/src/rust/library/core/tests/num/const_from.rs: Cannot change ownership to uid 1001, gid 1001: Operation not permitted
tar: ./rust/lib/rustlib/src/rust/library/core/tests/num/flt2dec/mod.rs: Cannot change ownership to uid 1001, gid 1001: Operation not permitted
tar: ./rust/lib/rustlib/src/rust/library/core/tests/num/flt2dec/estimator.rs: Cannot change ownership to uid 1001, gid 1001: Operation not permitted
tar: ./rust/lib/rustlib/src/rust/library/core/tests/num/flt2dec/random.rs: Cannot change ownership to uid 1001, gid 1001: Operation not permitted
tar: ./rust/lib/rustlib/src/rust/library/core/tests/num/flt2dec/strategy/grisu.rs: Cannot change ownership to uid 1001, gid 1001: Operation not permitted
tar: ./rust/lib/rustlib/src/rust/library/core/tests/num/flt2dec/strategy/dragon.rs: Cannot change ownership to uid 1001, gid 1001: Operation not permitted
tar: ./rust/lib/rustlib/src/rust/library/core/tests/num/flt2dec/strategy: Cannot change ownership to uid 1001, gid 1001: Operation not permitted
tar: ./rust/lib/rustlib/src/rust/library/core/tests/num/flt2dec: Cannot change ownership to uid 1001, gid 1001: Operation not permitted
tar: ./rust/lib/rustlib/src/rust/library/core/tests/num/bignum.rs: Cannot change ownership to uid 1001, gid 1001: Operation not permitted
tar: ./rust/lib/rustlib/src/rust/library/core/tests/num/ieee754.rs: Cannot change ownership to uid 1001, gid 1001: Operation not permitted
tar: ./rust/lib/rustlib/src/rust/library/core/tests/num/int_macros.rs: Cannot change ownership to uid 1001, gid 1001: Operation not permitted
tar: ./rust/lib/rustlib/src/rust/library/core/tests/num/i32.rs: Cannot change ownership to uid 1001, gid 1001: Operation not permitted
tar: ./rust/lib/rustlib/src/rust/library/core/tests/num/float_iter_sum_identity.rs: Cannot change ownership to uid 1001, gid 1001: Operation not permitted
tar: ./rust/lib/rustlib/src/rust/library/core/tests/num/int_sqrt.rs: Cannot change ownership to uid 1001, gid 1001: Operation not permitted
tar: ./rust/lib/rustlib/src/rust/library/core/tests/num/ops.rs: Cannot change ownership to uid 1001, gid 1001: Operation not permitted
tar: ./rust/lib/rustlib/src/rust/library/core/tests/num/mod.rs: Cannot change ownership to uid 1001, gid 1001: Operation not permitted
tar: ./rust/lib/rustlib/src/rust/library/core/tests/num/uint_macros.rs: Cannot change ownership to uid 1001, gid 1001: Operation not permitted
tar: ./rust/lib/rustlib/src/rust/library/core/tests/num/wrapping.rs: Cannot change ownership to uid 1001, gid 1001: Operation not permitted
tar: ./rust/lib/rustlib/src/rust/library/core/tests/num/u8.rs: Cannot change ownership to uid 1001, gid 1001: Operation not permitted
tar: ./rust/lib/rustlib/src/rust/library/core/tests/num/u16.rs: Cannot change ownership to uid 1001, gid 1001: Operation not permitted
tar: ./rust/lib/rustlib/src/rust/library/core/tests/num/i8.rs: Cannot change ownership to uid 1001, gid 1001: Operation not permitted
tar: ./rust/lib/rustlib/src/rust/library/core/tests/num/u32.rs: Cannot change ownership to uid 1001, gid 1001: Operation not permitted
tar: ./rust/lib/rustlib/src/rust/library/core/tests/num/i128.rs: Cannot change ownership to uid 1001, gid 1001: Operation not permitted
tar: ./rust/lib/rustlib/src/rust/library/core/tests/num/i64.rs: Cannot change ownership to uid 1001, gid 1001: Operation not permitted
tar: ./rust/lib/rustlib/src/rust/library/core/tests/num/u64.rs: Cannot change ownership to uid 1001, gid 1001: Operation not permitted
tar: ./rust/lib/rustlib/src/rust/library/core/tests/num/u128.rs: Cannot change ownership to uid 1001, gid 1001: Operation not permitted
tar: ./rust/lib/rustlib/src/rust/library/core/tests/num/dec2flt/parse.rs: Cannot change ownership to uid 1001, gid 1001: Operation not permitted
tar: ./rust/lib/rustlib/src/rust/library/core/tests/num/dec2flt/mod.rs: Cannot change ownership to uid 1001, gid 1001: Operation not permitted
tar: ./rust/lib/rustlib/src/rust/library/core/tests/num/dec2flt/float.rs: Cannot change ownership to uid 1001, gid 1001: Operation not permitted
tar: ./rust/lib/rustlib/src/rust/library/core/tests/num/dec2flt/lemire.rs: Cannot change ownership to uid 1001, gid 1001: Operation not permitted
tar: ./rust/lib/rustlib/src/rust/library/core/tests/num/dec2flt: Cannot change ownership to uid 1001, gid 1001: Operation not permitted
tar: ./rust/lib/rustlib/src/rust/library/core/tests/num/nan.rs: Cannot change ownership to uid 1001, gid 1001: Operation not permitted
tar: ./rust/lib/rustlib/src/rust/library/core/tests/num/i16.rs: Cannot change ownership to uid 1001, gid 1001: Operation not permitted
tar: ./rust/lib/rustlib/src/rust/library/core/tests/num/midpoint.rs: Cannot change ownership to uid 1001, gid 1001: Operation not permitted
tar: ./rust/lib/rustlib/src/rust/library/core/tests/num/int_log.rs: Cannot change ownership to uid 1001, gid 1001: Operation not permitted
tar: ./rust/lib/rustlib/src/rust/library/core/tests/num: Cannot change ownership to uid 1001, gid 1001: Operation not permitted
tar: ./rust/lib/rustlib/src/rust/library/core/tests/pin.rs: Cannot change ownership to uid 1001, gid 1001: Operation not permitted
tar: ./rust/lib/rustlib/src/rust/library/core/tests/result.rs: Cannot change ownership to uid 1001, gid 1001: Operation not permitted
tar: ./rust/lib/rustlib/src/rust/library/core/tests/manually_drop.rs: Cannot change ownership to uid 1001, gid 1001: Operation not permitted
tar: ./rust/lib/rustlib/src/rust/library/core/tests/clone.rs: Cannot change ownership to uid 1001, gid 1001: Operation not permitted
tar: ./rust/lib/rustlib/src/rust/library/core/tests/nonzero.rs: Cannot change ownership to uid 1001, gid 1001: Operation not permitted
tar: ./rust/lib/rustlib/src/rust/library/core/tests/net/ip_addr.rs: Cannot change ownership to uid 1001, gid 1001: Operation not permitted
tar: ./rust/lib/rustlib/src/rust/library/core/tests/net/mod.rs: Cannot change ownership to uid 1001, gid 1001: Operation not permitted
tar: ./rust/lib/rustlib/src/rust/library/core/tests/net/parser.rs: Cannot change ownership to uid 1001, gid 1001: Operation not permitted
tar: ./rust/lib/rustlib/src/rust/library/core/tests/net/socket_addr.rs: Cannot change ownership to uid 1001, gid 1001: Operation not permitted
tar: ./rust/lib/rustlib/src/rust/library/core/tests/net: Cannot change ownership to uid 1001, gid 1001: Operation not permitted
tar: ./rust/lib/rustlib/src/rust/library/core/tests/task.rs: Cannot change ownership to uid 1001, gid 1001: Operation not permitted
tar: ./rust/lib/rustlib/src/rust/library/core/tests/simd.rs: Cannot change ownership to uid 1001, gid 1001: Operation not permitted
tar: ./rust/lib/rustlib/src/rust/library/core/tests/str.rs: Cannot change ownership to uid 1001, gid 1001: Operation not permitted
tar: ./rust/lib/rustlib/src/rust/library/core/tests/char.rs: Cannot change ownership to uid 1001, gid 1001: Operation not permitted
tar: ./rust/lib/rustlib/src/rust/library/core/tests/array.rs: Cannot change ownership to uid 1001, gid 1001: Operation not permitted
tar: ./rust/lib/rustlib/src/rust/library/core/tests/any.rs: Cannot change ownership to uid 1001, gid 1001: Operation not permitted
tar: ./rust/lib/rustlib/src/rust/library/core/tests: Cannot change ownership to uid 1001, gid 1001: Operation not permitted
tar: ./rust/lib/rustlib/src/rust/library/core/benches/hash/mod.rs: Cannot change ownership to uid 1001, gid 1001: Operation not permitted
tar: ./rust/lib/rustlib/src/rust/library/core/benches/hash/sip.rs: Cannot change ownership to uid 1001, gid 1001: Operation not permitted
tar: ./rust/lib/rustlib/src/rust/library/core/benches/hash: Cannot change ownership to uid 1001, gid 1001: Operation not permitted
tar: ./rust/lib/rustlib/src/rust/library/core/benches/iter.rs: Cannot change ownership to uid 1001, gid 1001: Operation not permitted
tar: ./rust/lib/rustlib/src/rust/library/core/benches/pattern.rs: Cannot change ownership to uid 1001, gid 1001: Operation not permitted
tar: ./rust/lib/rustlib/src/rust/library/core/benches/fmt.rs: Cannot change ownership to uid 1001, gid 1001: Operation not permitted
tar: ./rust/lib/rustlib/src/rust/library/core/benches/ops.rs: Cannot change ownership to uid 1001, gid 1001: Operation not permitted
tar: ./rust/lib/rustlib/src/rust/library/core/benches/tuple.rs: Cannot change ownership to uid 1001, gid 1001: Operation not permitted
tar: ./rust/lib/rustlib/src/rust/library/core/benches/slice.rs: Cannot change ownership to uid 1001, gid 1001: Operation not permitted
tar: ./rust/lib/rustlib/src/rust/library/core/benches/char/methods.rs: Cannot change ownership to uid 1001, gid 1001: Operation not permitted
tar: ./rust/lib/rustlib/src/rust/library/core/benches/char/mod.rs: Cannot change ownership to uid 1001, gid 1001: Operation not permitted
tar: ./rust/lib/rustlib/src/rust/library/core/benches/char: Cannot change ownership to uid 1001, gid 1001: Operation not permitted
tar: ./rust/lib/rustlib/src/rust/library/core/benches/ascii.rs: Cannot change ownership to uid 1001, gid 1001: Operation not permitted
tar: ./rust/lib/rustlib/src/rust/library/core/benches/lib.rs: Cannot change ownership to uid 1001, gid 1001: Operation not permitted
tar: ./rust/lib/rustlib/src/rust/library/core/benches/num/flt2dec/mod.rs: Cannot change ownership to uid 1001, gid 1001: Operation not permitted
tar: ./rust/lib/rustlib/src/rust/library/core/benches/num/flt2dec/strategy/grisu.rs: Cannot change ownership to uid 1001, gid 1001: Operation not permitted
tar: ./rust/lib/rustlib/src/rust/library/core/benches/num/flt2dec/strategy/dragon.rs: Cannot change ownership to uid 1001, gid 1001: Operation not permitted
tar: ./rust/lib/rustlib/src/rust/library/core/benches/num/flt2dec/strategy: Cannot change ownership to uid 1001, gid 1001: Operation not permitted
tar: ./rust/lib/rustlib/src/rust/library/core/benches/num/flt2dec: Cannot change ownership to uid 1001, gid 1001: Operation not permitted
tar: ./rust/lib/rustlib/src/rust/library/core/benches/num/mod.rs: Cannot change ownership to uid 1001, gid 1001: Operation not permitted
tar: ./rust/lib/rustlib/src/rust/library/core/benches/num/int_pow/mod.rs: Cannot change ownership to uid 1001, gid 1001: Operation not permitted
tar: ./rust/lib/rustlib/src/rust/library/core/benches/num/int_pow: Cannot change ownership to uid 1001, gid 1001: Operation not permitted
tar: ./rust/lib/rustlib/src/rust/library/core/benches/num/int_sqrt/mod.rs: Cannot change ownership to uid 1001, gid 1001: Operation not permitted
tar: ./rust/lib/rustlib/src/rust/library/core/benches/num/int_sqrt: Cannot change ownership to uid 1001, gid 1001: Operation not permitted
tar: ./rust/lib/rustlib/src/rust/library/core/benches/num/int_log/mod.rs: Cannot change ownership to uid 1001, gid 1001: Operation not permitted
tar: ./rust/lib/rustlib/src/rust/library/core/benches/num/int_log: Cannot change ownership to uid 1001, gid 1001: Operation not permitted
tar: ./rust/lib/rustlib/src/rust/library/core/benches/num/dec2flt/mod.rs: Cannot change ownership to uid 1001, gid 1001: Operation not permitted
tar: ./rust/lib/rustlib/src/rust/library/core/benches/num/dec2flt: Cannot change ownership to uid 1001, gid 1001: Operation not permitted
tar: ./rust/lib/rustlib/src/rust/library/core/benches/num: Cannot change ownership to uid 1001, gid 1001: Operation not permitted
tar: ./rust/lib/rustlib/src/rust/library/core/benches/ascii/is_ascii.rs: Cannot change ownership to uid 1001, gid 1001: Operation not permitted
tar: ./rust/lib/rustlib/src/rust/library/core/benches/ascii: Cannot change ownership to uid 1001, gid 1001: Operation not permitted
tar: ./rust/lib/rustlib/src/rust/library/core/benches/net/mod.rs: Cannot change ownership to uid 1001, gid 1001: Operation not permitted
tar: ./rust/lib/rustlib/src/rust/library/core/benches/net/addr_parser.rs: Cannot change ownership to uid 1001, gid 1001: Operation not permitted
tar: ./rust/lib/rustlib/src/rust/library/core/benches/net: Cannot change ownership to uid 1001, gid 1001: Operation not permitted
tar: ./rust/lib/rustlib/src/rust/library/core/benches/str.rs: Cannot change ownership to uid 1001, gid 1001: Operation not permitted
tar: ./rust/lib/rustlib/src/rust/library/core/benches/str/char_count.rs: Cannot change ownership to uid 1001, gid 1001: Operation not permitted
tar: ./rust/lib/rustlib/src/rust/library/core/benches/str/iter.rs: Cannot change ownership to uid 1001, gid 1001: Operation not permitted
tar: ./rust/lib/rustlib/src/rust/library/core/benches/str/corpora.rs: Cannot change ownership to uid 1001, gid 1001: Operation not permitted
tar: ./rust/lib/rustlib/src/rust/library/core/benches/str/debug.rs: Cannot change ownership to uid 1001, gid 1001: Operation not permitted
tar: ./rust/lib/rustlib/src/rust/library/core/benches/str: Cannot change ownership to uid 1001, gid 1001: Operation not permitted
tar: ./rust/lib/rustlib/src/rust/library/core/benches/array.rs: Cannot change ownership to uid 1001, gid 1001: Operation not permitted
tar: ./rust/lib/rustlib/src/rust/library/core/benches/any.rs: Cannot change ownership to uid 1001, gid 1001: Operation not permitted
tar: ./rust/lib/rustlib/src/rust/library/core/benches: Cannot change ownership to uid 1001, gid 1001: Operation not permitted
tar: ./rust/lib/rustlib/src/rust/library/core: Cannot change ownership to uid 1001, gid 1001: Operation not permitted
tar: ./rust/lib/rustlib/src/rust/library: Cannot change ownership to uid 1001, gid 1001: Operation not permitted
tar: ./rust/lib/rustlib/src/rust: Cannot change ownership to uid 1001, gid 1001: Operation not permitted
tar: ./rust/lib/rustlib/src: Cannot change ownership to uid 1001, gid 1001: Operation not permitted
tar: ./rust/lib/rustlib/sbpfv1-solana-solana/lib/libunicode_width-e23b7ea9aa468842.rlib: Cannot change ownership to uid 1001, gid 1001: Operation not permitted
tar: ./rust/lib/rustlib/sbpfv1-solana-solana/lib/libminiz_oxide-d1e47ea5da5be975.rlib: Cannot change ownership to uid 1001, gid 1001: Operation not permitted
tar: ./rust/lib/rustlib/sbpfv1-solana-solana/lib/self-contained: Cannot change ownership to uid 1001, gid 1001: Operation not permitted
tar: ./rust/lib/rustlib/sbpfv1-solana-solana/lib/libadler-845d55b63654e76e.rlib: Cannot change ownership to uid 1001, gid 1001: Operation not permitted
tar: ./rust/lib/rustlib/sbpfv1-solana-solana/lib/libproc_macro-922d79a2367170c9.rlib: Cannot change ownership to uid 1001, gid 1001: Operation not permitted
tar: ./rust/lib/rustlib/sbpfv1-solana-solana/lib/libstd_detect-86ce1a08a869bdfd.rlib: Cannot change ownership to uid 1001, gid 1001: Operation not permitted
tar: ./rust/lib/rustlib/sbpfv1-solana-solana/lib/libobject-30e16c438d24ca91.rlib: Cannot change ownership to uid 1001, gid 1001: Operation not permitted
tar: ./rust/lib/rustlib/sbpfv1-solana-solana/lib/librustc_std_workspace_core-859b05ae867bf841.rlib: Cannot change ownership to uid 1001, gid 1001: Operation not permitted
tar: ./rust/lib/rustlib/sbpfv1-solana-solana/lib/libunwind-b6d47d940e682b4f.rlib: Cannot change ownership to uid 1001, gid 1001: Operation not permitted
tar: ./rust/lib/rustlib/sbpfv1-solana-solana/lib/libpanic_unwind-9b224bd4a773810c.rlib: Cannot change ownership to uid 1001, gid 1001: Operation not permitted
tar: ./rust/lib/rustlib/sbpfv1-solana-solana/lib/liballoc-c1345840ebe74b0d.rlib: Cannot change ownership to uid 1001, gid 1001: Operation not permitted
tar: ./rust/lib/rustlib/sbpfv1-solana-solana/lib/libpanic_abort-2d9a43a158cbbacc.rlib: Cannot change ownership to uid 1001, gid 1001: Operation not permitted
tar: ./rust/lib/rustlib/sbpfv1-solana-solana/lib/libcompiler_builtins-0f6a4f8046a1b3a6.rlib: Cannot change ownership to uid 1001, gid 1001: Operation not permitted
tar: ./rust/lib/rustlib/sbpfv1-solana-solana/lib/libstd-4035f244f411c7c5.rlib: Cannot change ownership to uid 1001, gid 1001: Operation not permitted
tar: ./rust/lib/rustlib/sbpfv1-solana-solana/lib/libcfg_if-7f771021f0a09c06.rlib: Cannot change ownership to uid 1001, gid 1001: Operation not permitted
tar: ./rust/lib/rustlib/sbpfv1-solana-solana/lib/libgimli-8852a410341f37e5.rlib: Cannot change ownership to uid 1001, gid 1001: Operation not permitted
tar: ./rust/lib/rustlib/sbpfv1-solana-solana/lib/librustc_std_workspace_std-bfa3b5c53006c950.rlib: Cannot change ownership to uid 1001, gid 1001: Operation not permitted
tar: ./rust/lib/rustlib/sbpfv1-solana-solana/lib/libcore-9fb2e68e73bbf8e1.rlib: Cannot change ownership to uid 1001, gid 1001: Operation not permitted
tar: ./rust/lib/rustlib/sbpfv1-solana-solana/lib/libmemchr-06ac45ed724a2fea.rlib: Cannot change ownership to uid 1001, gid 1001: Operation not permitted
tar: ./rust/lib/rustlib/sbpfv1-solana-solana/lib/libtest-121431fe2e3ea2bc.rlib: Cannot change ownership to uid 1001, gid 1001: Operation not permitted
tar: ./rust/lib/rustlib/sbpfv1-solana-solana/lib/libaddr2line-088240a6c3b316aa.rlib: Cannot change ownership to uid 1001, gid 1001: Operation not permitted
tar: ./rust/lib/rustlib/sbpfv1-solana-solana/lib/libgetopts-798a7b3cf4399666.rlib: Cannot change ownership to uid 1001, gid 1001: Operation not permitted
tar: ./rust/lib/rustlib/sbpfv1-solana-solana/lib/liblibc-bd4621387b9b43ff.rlib: Cannot change ownership to uid 1001, gid 1001: Operation not permitted
tar: ./rust/lib/rustlib/sbpfv1-solana-solana/lib/libhashbrown-e2a33badae621926.rlib: Cannot change ownership to uid 1001, gid 1001: Operation not permitted
tar: ./rust/lib/rustlib/sbpfv1-solana-solana/lib/librustc_std_workspace_alloc-2a3a004742951ab5.rlib: Cannot change ownership to uid 1001, gid 1001: Operation not permitted
tar: ./rust/lib/rustlib/sbpfv1-solana-solana/lib/libsysroot-991c42d8607e391b.rlib: Cannot change ownership to uid 1001, gid 1001: Operation not permitted
tar: ./rust/lib/rustlib/sbpfv1-solana-solana/lib: Cannot change ownership to uid 1001, gid 1001: Operation not permitted
tar: ./rust/lib/rustlib/sbpfv1-solana-solana: Cannot change ownership to uid 1001, gid 1001: Operation not permitted
tar: ./rust/lib/rustlib/sbpf-solana-solana/lib/liballoc-261f16de55a53c03.rlib: Cannot change ownership to uid 1001, gid 1001: Operation not permitted
tar: ./rust/lib/rustlib/sbpf-solana-solana/lib/libstd-7d4f5fa3e5eb8910.rlib: Cannot change ownership to uid 1001, gid 1001: Operation not permitted
tar: ./rust/lib/rustlib/sbpf-solana-solana/lib/self-contained: Cannot change ownership to uid 1001, gid 1001: Operation not permitted
tar: ./rust/lib/rustlib/sbpf-solana-solana/lib/libminiz_oxide-0922e102374f6fd6.rlib: Cannot change ownership to uid 1001, gid 1001: Operation not permitted
tar: ./rust/lib/rustlib/sbpf-solana-solana/lib/libhashbrown-7271f6651ddbfbc0.rlib: Cannot change ownership to uid 1001, gid 1001: Operation not permitted
tar: ./rust/lib/rustlib/sbpf-solana-solana/lib/libunwind-d57d988e0285c3a0.rlib: Cannot change ownership to uid 1001, gid 1001: Operation not permitted
tar: ./rust/lib/rustlib/sbpf-solana-solana/lib/libcfg_if-fb2f9b1e10771105.rlib: Cannot change ownership to uid 1001, gid 1001: Operation not permitted
tar: ./rust/lib/rustlib/sbpf-solana-solana/lib/libadler-5106f9f2ee8896e4.rlib: Cannot change ownership to uid 1001, gid 1001: Operation not permitted
tar: ./rust/lib/rustlib/sbpf-solana-solana/lib/libgetopts-00a01ac2487b9d1b.rlib: Cannot change ownership to uid 1001, gid 1001: Operation not permitted
tar: ./rust/lib/rustlib/sbpf-solana-solana/lib/libsysroot-d9c8f0d478932547.rlib: Cannot change ownership to uid 1001, gid 1001: Operation not permitted
tar: ./rust/lib/rustlib/sbpf-solana-solana/lib/libaddr2line-97aadbd07ef3eece.rlib: Cannot change ownership to uid 1001, gid 1001: Operation not permitted
tar: ./rust/lib/rustlib/sbpf-solana-solana/lib/libgimli-c19a396f97ef607e.rlib: Cannot change ownership to uid 1001, gid 1001: Operation not permitted
tar: ./rust/lib/rustlib/sbpf-solana-solana/lib/libpanic_abort-294480d5b07353d2.rlib: Cannot change ownership to uid 1001, gid 1001: Operation not permitted
tar: ./rust/lib/rustlib/sbpf-solana-solana/lib/librustc_std_workspace_alloc-83319151b508b9a0.rlib: Cannot change ownership to uid 1001, gid 1001: Operation not permitted
tar: ./rust/lib/rustlib/sbpf-solana-solana/lib/liblibc-4604a3d665b78706.rlib: Cannot change ownership to uid 1001, gid 1001: Operation not permitted
tar: ./rust/lib/rustlib/sbpf-solana-solana/lib/libtest-413d893e8a7a4915.rlib: Cannot change ownership to uid 1001, gid 1001: Operation not permitted
tar: ./rust/lib/rustlib/sbpf-solana-solana/lib/librustc_std_workspace_core-02199b0ee1706357.rlib: Cannot change ownership to uid 1001, gid 1001: Operation not permitted
tar: ./rust/lib/rustlib/sbpf-solana-solana/lib/libproc_macro-149939cf0db7b33e.rlib: Cannot change ownership to uid 1001, gid 1001: Operation not permitted
tar: ./rust/lib/rustlib/sbpf-solana-solana/lib/libmemchr-36566926a6dbc85f.rlib: Cannot change ownership to uid 1001, gid 1001: Operation not permitted
tar: ./rust/lib/rustlib/sbpf-solana-solana/lib/libobject-115959d2073086fd.rlib: Cannot change ownership to uid 1001, gid 1001: Operation not permitted
tar: ./rust/lib/rustlib/sbpf-solana-solana/lib/libpanic_unwind-e9266cce4bcb6c51.rlib: Cannot change ownership to uid 1001, gid 1001: Operation not permitted
tar: ./rust/lib/rustlib/sbpf-solana-solana/lib/librustc_std_workspace_std-352173f80007e9ef.rlib: Cannot change ownership to uid 1001, gid 1001: Operation not permitted
tar: ./rust/lib/rustlib/sbpf-solana-solana/lib/libunicode_width-b93af451674de322.rlib: Cannot change ownership to uid 1001, gid 1001: Operation not permitted
tar: ./rust/lib/rustlib/sbpf-solana-solana/lib/libcompiler_builtins-6d6c09703b56e081.rlib: Cannot change ownership to uid 1001, gid 1001: Operation not permitted
tar: ./rust/lib/rustlib/sbpf-solana-solana/lib/libcore-df2f94031a6f96fd.rlib: Cannot change ownership to uid 1001, gid 1001: Operation not permitted
tar: ./rust/lib/rustlib/sbpf-solana-solana/lib/libstd_detect-7a145c85f55b9829.rlib: Cannot change ownership to uid 1001, gid 1001: Operation not permitted
tar: ./rust/lib/rustlib/sbpf-solana-solana/lib: Cannot change ownership to uid 1001, gid 1001: Operation not permitted
tar: ./rust/lib/rustlib/sbpf-solana-solana: Cannot change ownership to uid 1001, gid 1001: Operation not permitted
tar: ./rust/lib/rustlib/x86_64-unknown-linux-gnu/codegen-backends: Cannot change ownership to uid 1001, gid 1001: Operation not permitted
tar: ./rust/lib/rustlib/x86_64-unknown-linux-gnu/bin/llvm-strip: Cannot change ownership to uid 1001, gid 1001: Operation not permitted
tar: ./rust/lib/rustlib/x86_64-unknown-linux-gnu/bin/llvm-nm: Cannot change ownership to uid 1001, gid 1001: Operation not permitted
tar: ./rust/lib/rustlib/x86_64-unknown-linux-gnu/bin/llvm-size: Cannot change ownership to uid 1001, gid 1001: Operation not permitted
tar: ./rust/lib/rustlib/x86_64-unknown-linux-gnu/bin/llvm-ar: Cannot change ownership to uid 1001, gid 1001: Operation not permitted
tar: ./rust/lib/rustlib/x86_64-unknown-linux-gnu/bin/llc: Cannot change ownership to uid 1001, gid 1001: Operation not permitted
tar: ./rust/lib/rustlib/x86_64-unknown-linux-gnu/bin/llvm-cov: Cannot change ownership to uid 1001, gid 1001: Operation not permitted
tar: ./rust/lib/rustlib/x86_64-unknown-linux-gnu/bin/llvm-profdata: Cannot change ownership to uid 1001, gid 1001: Operation not permitted
tar: ./rust/lib/rustlib/x86_64-unknown-linux-gnu/bin/llvm-objcopy: Cannot change ownership to uid 1001, gid 1001: Operation not permitted
tar: ./rust/lib/rustlib/x86_64-unknown-linux-gnu/bin/gcc-ld/wasm-ld: Cannot change ownership to uid 1001, gid 1001: Operation not permitted
tar: ./rust/lib/rustlib/x86_64-unknown-linux-gnu/bin/gcc-ld/lld-link: Cannot change ownership to uid 1001, gid 1001: Operation not permitted
tar: ./rust/lib/rustlib/x86_64-unknown-linux-gnu/bin/gcc-ld/ld.lld: Cannot change ownership to uid 1001, gid 1001: Operation not permitted
tar: ./rust/lib/rustlib/x86_64-unknown-linux-gnu/bin/gcc-ld/ld64.lld: Cannot change ownership to uid 1001, gid 1001: Operation not permitted
tar: ./rust/lib/rustlib/x86_64-unknown-linux-gnu/bin/gcc-ld: Cannot change ownership to uid 1001, gid 1001: Operation not permitted
tar: ./rust/lib/rustlib/x86_64-unknown-linux-gnu/bin/rust-objcopy: Cannot change ownership to uid 1001, gid 1001: Operation not permitted
tar: ./rust/lib/rustlib/x86_64-unknown-linux-gnu/bin/llvm-link: Cannot change ownership to uid 1001, gid 1001: Operation not permitted
tar: ./rust/lib/rustlib/x86_64-unknown-linux-gnu/bin/llvm-as: Cannot change ownership to uid 1001, gid 1001: Operation not permitted
tar: ./rust/lib/rustlib/x86_64-unknown-linux-gnu/bin/llvm-dis: Cannot change ownership to uid 1001, gid 1001: Operation not permitted
tar: ./rust/lib/rustlib/x86_64-unknown-linux-gnu/bin/llvm-readobj: Cannot change ownership to uid 1001, gid 1001: Operation not permitted
tar: ./rust/lib/rustlib/x86_64-unknown-linux-gnu/bin/llvm-objdump: Cannot change ownership to uid 1001, gid 1001: Operation not permitted
tar: ./rust/lib/rustlib/x86_64-unknown-linux-gnu/bin/opt: Cannot change ownership to uid 1001, gid 1001: Operation not permitted
tar: ./rust/lib/rustlib/x86_64-unknown-linux-gnu/bin/rust-lld: Cannot change ownership to uid 1001, gid 1001: Operation not permitted
tar: ./rust/lib/rustlib/x86_64-unknown-linux-gnu/bin: Cannot change ownership to uid 1001, gid 1001: Operation not permitted
tar: ./rust/lib/rustlib/x86_64-unknown-linux-gnu/lib/libminiz_oxide-11b879794a2dd5a9.rlib: Cannot change ownership to uid 1001, gid 1001: Operation not permitted
tar: ./rust/lib/rustlib/x86_64-unknown-linux-gnu/lib/self-contained: Cannot change ownership to uid 1001, gid 1001: Operation not permitted
tar: ./rust/lib/rustlib/x86_64-unknown-linux-gnu/lib/libstd-0fca9c7fd57dfe8d.so: Cannot change ownership to uid 1001, gid 1001: Operation not permitted
tar: ./rust/lib/rustlib/x86_64-unknown-linux-gnu/lib/libunwind-d240bc5b643d5424.rlib: Cannot change ownership to uid 1001, gid 1001: Operation not permitted
tar: ./rust/lib/rustlib/x86_64-unknown-linux-gnu/lib/libpanic_unwind-ac67a809c6f3fc22.rlib: Cannot change ownership to uid 1001, gid 1001: Operation not permitted
tar: ./rust/lib/rustlib/x86_64-unknown-linux-gnu/lib/libgimli-bed628d7d020fc1c.rlib: Cannot change ownership to uid 1001, gid 1001: Operation not permitted
tar: ./rust/lib/rustlib/x86_64-unknown-linux-gnu/lib/librustc_demangle-7ecdc0060ca35ae4.rlib: Cannot change ownership to uid 1001, gid 1001: Operation not permitted
tar: ./rust/lib/rustlib/x86_64-unknown-linux-gnu/lib/libhashbrown-321c63e14e412c0e.rlib: Cannot change ownership to uid 1001, gid 1001: Operation not permitted
tar: ./rust/lib/rustlib/x86_64-unknown-linux-gnu/lib/libpanic_abort-f4fa6dc44047d820.rlib: Cannot change ownership to uid 1001, gid 1001: Operation not permitted
tar: ./rust/lib/rustlib/x86_64-unknown-linux-gnu/lib/liballoc-4bec5ffb007b16e1.rlib: Cannot change ownership to uid 1001, gid 1001: Operation not permitted
tar: ./rust/lib/rustlib/x86_64-unknown-linux-gnu/lib/libmemchr-b54960c813b4a678.rlib: Cannot change ownership to uid 1001, gid 1001: Operation not permitted
tar: ./rust/lib/rustlib/x86_64-unknown-linux-gnu/lib/liblibc-a6696703cc3a373d.rlib: Cannot change ownership to uid 1001, gid 1001: Operation not permitted
tar: ./rust/lib/rustlib/x86_64-unknown-linux-gnu/lib/librustc_std_workspace_core-1e8f79cda4cc9e17.rlib: Cannot change ownership to uid 1001, gid 1001: Operation not permitted
tar: ./rust/lib/rustlib/x86_64-unknown-linux-gnu/lib/libcfg_if-079ccf3e9f59c21a.rlib: Cannot change ownership to uid 1001, gid 1001: Operation not permitted
tar: ./rust/lib/rustlib/x86_64-unknown-linux-gnu/lib/librustc_std_workspace_alloc-1465d3aa2cc7cb89.rlib: Cannot change ownership to uid 1001, gid 1001: Operation not permitted
tar: ./rust/lib/rustlib/x86_64-unknown-linux-gnu/lib/libcompiler_builtins-15c8cfd76114f749.rlib: Cannot change ownership to uid 1001, gid 1001: Operation not permitted
tar: ./rust/lib/rustlib/x86_64-unknown-linux-gnu/lib/libsysroot-0ef278e6aba65d60.rlib: Cannot change ownership to uid 1001, gid 1001: Operation not permitted
tar: ./rust/lib/rustlib/x86_64-unknown-linux-gnu/lib/libaddr2line-9d5a4b815d580885.rlib: Cannot change ownership to uid 1001, gid 1001: Operation not permitted
tar: ./rust/lib/rustlib/x86_64-unknown-linux-gnu/lib/librustc_std_workspace_std-bac4fe4e81385632.rlib: Cannot change ownership to uid 1001, gid 1001: Operation not permitted
tar: ./rust/lib/rustlib/x86_64-unknown-linux-gnu/lib/libtest-40f9f3675cf0f3de.rlib: Cannot change ownership to uid 1001, gid 1001: Operation not permitted
tar: ./rust/lib/rustlib/x86_64-unknown-linux-gnu/lib/libstd-0fca9c7fd57dfe8d.rlib: Cannot change ownership to uid 1001, gid 1001: Operation not permitted
tar: ./rust/lib/rustlib/x86_64-unknown-linux-gnu/lib/libstd_detect-c3f9051b2ec2a48d.rlib: Cannot change ownership to uid 1001, gid 1001: Operation not permitted
tar: ./rust/lib/rustlib/x86_64-unknown-linux-gnu/lib/libproc_macro-3e484827a0465c6f.rlib: Cannot change ownership to uid 1001, gid 1001: Operation not permitted
tar: ./rust/lib/rustlib/x86_64-unknown-linux-gnu/lib/libunicode_width-058279f31990e72b.rlib: Cannot change ownership to uid 1001, gid 1001: Operation not permitted
tar: ./rust/lib/rustlib/x86_64-unknown-linux-gnu/lib/libcore-f652f7f61c28f0b5.rlib: Cannot change ownership to uid 1001, gid 1001: Operation not permitted
tar: ./rust/lib/rustlib/x86_64-unknown-linux-gnu/lib/libobject-837e8da123c3b095.rlib: Cannot change ownership to uid 1001, gid 1001: Operation not permitted
tar: ./rust/lib/rustlib/x86_64-unknown-linux-gnu/lib/libadler-75dc92807639f517.rlib: Cannot change ownership to uid 1001, gid 1001: Operation not permitted
tar: ./rust/lib/rustlib/x86_64-unknown-linux-gnu/lib/libgetopts-8255b623433b42b1.rlib: Cannot change ownership to uid 1001, gid 1001: Operation not permitted
tar: ./rust/lib/rustlib/x86_64-unknown-linux-gnu/lib: Cannot change ownership to uid 1001, gid 1001: Operation not permitted
tar: ./rust/lib/rustlib/x86_64-unknown-linux-gnu: Cannot change ownership to uid 1001, gid 1001: Operation not permitted
tar: ./rust/lib/rustlib/sbpfv3-solana-solana/lib/libsysroot-f7e1fe8ec4e0a2eb.rlib: Cannot change ownership to uid 1001, gid 1001: Operation not permitted
tar: ./rust/lib/rustlib/sbpfv3-solana-solana/lib/libpanic_abort-82db81c08341d7e1.rlib: Cannot change ownership to uid 1001, gid 1001: Operation not permitted
tar: ./rust/lib/rustlib/sbpfv3-solana-solana/lib/libaddr2line-2eb015752cda8c40.rlib: Cannot change ownership to uid 1001, gid 1001: Operation not permitted
tar: ./rust/lib/rustlib/sbpfv3-solana-solana/lib/self-contained: Cannot change ownership to uid 1001, gid 1001: Operation not permitted
tar: ./rust/lib/rustlib/sbpfv3-solana-solana/lib/libhashbrown-e457bc21575cb997.rlib: Cannot change ownership to uid 1001, gid 1001: Operation not permitted
tar: ./rust/lib/rustlib/sbpfv3-solana-solana/lib/libcompiler_builtins-6f4efcea4f3ddc05.rlib: Cannot change ownership to uid 1001, gid 1001: Operation not permitted
tar: ./rust/lib/rustlib/sbpfv3-solana-solana/lib/libcore-f2f8a6e7e28de775.rlib: Cannot change ownership to uid 1001, gid 1001: Operation not permitted
tar: ./rust/lib/rustlib/sbpfv3-solana-solana/lib/liblibc-277c29a2a6253b48.rlib: Cannot change ownership to uid 1001, gid 1001: Operation not permitted
tar: ./rust/lib/rustlib/sbpfv3-solana-solana/lib/libminiz_oxide-33d922cbde582f41.rlib: Cannot change ownership to uid 1001, gid 1001: Operation not permitted
tar: ./rust/lib/rustlib/sbpfv3-solana-solana/lib/librustc_std_workspace_core-335dce376c1cc338.rlib: Cannot change ownership to uid 1001, gid 1001: Operation not permitted
tar: ./rust/lib/rustlib/sbpfv3-solana-solana/lib/libtest-b5b3af16705b9c19.rlib: Cannot change ownership to uid 1001, gid 1001: Operation not permitted
tar: ./rust/lib/rustlib/sbpfv3-solana-solana/lib/libstd-6352db3f35074c7e.rlib: Cannot change ownership to uid 1001, gid 1001: Operation not permitted
tar: ./rust/lib/rustlib/sbpfv3-solana-solana/lib/libgimli-4204ace867750844.rlib: Cannot change ownership to uid 1001, gid 1001: Operation not permitted
tar: ./rust/lib/rustlib/sbpfv3-solana-solana/lib/libpanic_unwind-8e5bb12d5d98441b.rlib: Cannot change ownership to uid 1001, gid 1001: Operation not permitted
tar: ./rust/lib/rustlib/sbpfv3-solana-solana/lib/libstd_detect-e0aa2fa9ae481768.rlib: Cannot change ownership to uid 1001, gid 1001: Operation not permitted
tar: ./rust/lib/rustlib/sbpfv3-solana-solana/lib/librustc_std_workspace_alloc-17c96473144834d1.rlib: Cannot change ownership to uid 1001, gid 1001: Operation not permitted
tar: ./rust/lib/rustlib/sbpfv3-solana-solana/lib/libproc_macro-7a52a9b4fb09d561.rlib: Cannot change ownership to uid 1001, gid 1001: Operation not permitted
tar: ./rust/lib/rustlib/sbpfv3-solana-solana/lib/libunicode_width-88633a50bce0bf31.rlib: Cannot change ownership to uid 1001, gid 1001: Operation not permitted
tar: ./rust/lib/rustlib/sbpfv3-solana-solana/lib/libunwind-1232f2bd3688e356.rlib: Cannot change ownership to uid 1001, gid 1001: Operation not permitted
tar: ./rust/lib/rustlib/sbpfv3-solana-solana/lib/libgetopts-2215b02022b10e2b.rlib: Cannot change ownership to uid 1001, gid 1001: Operation not permitted
tar: ./rust/lib/rustlib/sbpfv3-solana-solana/lib/libobject-6e8905c95d2b0c58.rlib: Cannot change ownership to uid 1001, gid 1001: Operation not permitted
tar: ./rust/lib/rustlib/sbpfv3-solana-solana/lib/libadler-4df2056650b77784.rlib: Cannot change ownership to uid 1001, gid 1001: Operation not permitted
tar: ./rust/lib/rustlib/sbpfv3-solana-solana/lib/libcfg_if-c013629d860d43bc.rlib: Cannot change ownership to uid 1001, gid 1001: Operation not permitted
tar: ./rust/lib/rustlib/sbpfv3-solana-solana/lib/liballoc-d781c3b0038fe885.rlib: Cannot change ownership to uid 1001, gid 1001: Operation not permitted
tar: ./rust/lib/rustlib/sbpfv3-solana-solana/lib/libmemchr-49369751073db704.rlib: Cannot change ownership to uid 1001, gid 1001: Operation not permitted
tar: ./rust/lib/rustlib/sbpfv3-solana-solana/lib/librustc_std_workspace_std-b0ba565b8a7a0f8a.rlib: Cannot change ownership to uid 1001, gid 1001: Operation not permitted
tar: ./rust/lib/rustlib/sbpfv3-solana-solana/lib: Cannot change ownership to uid 1001, gid 1001: Operation not permitted
tar: ./rust/lib/rustlib/sbpfv3-solana-solana: Cannot change ownership to uid 1001, gid 1001: Operation not permitted
tar: ./rust/lib/rustlib: Cannot change ownership to uid 1001, gid 1001: Operation not permitted
tar: ./rust/lib/librustc_driver-aa50c36d9c0631cb.so: Cannot change ownership to uid 1001, gid 1001: Operation not permitted
tar: ./rust/lib: Cannot change ownership to uid 1001, gid 1001: Operation not permitted
tar: ./rust: Cannot change ownership to uid 1001, gid 1001: Operation not permitted
tar: ./version.md: Cannot change ownership to uid 1001, gid 1001: Operation not permitted
tar: ./llvm/include/machine/stdlib.h: Cannot change ownership to uid 1001, gid 1001: Operation not permitted
tar: ./llvm/include/machine/endian.h: Cannot change ownership to uid 1001, gid 1001: Operation not permitted
tar: ./llvm/include/machine/fastmath.h: Cannot change ownership to uid 1001, gid 1001: Operation not permitted
tar: ./llvm/include/machine/types.h: Cannot change ownership to uid 1001, gid 1001: Operation not permitted
tar: ./llvm/include/machine/termios.h: Cannot change ownership to uid 1001, gid 1001: Operation not permitted
tar: ./llvm/include/machine/_types.h: Cannot change ownership to uid 1001, gid 1001: Operation not permitted
tar: ./llvm/include/machine/time.h: Cannot change ownership to uid 1001, gid 1001: Operation not permitted
tar: ./llvm/include/machine/ieeefp.h: Cannot change ownership to uid 1001, gid 1001: Operation not permitted
tar: ./llvm/include/machine/_endian.h: Cannot change ownership to uid 1001, gid 1001: Operation not permitted
tar: ./llvm/include/machine/_default_types.h: Cannot change ownership to uid 1001, gid 1001: Operation not permitted
tar: ./llvm/include/machine/setjmp-dj.h: Cannot change ownership to uid 1001, gid 1001: Operation not permitted
tar: ./llvm/include/machine/param.h: Cannot change ownership to uid 1001, gid 1001: Operation not permitted
tar: ./llvm/include/machine/malloc.h: Cannot change ownership to uid 1001, gid 1001: Operation not permitted
tar: ./llvm/include/machine/setjmp.h: Cannot change ownership to uid 1001, gid 1001: Operation not permitted
tar: ./llvm/include/machine/_arc4random.h: Cannot change ownership to uid 1001, gid 1001: Operation not permitted
tar: ./llvm/include/machine/_time.h: Cannot change ownership to uid 1001, gid 1001: Operation not permitted
tar: ./llvm/include/machine/ansi.h: Cannot change ownership to uid 1001, gid 1001: Operation not permitted
tar: ./llvm/include/machine: Cannot change ownership to uid 1001, gid 1001: Operation not permitted
tar: ./llvm/include/string.h: Cannot change ownership to uid 1001, gid 1001: Operation not permitted
tar: ./llvm/include/_syslist.h: Cannot change ownership to uid 1001, gid 1001: Operation not permitted
tar: ./llvm/include/cpio.h: Cannot change ownership to uid 1001, gid 1001: Operation not permitted
tar: ./llvm/include/fcntl.h: Cannot change ownership to uid 1001, gid 1001: Operation not permitted
tar: ./llvm/include/sched.h: Cannot change ownership to uid 1001, gid 1001: Operation not permitted
tar: ./llvm/include/signal.h: Cannot change ownership to uid 1001, gid 1001: Operation not permitted
tar: ./llvm/include/assert.h: Cannot change ownership to uid 1001, gid 1001: Operation not permitted
tar: ./llvm/include/ssp/string.h: Cannot change ownership to uid 1001, gid 1001: Operation not permitted
tar: ./llvm/include/ssp/stdlib.h: Cannot change ownership to uid 1001, gid 1001: Operation not permitted
tar: ./llvm/include/ssp/stdio.h: Cannot change ownership to uid 1001, gid 1001: Operation not permitted
tar: ./llvm/include/ssp/wchar.h: Cannot change ownership to uid 1001, gid 1001: Operation not permitted
tar: ./llvm/include/ssp/unistd.h: Cannot change ownership to uid 1001, gid 1001: Operation not permitted
tar: ./llvm/include/ssp/strings.h: Cannot change ownership to uid 1001, gid 1001: Operation not permitted
tar: ./llvm/include/ssp/ssp.h: Cannot change ownership to uid 1001, gid 1001: Operation not permitted
tar: ./llvm/include/ssp: Cannot change ownership to uid 1001, gid 1001: Operation not permitted
tar: ./llvm/include/stdlib.h: Cannot change ownership to uid 1001, gid 1001: Operation not permitted
tar: ./llvm/include/ftw.h: Cannot change ownership to uid 1001, gid 1001: Operation not permitted
tar: ./llvm/include/fnmatch.h: Cannot change ownership to uid 1001, gid 1001: Operation not permitted
tar: ./llvm/include/fastmath.h: Cannot change ownership to uid 1001, gid 1001: Operation not permitted
tar: ./llvm/include/fenv.h: Cannot change ownership to uid 1001, gid 1001: Operation not permitted
tar: ./llvm/include/tgmath.h: Cannot change ownership to uid 1001, gid 1001: Operation not permitted
tar: ./llvm/include/alloca.h: Cannot change ownership to uid 1001, gid 1001: Operation not permitted
tar: ./llvm/include/math.h: Cannot change ownership to uid 1001, gid 1001: Operation not permitted
tar: ./llvm/include/stdio.h: Cannot change ownership to uid 1001, gid 1001: Operation not permitted
tar: ./llvm/include/iconv.h: Cannot change ownership to uid 1001, gid 1001: Operation not permitted
tar: ./llvm/include/_ansi.h: Cannot change ownership to uid 1001, gid 1001: Operation not permitted
tar: ./llvm/include/bits: Cannot change ownership to uid 1001, gid 1001: Operation not permitted
tar: ./llvm/include/elf.h: Cannot change ownership to uid 1001, gid 1001: Operation not permitted
tar: ./llvm/include/langinfo.h: Cannot change ownership to uid 1001, gid 1001: Operation not permitted
tar: ./llvm/include/stdio_ext.h: Cannot change ownership to uid 1001, gid 1001: Operation not permitted
tar: ./llvm/include/ctype.h: Cannot change ownership to uid 1001, gid 1001: Operation not permitted
tar: ./llvm/include/wchar.h: Cannot change ownership to uid 1001, gid 1001: Operation not permitted
tar: ./llvm/include/termios.h: Cannot change ownership to uid 1001, gid 1001: Operation not permitted
tar: ./llvm/include/wctype.h: Cannot change ownership to uid 1001, gid 1001: Operation not permitted
tar: ./llvm/include/complex.h: Cannot change ownership to uid 1001, gid 1001: Operation not permitted
tar: ./llvm/include/ar.h: Cannot change ownership to uid 1001, gid 1001: Operation not permitted
tar: ./llvm/include/limits.h: Cannot change ownership to uid 1001, gid 1001: Operation not permitted
tar: ./llvm/include/rpc: Cannot change ownership to uid 1001, gid 1001: Operation not permitted
tar: ./llvm/include/utmp.h: Cannot change ownership to uid 1001, gid 1001: Operation not permitted
tar: ./llvm/include/time.h: Cannot change ownership to uid 1001, gid 1001: Operation not permitted
tar: ./llvm/include/unctrl.h: Cannot change ownership to uid 1001, gid 1001: Operation not permitted
tar: ./llvm/include/paths.h: Cannot change ownership to uid 1001, gid 1001: Operation not permitted
tar: ./llvm/include/glob.h: Cannot change ownership to uid 1001, gid 1001: Operation not permitted
tar: ./llvm/include/_newlib_version.h: Cannot change ownership to uid 1001, gid 1001: Operation not permitted
tar: ./llvm/include/search.h: Cannot change ownership to uid 1001, gid 1001: Operation not permitted
tar: ./llvm/include/memory.h: Cannot change ownership to uid 1001, gid 1001: Operation not permitted
tar: ./llvm/include/ieeefp.h: Cannot change ownership to uid 1001, gid 1001: Operation not permitted
tar: ./llvm/include/spawn.h: Cannot change ownership to uid 1001, gid 1001: Operation not permitted
tar: ./llvm/include/getopt.h: Cannot change ownership to uid 1001, gid 1001: Operation not permitted
tar: ./llvm/include/wordexp.h: Cannot change ownership to uid 1001, gid 1001: Operation not permitted
tar: ./llvm/include/envlock.h: Cannot change ownership to uid 1001, gid 1001: Operation not permitted
tar: ./llvm/include/argz.h: Cannot change ownership to uid 1001, gid 1001: Operation not permitted
tar: ./llvm/include/unistd.h: Cannot change ownership to uid 1001, gid 1001: Operation not permitted
tar: ./llvm/include/stdint.h: Cannot change ownership to uid 1001, gid 1001: Operation not permitted
tar: ./llvm/include/regdef.h: Cannot change ownership to uid 1001, gid 1001: Operation not permitted
tar: ./llvm/include/inttypes.h: Cannot change ownership to uid 1001, gid 1001: Operation not permitted
tar: ./llvm/include/locale.h: Cannot change ownership to uid 1001, gid 1001: Operation not permitted
tar: ./llvm/include/newlib.h: Cannot change ownership to uid 1001, gid 1001: Operation not permitted
tar: ./llvm/include/stdatomic.h: Cannot change ownership to uid 1001, gid 1001: Operation not permitted
tar: ./llvm/include/threads.h: Cannot change ownership to uid 1001, gid 1001: Operation not permitted
tar: ./llvm/include/pthread.h: Cannot change ownership to uid 1001, gid 1001: Operation not permitted
tar: ./llvm/include/malloc.h: Cannot change ownership to uid 1001, gid 1001: Operation not permitted
tar: ./llvm/include/pwd.h: Cannot change ownership to uid 1001, gid 1001: Operation not permitted
tar: ./llvm/include/tar.h: Cannot change ownership to uid 1001, gid 1001: Operation not permitted
tar: ./llvm/include/strings.h: Cannot change ownership to uid 1001, gid 1001: Operation not permitted
tar: ./llvm/include/setjmp.h: Cannot change ownership to uid 1001, gid 1001: Operation not permitted
tar: ./llvm/include/devctl.h: Cannot change ownership to uid 1001, gid 1001: Operation not permitted
tar: ./llvm/include/reent.h: Cannot change ownership to uid 1001, gid 1001: Operation not permitted
tar: ./llvm/include/ndbm.h: Cannot change ownership to uid 1001, gid 1001: Operation not permitted
tar: ./llvm/include/libgen.h: Cannot change ownership to uid 1001, gid 1001: Operation not permitted
tar: ./llvm/include/grp.h: Cannot change ownership to uid 1001, gid 1001: Operation not permitted
tar: ./llvm/include/dirent.h: Cannot change ownership to uid 1001, gid 1001: Operation not permitted
tar: ./llvm/include/utime.h: Cannot change ownership to uid 1001, gid 1001: Operation not permitted
tar: ./llvm/include/envz.h: Cannot change ownership to uid 1001, gid 1001: Operation not permitted
tar: ./llvm/include/sys/select.h: Cannot change ownership to uid 1001, gid 1001: Operation not permitted
tar: ./llvm/include/sys/_intsup.h: Cannot change ownership to uid 1001, gid 1001: Operation not permitted
tar: ./llvm/include/sys/queue.h: Cannot change ownership to uid 1001, gid 1001: Operation not permitted
tar: ./llvm/include/sys/cdefs.h: Cannot change ownership to uid 1001, gid 1001: Operation not permitted
tar: ./llvm/include/sys/string.h: Cannot change ownership to uid 1001, gid 1001: Operation not permitted
tar: ./llvm/include/sys/file.h: Cannot change ownership to uid 1001, gid 1001: Operation not permitted
tar: ./llvm/include/sys/fcntl.h: Cannot change ownership to uid 1001, gid 1001: Operation not permitted
tar: ./llvm/include/sys/syslimits.h: Cannot change ownership to uid 1001, gid 1001: Operation not permitted
tar: ./llvm/include/sys/sched.h: Cannot change ownership to uid 1001, gid 1001: Operation not permitted
tar: ./llvm/include/sys/signal.h: Cannot change ownership to uid 1001, gid 1001: Operation not permitted
tar: ./llvm/include/sys/_default_fcntl.h: Cannot change ownership to uid 1001, gid 1001: Operation not permitted
tar: ./llvm/include/sys/timeb.h: Cannot change ownership to uid 1001, gid 1001: Operation not permitted
tar: ./llvm/include/sys/fenv.h: Cannot change ownership to uid 1001, gid 1001: Operation not permitted
tar: ./llvm/include/sys/types.h: Cannot change ownership to uid 1001, gid 1001: Operation not permitted
tar: ./llvm/include/sys/stdio.h: Cannot change ownership to uid 1001, gid 1001: Operation not permitted
tar: ./llvm/include/sys/config.h: Cannot change ownership to uid 1001, gid 1001: Operation not permitted
tar: ./llvm/include/sys/resource.h: Cannot change ownership to uid 1001, gid 1001: Operation not permitted
tar: ./llvm/include/sys/times.h: Cannot change ownership to uid 1001, gid 1001: Operation not permitted
tar: ./llvm/include/sys/_types.h: Cannot change ownership to uid 1001, gid 1001: Operation not permitted
tar: ./llvm/include/sys/time.h: Cannot change ownership to uid 1001, gid 1001: Operation not permitted
tar: ./llvm/include/sys/stat.h: Cannot change ownership to uid 1001, gid 1001: Operation not permitted
tar: ./llvm/include/sys/_sigset.h: Cannot change ownership to uid 1001, gid 1001: Operation not permitted
tar: ./llvm/include/sys/tree.h: Cannot change ownership to uid 1001, gid 1001: Operation not permitted
tar: ./llvm/include/sys/unistd.h: Cannot change ownership to uid 1001, gid 1001: Operation not permitted
tar: ./llvm/include/sys/param.h: Cannot change ownership to uid 1001, gid 1001: Operation not permitted
tar: ./llvm/include/sys/iconvnls.h: Cannot change ownership to uid 1001, gid 1001: Operation not permitted
tar: ./llvm/include/sys/custom_file.h: Cannot change ownership to uid 1001, gid 1001: Operation not permitted
tar: ./llvm/include/sys/dir.h: Cannot change ownership to uid 1001, gid 1001: Operation not permitted
tar: ./llvm/include/sys/_locale.h: Cannot change ownership to uid 1001, gid 1001: Operation not permitted
tar: ./llvm/include/sys/features.h: Cannot change ownership to uid 1001, gid 1001: Operation not permitted
tar: ./llvm/include/sys/_pthreadtypes.h: Cannot change ownership to uid 1001, gid 1001: Operation not permitted
tar: ./llvm/include/sys/_stdint.h: Cannot change ownership to uid 1001, gid 1001: Operation not permitted
tar: ./llvm/include/sys/_timespec.h: Cannot change ownership to uid 1001, gid 1001: Operation not permitted
tar: ./llvm/include/sys/timespec.h: Cannot change ownership to uid 1001, gid 1001: Operation not permitted
tar: ./llvm/include/sys/wait.h: Cannot change ownership to uid 1001, gid 1001: Operation not permitted
tar: ./llvm/include/sys/lock.h: Cannot change ownership to uid 1001, gid 1001: Operation not permitted
tar: ./llvm/include/sys/_tz_structs.h: Cannot change ownership to uid 1001, gid 1001: Operation not permitted
tar: ./llvm/include/sys/reent.h: Cannot change ownership to uid 1001, gid 1001: Operation not permitted
tar: ./llvm/include/sys/_timeval.h: Cannot change ownership to uid 1001, gid 1001: Operation not permitted
tar: ./llvm/include/sys/dirent.h: Cannot change ownership to uid 1001, gid 1001: Operation not permitted
tar: ./llvm/include/sys/utime.h: Cannot change ownership to uid 1001, gid 1001: Operation not permitted
tar: ./llvm/include/sys/errno.h: Cannot change ownership to uid 1001, gid 1001: Operation not permitted
tar: ./llvm/include/sys: Cannot change ownership to uid 1001, gid 1001: Operation not permitted
tar: ./llvm/include/regex.h: Cannot change ownership to uid 1001, gid 1001: Operation not permitted
tar: ./llvm/include/errno.h: Cannot change ownership to uid 1001, gid 1001: Operation not permitted
tar: ./llvm/include: Cannot change ownership to uid 1001, gid 1001: Operation not permitted
tar: ./llvm/sbpfv3/include/machine/stdlib.h: Cannot change ownership to uid 1001, gid 1001: Operation not permitted
tar: ./llvm/sbpfv3/include/machine/endian.h: Cannot change ownership to uid 1001, gid 1001: Operation not permitted
tar: ./llvm/sbpfv3/include/machine/fastmath.h: Cannot change ownership to uid 1001, gid 1001: Operation not permitted
tar: ./llvm/sbpfv3/include/machine/types.h: Cannot change ownership to uid 1001, gid 1001: Operation not permitted
tar: ./llvm/sbpfv3/include/machine/termios.h: Cannot change ownership to uid 1001, gid 1001: Operation not permitted
tar: ./llvm/sbpfv3/include/machine/_types.h: Cannot change ownership to uid 1001, gid 1001: Operation not permitted
tar: ./llvm/sbpfv3/include/machine/time.h: Cannot change ownership to uid 1001, gid 1001: Operation not permitted
tar: ./llvm/sbpfv3/include/machine/ieeefp.h: Cannot change ownership to uid 1001, gid 1001: Operation not permitted
tar: ./llvm/sbpfv3/include/machine/_endian.h: Cannot change ownership to uid 1001, gid 1001: Operation not permitted
tar: ./llvm/sbpfv3/include/machine/_default_types.h: Cannot change ownership to uid 1001, gid 1001: Operation not permitted
tar: ./llvm/sbpfv3/include/machine/setjmp-dj.h: Cannot change ownership to uid 1001, gid 1001: Operation not permitted
tar: ./llvm/sbpfv3/include/machine/param.h: Cannot change ownership to uid 1001, gid 1001: Operation not permitted
tar: ./llvm/sbpfv3/include/machine/malloc.h: Cannot change ownership to uid 1001, gid 1001: Operation not permitted
tar: ./llvm/sbpfv3/include/machine/setjmp.h: Cannot change ownership to uid 1001, gid 1001: Operation not permitted
tar: ./llvm/sbpfv3/include/machine/_arc4random.h: Cannot change ownership to uid 1001, gid 1001: Operation not permitted
tar: ./llvm/sbpfv3/include/machine/_time.h: Cannot change ownership to uid 1001, gid 1001: Operation not permitted
tar: ./llvm/sbpfv3/include/machine/ansi.h: Cannot change ownership to uid 1001, gid 1001: Operation not permitted
tar: ./llvm/sbpfv3/include/machine: Cannot change ownership to uid 1001, gid 1001: Operation not permitted
tar: ./llvm/sbpfv3/include/string.h: Cannot change ownership to uid 1001, gid 1001: Operation not permitted
tar: ./llvm/sbpfv3/include/_syslist.h: Cannot change ownership to uid 1001, gid 1001: Operation not permitted
tar: ./llvm/sbpfv3/include/cpio.h: Cannot change ownership to uid 1001, gid 1001: Operation not permitted
tar: ./llvm/sbpfv3/include/fcntl.h: Cannot change ownership to uid 1001, gid 1001: Operation not permitted
tar: ./llvm/sbpfv3/include/sched.h: Cannot change ownership to uid 1001, gid 1001: Operation not permitted
tar: ./llvm/sbpfv3/include/signal.h: Cannot change ownership to uid 1001, gid 1001: Operation not permitted
tar: ./llvm/sbpfv3/include/assert.h: Cannot change ownership to uid 1001, gid 1001: Operation not permitted
tar: ./llvm/sbpfv3/include/ssp/string.h: Cannot change ownership to uid 1001, gid 1001: Operation not permitted
tar: ./llvm/sbpfv3/include/ssp/stdlib.h: Cannot change ownership to uid 1001, gid 1001: Operation not permitted
tar: ./llvm/sbpfv3/include/ssp/stdio.h: Cannot change ownership to uid 1001, gid 1001: Operation not permitted
tar: ./llvm/sbpfv3/include/ssp/wchar.h: Cannot change ownership to uid 1001, gid 1001: Operation not permitted
tar: ./llvm/sbpfv3/include/ssp/unistd.h: Cannot change ownership to uid 1001, gid 1001: Operation not permitted
tar: ./llvm/sbpfv3/include/ssp/strings.h: Cannot change ownership to uid 1001, gid 1001: Operation not permitted
tar: ./llvm/sbpfv3/include/ssp/ssp.h: Cannot change ownership to uid 1001, gid 1001: Operation not permitted
tar: ./llvm/sbpfv3/include/ssp: Cannot change ownership to uid 1001, gid 1001: Operation not permitted
tar: ./llvm/sbpfv3/include/stdlib.h: Cannot change ownership to uid 1001, gid 1001: Operation not permitted
tar: ./llvm/sbpfv3/include/ftw.h: Cannot change ownership to uid 1001, gid 1001: Operation not permitted
tar: ./llvm/sbpfv3/include/fnmatch.h: Cannot change ownership to uid 1001, gid 1001: Operation not permitted
tar: ./llvm/sbpfv3/include/fastmath.h: Cannot change ownership to uid 1001, gid 1001: Operation not permitted
tar: ./llvm/sbpfv3/include/fenv.h: Cannot change ownership to uid 1001, gid 1001: Operation not permitted
tar: ./llvm/sbpfv3/include/tgmath.h: Cannot change ownership to uid 1001, gid 1001: Operation not permitted
tar: ./llvm/sbpfv3/include/alloca.h: Cannot change ownership to uid 1001, gid 1001: Operation not permitted
tar: ./llvm/sbpfv3/include/math.h: Cannot change ownership to uid 1001, gid 1001: Operation not permitted
tar: ./llvm/sbpfv3/include/stdio.h: Cannot change ownership to uid 1001, gid 1001: Operation not permitted
tar: ./llvm/sbpfv3/include/iconv.h: Cannot change ownership to uid 1001, gid 1001: Operation not permitted
tar: ./llvm/sbpfv3/include/_ansi.h: Cannot change ownership to uid 1001, gid 1001: Operation not permitted
tar: ./llvm/sbpfv3/include/bits: Cannot change ownership to uid 1001, gid 1001: Operation not permitted
tar: ./llvm/sbpfv3/include/elf.h: Cannot change ownership to uid 1001, gid 1001: Operation not permitted
tar: ./llvm/sbpfv3/include/langinfo.h: Cannot change ownership to uid 1001, gid 1001: Operation not permitted
tar: ./llvm/sbpfv3/include/stdio_ext.h: Cannot change ownership to uid 1001, gid 1001: Operation not permitted
tar: ./llvm/sbpfv3/include/ctype.h: Cannot change ownership to uid 1001, gid 1001: Operation not permitted
tar: ./llvm/sbpfv3/include/wchar.h: Cannot change ownership to uid 1001, gid 1001: Operation not permitted
tar: ./llvm/sbpfv3/include/termios.h: Cannot change ownership to uid 1001, gid 1001: Operation not permitted
tar: ./llvm/sbpfv3/include/wctype.h: Cannot change ownership to uid 1001, gid 1001: Operation not permitted
tar: ./llvm/sbpfv3/include/complex.h: Cannot change ownership to uid 1001, gid 1001: Operation not permitted
tar: ./llvm/sbpfv3/include/ar.h: Cannot change ownership to uid 1001, gid 1001: Operation not permitted
tar: ./llvm/sbpfv3/include/limits.h: Cannot change ownership to uid 1001, gid 1001: Operation not permitted
tar: ./llvm/sbpfv3/include/rpc: Cannot change ownership to uid 1001, gid 1001: Operation not permitted
tar: ./llvm/sbpfv3/include/utmp.h: Cannot change ownership to uid 1001, gid 1001: Operation not permitted
tar: ./llvm/sbpfv3/include/time.h: Cannot change ownership to uid 1001, gid 1001: Operation not permitted
tar: ./llvm/sbpfv3/include/unctrl.h: Cannot change ownership to uid 1001, gid 1001: Operation not permitted
tar: ./llvm/sbpfv3/include/paths.h: Cannot change ownership to uid 1001, gid 1001: Operation not permitted
tar: ./llvm/sbpfv3/include/glob.h: Cannot change ownership to uid 1001, gid 1001: Operation not permitted
tar: ./llvm/sbpfv3/include/_newlib_version.h: Cannot change ownership to uid 1001, gid 1001: Operation not permitted
tar: ./llvm/sbpfv3/include/search.h: Cannot change ownership to uid 1001, gid 1001: Operation not permitted
tar: ./llvm/sbpfv3/include/memory.h: Cannot change ownership to uid 1001, gid 1001: Operation not permitted
tar: ./llvm/sbpfv3/include/ieeefp.h: Cannot change ownership to uid 1001, gid 1001: Operation not permitted
tar: ./llvm/sbpfv3/include/spawn.h: Cannot change ownership to uid 1001, gid 1001: Operation not permitted
tar: ./llvm/sbpfv3/include/getopt.h: Cannot change ownership to uid 1001, gid 1001: Operation not permitted
tar: ./llvm/sbpfv3/include/wordexp.h: Cannot change ownership to uid 1001, gid 1001: Operation not permitted
tar: ./llvm/sbpfv3/include/envlock.h: Cannot change ownership to uid 1001, gid 1001: Operation not permitted
tar: ./llvm/sbpfv3/include/argz.h: Cannot change ownership to uid 1001, gid 1001: Operation not permitted
tar: ./llvm/sbpfv3/include/unistd.h: Cannot change ownership to uid 1001, gid 1001: Operation not permitted
tar: ./llvm/sbpfv3/include/stdint.h: Cannot change ownership to uid 1001, gid 1001: Operation not permitted
tar: ./llvm/sbpfv3/include/regdef.h: Cannot change ownership to uid 1001, gid 1001: Operation not permitted
tar: ./llvm/sbpfv3/include/inttypes.h: Cannot change ownership to uid 1001, gid 1001: Operation not permitted
tar: ./llvm/sbpfv3/include/locale.h: Cannot change ownership to uid 1001, gid 1001: Operation not permitted
tar: ./llvm/sbpfv3/include/newlib.h: Cannot change ownership to uid 1001, gid 1001: Operation not permitted
tar: ./llvm/sbpfv3/include/stdatomic.h: Cannot change ownership to uid 1001, gid 1001: Operation not permitted
tar: ./llvm/sbpfv3/include/threads.h: Cannot change ownership to uid 1001, gid 1001: Operation not permitted
tar: ./llvm/sbpfv3/include/pthread.h: Cannot change ownership to uid 1001, gid 1001: Operation not permitted
tar: ./llvm/sbpfv3/include/malloc.h: Cannot change ownership to uid 1001, gid 1001: Operation not permitted
tar: ./llvm/sbpfv3/include/pwd.h: Cannot change ownership to uid 1001, gid 1001: Operation not permitted
tar: ./llvm/sbpfv3/include/tar.h: Cannot change ownership to uid 1001, gid 1001: Operation not permitted
tar: ./llvm/sbpfv3/include/strings.h: Cannot change ownership to uid 1001, gid 1001: Operation not permitted
tar: ./llvm/sbpfv3/include/setjmp.h: Cannot change ownership to uid 1001, gid 1001: Operation not permitted
tar: ./llvm/sbpfv3/include/devctl.h: Cannot change ownership to uid 1001, gid 1001: Operation not permitted
tar: ./llvm/sbpfv3/include/reent.h: Cannot change ownership to uid 1001, gid 1001: Operation not permitted
tar: ./llvm/sbpfv3/include/ndbm.h: Cannot change ownership to uid 1001, gid 1001: Operation not permitted
tar: ./llvm/sbpfv3/include/libgen.h: Cannot change ownership to uid 1001, gid 1001: Operation not permitted
tar: ./llvm/sbpfv3/include/grp.h: Cannot change ownership to uid 1001, gid 1001: Operation not permitted
tar: ./llvm/sbpfv3/include/dirent.h: Cannot change ownership to uid 1001, gid 1001: Operation not permitted
tar: ./llvm/sbpfv3/include/utime.h: Cannot change ownership to uid 1001, gid 1001: Operation not permitted
tar: ./llvm/sbpfv3/include/envz.h: Cannot change ownership to uid 1001, gid 1001: Operation not permitted
tar: ./llvm/sbpfv3/include/sys/select.h: Cannot change ownership to uid 1001, gid 1001: Operation not permitted
tar: ./llvm/sbpfv3/include/sys/_intsup.h: Cannot change ownership to uid 1001, gid 1001: Operation not permitted
tar: ./llvm/sbpfv3/include/sys/queue.h: Cannot change ownership to uid 1001, gid 1001: Operation not permitted
tar: ./llvm/sbpfv3/include/sys/cdefs.h: Cannot change ownership to uid 1001, gid 1001: Operation not permitted
tar: ./llvm/sbpfv3/include/sys/string.h: Cannot change ownership to uid 1001, gid 1001: Operation not permitted
tar: ./llvm/sbpfv3/include/sys/file.h: Cannot change ownership to uid 1001, gid 1001: Operation not permitted
tar: ./llvm/sbpfv3/include/sys/fcntl.h: Cannot change ownership to uid 1001, gid 1001: Operation not permitted
tar: ./llvm/sbpfv3/include/sys/syslimits.h: Cannot change ownership to uid 1001, gid 1001: Operation not permitted
tar: ./llvm/sbpfv3/include/sys/sched.h: Cannot change ownership to uid 1001, gid 1001: Operation not permitted
tar: ./llvm/sbpfv3/include/sys/signal.h: Cannot change ownership to uid 1001, gid 1001: Operation not permitted
tar: ./llvm/sbpfv3/include/sys/_default_fcntl.h: Cannot change ownership to uid 1001, gid 1001: Operation not permitted
tar: ./llvm/sbpfv3/include/sys/timeb.h: Cannot change ownership to uid 1001, gid 1001: Operation not permitted
tar: ./llvm/sbpfv3/include/sys/fenv.h: Cannot change ownership to uid 1001, gid 1001: Operation not permitted
tar: ./llvm/sbpfv3/include/sys/types.h: Cannot change ownership to uid 1001, gid 1001: Operation not permitted
tar: ./llvm/sbpfv3/include/sys/stdio.h: Cannot change ownership to uid 1001, gid 1001: Operation not permitted
tar: ./llvm/sbpfv3/include/sys/config.h: Cannot change ownership to uid 1001, gid 1001: Operation not permitted
tar: ./llvm/sbpfv3/include/sys/resource.h: Cannot change ownership to uid 1001, gid 1001: Operation not permitted
tar: ./llvm/sbpfv3/include/sys/times.h: Cannot change ownership to uid 1001, gid 1001: Operation not permitted
tar: ./llvm/sbpfv3/include/sys/_types.h: Cannot change ownership to uid 1001, gid 1001: Operation not permitted
tar: ./llvm/sbpfv3/include/sys/time.h: Cannot change ownership to uid 1001, gid 1001: Operation not permitted
tar: ./llvm/sbpfv3/include/sys/stat.h: Cannot change ownership to uid 1001, gid 1001: Operation not permitted
tar: ./llvm/sbpfv3/include/sys/_sigset.h: Cannot change ownership to uid 1001, gid 1001: Operation not permitted
tar: ./llvm/sbpfv3/include/sys/tree.h: Cannot change ownership to uid 1001, gid 1001: Operation not permitted
tar: ./llvm/sbpfv3/include/sys/unistd.h: Cannot change ownership to uid 1001, gid 1001: Operation not permitted
tar: ./llvm/sbpfv3/include/sys/param.h: Cannot change ownership to uid 1001, gid 1001: Operation not permitted
tar: ./llvm/sbpfv3/include/sys/iconvnls.h: Cannot change ownership to uid 1001, gid 1001: Operation not permitted
tar: ./llvm/sbpfv3/include/sys/custom_file.h: Cannot change ownership to uid 1001, gid 1001: Operation not permitted
tar: ./llvm/sbpfv3/include/sys/dir.h: Cannot change ownership to uid 1001, gid 1001: Operation not permitted
tar: ./llvm/sbpfv3/include/sys/_locale.h: Cannot change ownership to uid 1001, gid 1001: Operation not permitted
tar: ./llvm/sbpfv3/include/sys/features.h: Cannot change ownership to uid 1001, gid 1001: Operation not permitted
tar: ./llvm/sbpfv3/include/sys/_pthreadtypes.h: Cannot change ownership to uid 1001, gid 1001: Operation not permitted
tar: ./llvm/sbpfv3/include/sys/_stdint.h: Cannot change ownership to uid 1001, gid 1001: Operation not permitted
tar: ./llvm/sbpfv3/include/sys/_timespec.h: Cannot change ownership to uid 1001, gid 1001: Operation not permitted
tar: ./llvm/sbpfv3/include/sys/timespec.h: Cannot change ownership to uid 1001, gid 1001: Operation not permitted
tar: ./llvm/sbpfv3/include/sys/wait.h: Cannot change ownership to uid 1001, gid 1001: Operation not permitted
tar: ./llvm/sbpfv3/include/sys/lock.h: Cannot change ownership to uid 1001, gid 1001: Operation not permitted
tar: ./llvm/sbpfv3/include/sys/_tz_structs.h: Cannot change ownership to uid 1001, gid 1001: Operation not permitted
tar: ./llvm/sbpfv3/include/sys/reent.h: Cannot change ownership to uid 1001, gid 1001: Operation not permitted
tar: ./llvm/sbpfv3/include/sys/_timeval.h: Cannot change ownership to uid 1001, gid 1001: Operation not permitted
tar: ./llvm/sbpfv3/include/sys/dirent.h: Cannot change ownership to uid 1001, gid 1001: Operation not permitted
tar: ./llvm/sbpfv3/include/sys/utime.h: Cannot change ownership to uid 1001, gid 1001: Operation not permitted
tar: ./llvm/sbpfv3/include/sys/errno.h: Cannot change ownership to uid 1001, gid 1001: Operation not permitted
tar: ./llvm/sbpfv3/include/sys: Cannot change ownership to uid 1001, gid 1001: Operation not permitted
tar: ./llvm/sbpfv3/include/regex.h: Cannot change ownership to uid 1001, gid 1001: Operation not permitted
tar: ./llvm/sbpfv3/include/errno.h: Cannot change ownership to uid 1001, gid 1001: Operation not permitted
tar: ./llvm/sbpfv3/include: Cannot change ownership to uid 1001, gid 1001: Operation not permitted
tar: ./llvm/sbpfv3: Cannot change ownership to uid 1001, gid 1001: Operation not permitted
tar: ./llvm/bin/lldb_commands: Cannot change ownership to uid 1001, gid 1001: Operation not permitted
tar: ./llvm/bin/lld: Cannot change ownership to uid 1001, gid 1001: Operation not permitted
tar: ./llvm/bin/rust_types.py: Cannot change ownership to uid 1001, gid 1001: Operation not permitted
tar: ./llvm/bin/llvm-ar: Cannot change ownership to uid 1001, gid 1001: Operation not permitted
tar: ./llvm/bin/llc: Cannot change ownership to uid 1001, gid 1001: Operation not permitted
tar: ./llvm/bin/lld-link: Cannot change ownership to uid 1001, gid 1001: Operation not permitted
tar: ./llvm/bin/clang-cpp: Cannot change ownership to uid 1001, gid 1001: Operation not permitted
tar: ./llvm/bin/lldb_providers.py: Cannot change ownership to uid 1001, gid 1001: Operation not permitted
tar: ./llvm/bin/llvm-objcopy: Cannot change ownership to uid 1001, gid 1001: Operation not permitted
tar: ./llvm/bin/lldb: Cannot change ownership to uid 1001, gid 1001: Operation not permitted
tar: ./llvm/bin/clang-19: Cannot change ownership to uid 1001, gid 1001: Operation not permitted
tar: ./llvm/bin/ld.lld: Cannot change ownership to uid 1001, gid 1001: Operation not permitted
tar: ./llvm/bin/clang-cl: Cannot change ownership to uid 1001, gid 1001: Operation not permitted
tar: ./llvm/bin/solana_lookup.py: Cannot change ownership to uid 1001, gid 1001: Operation not permitted
tar: ./llvm/bin/solana_commands: Cannot change ownership to uid 1001, gid 1001: Operation not permitted
tar: ./llvm/bin/solana_types.py: Cannot change ownership to uid 1001, gid 1001: Operation not permitted
tar: ./llvm/bin/ld64.lld: Cannot change ownership to uid 1001, gid 1001: Operation not permitted
tar: ./llvm/bin/lldb_lookup.py: Cannot change ownership to uid 1001, gid 1001: Operation not permitted
tar: ./llvm/bin/solana_providers.py: Cannot change ownership to uid 1001, gid 1001: Operation not permitted
tar: ./llvm/bin/clang: Cannot change ownership to uid 1001, gid 1001: Operation not permitted
tar: ./llvm/bin/solana-lldb: Cannot change ownership to uid 1001, gid 1001: Operation not permitted
tar: ./llvm/bin/llvm-readelf: Cannot change ownership to uid 1001, gid 1001: Operation not permitted
tar: ./llvm/bin/llvm-readobj: Cannot change ownership to uid 1001, gid 1001: Operation not permitted
tar: ./llvm/bin/clang++: Cannot change ownership to uid 1001, gid 1001: Operation not permitted
tar: ./llvm/bin/llvm-objdump: Cannot change ownership to uid 1001, gid 1001: Operation not permitted
tar: ./llvm/bin: Cannot change ownership to uid 1001, gid 1001: Operation not permitted
tar: ./llvm/sbpf/include/machine/stdlib.h: Cannot change ownership to uid 1001, gid 1001: Operation not permitted
tar: ./llvm/sbpf/include/machine/endian.h: Cannot change ownership to uid 1001, gid 1001: Operation not permitted
tar: ./llvm/sbpf/include/machine/fastmath.h: Cannot change ownership to uid 1001, gid 1001: Operation not permitted
tar: ./llvm/sbpf/include/machine/types.h: Cannot change ownership to uid 1001, gid 1001: Operation not permitted
tar: ./llvm/sbpf/include/machine/termios.h: Cannot change ownership to uid 1001, gid 1001: Operation not permitted
tar: ./llvm/sbpf/include/machine/_types.h: Cannot change ownership to uid 1001, gid 1001: Operation not permitted
tar: ./llvm/sbpf/include/machine/time.h: Cannot change ownership to uid 1001, gid 1001: Operation not permitted
tar: ./llvm/sbpf/include/machine/ieeefp.h: Cannot change ownership to uid 1001, gid 1001: Operation not permitted
tar: ./llvm/sbpf/include/machine/_endian.h: Cannot change ownership to uid 1001, gid 1001: Operation not permitted
tar: ./llvm/sbpf/include/machine/_default_types.h: Cannot change ownership to uid 1001, gid 1001: Operation not permitted
tar: ./llvm/sbpf/include/machine/setjmp-dj.h: Cannot change ownership to uid 1001, gid 1001: Operation not permitted
tar: ./llvm/sbpf/include/machine/param.h: Cannot change ownership to uid 1001, gid 1001: Operation not permitted
tar: ./llvm/sbpf/include/machine/malloc.h: Cannot change ownership to uid 1001, gid 1001: Operation not permitted
tar: ./llvm/sbpf/include/machine/setjmp.h: Cannot change ownership to uid 1001, gid 1001: Operation not permitted
tar: ./llvm/sbpf/include/machine/_arc4random.h: Cannot change ownership to uid 1001, gid 1001: Operation not permitted
tar: ./llvm/sbpf/include/machine/_time.h: Cannot change ownership to uid 1001, gid 1001: Operation not permitted
tar: ./llvm/sbpf/include/machine/ansi.h: Cannot change ownership to uid 1001, gid 1001: Operation not permitted
tar: ./llvm/sbpf/include/machine: Cannot change ownership to uid 1001, gid 1001: Operation not permitted
tar: ./llvm/sbpf/include/string.h: Cannot change ownership to uid 1001, gid 1001: Operation not permitted
tar: ./llvm/sbpf/include/_syslist.h: Cannot change ownership to uid 1001, gid 1001: Operation not permitted
tar: ./llvm/sbpf/include/cpio.h: Cannot change ownership to uid 1001, gid 1001: Operation not permitted
tar: ./llvm/sbpf/include/fcntl.h: Cannot change ownership to uid 1001, gid 1001: Operation not permitted
tar: ./llvm/sbpf/include/sched.h: Cannot change ownership to uid 1001, gid 1001: Operation not permitted
tar: ./llvm/sbpf/include/signal.h: Cannot change ownership to uid 1001, gid 1001: Operation not permitted
tar: ./llvm/sbpf/include/assert.h: Cannot change ownership to uid 1001, gid 1001: Operation not permitted
tar: ./llvm/sbpf/include/ssp/string.h: Cannot change ownership to uid 1001, gid 1001: Operation not permitted
tar: ./llvm/sbpf/include/ssp/stdlib.h: Cannot change ownership to uid 1001, gid 1001: Operation not permitted
tar: ./llvm/sbpf/include/ssp/stdio.h: Cannot change ownership to uid 1001, gid 1001: Operation not permitted
tar: ./llvm/sbpf/include/ssp/wchar.h: Cannot change ownership to uid 1001, gid 1001: Operation not permitted
tar: ./llvm/sbpf/include/ssp/unistd.h: Cannot change ownership to uid 1001, gid 1001: Operation not permitted
tar: ./llvm/sbpf/include/ssp/strings.h: Cannot change ownership to uid 1001, gid 1001: Operation not permitted
tar: ./llvm/sbpf/include/ssp/ssp.h: Cannot change ownership to uid 1001, gid 1001: Operation not permitted
tar: ./llvm/sbpf/include/ssp: Cannot change ownership to uid 1001, gid 1001: Operation not permitted
tar: ./llvm/sbpf/include/stdlib.h: Cannot change ownership to uid 1001, gid 1001: Operation not permitted
tar: ./llvm/sbpf/include/ftw.h: Cannot change ownership to uid 1001, gid 1001: Operation not permitted
tar: ./llvm/sbpf/include/fnmatch.h: Cannot change ownership to uid 1001, gid 1001: Operation not permitted
tar: ./llvm/sbpf/include/fastmath.h: Cannot change ownership to uid 1001, gid 1001: Operation not permitted
tar: ./llvm/sbpf/include/fenv.h: Cannot change ownership to uid 1001, gid 1001: Operation not permitted
tar: ./llvm/sbpf/include/tgmath.h: Cannot change ownership to uid 1001, gid 1001: Operation not permitted
tar: ./llvm/sbpf/include/alloca.h: Cannot change ownership to uid 1001, gid 1001: Operation not permitted
tar: ./llvm/sbpf/include/math.h: Cannot change ownership to uid 1001, gid 1001: Operation not permitted
tar: ./llvm/sbpf/include/stdio.h: Cannot change ownership to uid 1001, gid 1001: Operation not permitted
tar: ./llvm/sbpf/include/iconv.h: Cannot change ownership to uid 1001, gid 1001: Operation not permitted
tar: ./llvm/sbpf/include/_ansi.h: Cannot change ownership to uid 1001, gid 1001: Operation not permitted
tar: ./llvm/sbpf/include/bits: Cannot change ownership to uid 1001, gid 1001: Operation not permitted
tar: ./llvm/sbpf/include/elf.h: Cannot change ownership to uid 1001, gid 1001: Operation not permitted
tar: ./llvm/sbpf/include/langinfo.h: Cannot change ownership to uid 1001, gid 1001: Operation not permitted
tar: ./llvm/sbpf/include/stdio_ext.h: Cannot change ownership to uid 1001, gid 1001: Operation not permitted
tar: ./llvm/sbpf/include/ctype.h: Cannot change ownership to uid 1001, gid 1001: Operation not permitted
tar: ./llvm/sbpf/include/wchar.h: Cannot change ownership to uid 1001, gid 1001: Operation not permitted
tar: ./llvm/sbpf/include/termios.h: Cannot change ownership to uid 1001, gid 1001: Operation not permitted
tar: ./llvm/sbpf/include/wctype.h: Cannot change ownership to uid 1001, gid 1001: Operation not permitted
tar: ./llvm/sbpf/include/complex.h: Cannot change ownership to uid 1001, gid 1001: Operation not permitted
tar: ./llvm/sbpf/include/ar.h: Cannot change ownership to uid 1001, gid 1001: Operation not permitted
tar: ./llvm/sbpf/include/limits.h: Cannot change ownership to uid 1001, gid 1001: Operation not permitted
tar: ./llvm/sbpf/include/rpc: Cannot change ownership to uid 1001, gid 1001: Operation not permitted
tar: ./llvm/sbpf/include/utmp.h: Cannot change ownership to uid 1001, gid 1001: Operation not permitted
tar: ./llvm/sbpf/include/time.h: Cannot change ownership to uid 1001, gid 1001: Operation not permitted
tar: ./llvm/sbpf/include/unctrl.h: Cannot change ownership to uid 1001, gid 1001: Operation not permitted
tar: ./llvm/sbpf/include/paths.h: Cannot change ownership to uid 1001, gid 1001: Operation not permitted
tar: ./llvm/sbpf/include/glob.h: Cannot change ownership to uid 1001, gid 1001: Operation not permitted
tar: ./llvm/sbpf/include/_newlib_version.h: Cannot change ownership to uid 1001, gid 1001: Operation not permitted
tar: ./llvm/sbpf/include/search.h: Cannot change ownership to uid 1001, gid 1001: Operation not permitted
tar: ./llvm/sbpf/include/memory.h: Cannot change ownership to uid 1001, gid 1001: Operation not permitted
tar: ./llvm/sbpf/include/ieeefp.h: Cannot change ownership to uid 1001, gid 1001: Operation not permitted
tar: ./llvm/sbpf/include/spawn.h: Cannot change ownership to uid 1001, gid 1001: Operation not permitted
tar: ./llvm/sbpf/include/getopt.h: Cannot change ownership to uid 1001, gid 1001: Operation not permitted
tar: ./llvm/sbpf/include/wordexp.h: Cannot change ownership to uid 1001, gid 1001: Operation not permitted
tar: ./llvm/sbpf/include/envlock.h: Cannot change ownership to uid 1001, gid 1001: Operation not permitted
tar: ./llvm/sbpf/include/argz.h: Cannot change ownership to uid 1001, gid 1001: Operation not permitted
tar: ./llvm/sbpf/include/unistd.h: Cannot change ownership to uid 1001, gid 1001: Operation not permitted
tar: ./llvm/sbpf/include/stdint.h: Cannot change ownership to uid 1001, gid 1001: Operation not permitted
tar: ./llvm/sbpf/include/regdef.h: Cannot change ownership to uid 1001, gid 1001: Operation not permitted
tar: ./llvm/sbpf/include/inttypes.h: Cannot change ownership to uid 1001, gid 1001: Operation not permitted
tar: ./llvm/sbpf/include/locale.h: Cannot change ownership to uid 1001, gid 1001: Operation not permitted
tar: ./llvm/sbpf/include/newlib.h: Cannot change ownership to uid 1001, gid 1001: Operation not permitted
tar: ./llvm/sbpf/include/stdatomic.h: Cannot change ownership to uid 1001, gid 1001: Operation not permitted
tar: ./llvm/sbpf/include/threads.h: Cannot change ownership to uid 1001, gid 1001: Operation not permitted
tar: ./llvm/sbpf/include/pthread.h: Cannot change ownership to uid 1001, gid 1001: Operation not permitted
tar: ./llvm/sbpf/include/malloc.h: Cannot change ownership to uid 1001, gid 1001: Operation not permitted
tar: ./llvm/sbpf/include/pwd.h: Cannot change ownership to uid 1001, gid 1001: Operation not permitted
tar: ./llvm/sbpf/include/tar.h: Cannot change ownership to uid 1001, gid 1001: Operation not permitted
tar: ./llvm/sbpf/include/strings.h: Cannot change ownership to uid 1001, gid 1001: Operation not permitted
tar: ./llvm/sbpf/include/setjmp.h: Cannot change ownership to uid 1001, gid 1001: Operation not permitted
tar: ./llvm/sbpf/include/devctl.h: Cannot change ownership to uid 1001, gid 1001: Operation not permitted
tar: ./llvm/sbpf/include/reent.h: Cannot change ownership to uid 1001, gid 1001: Operation not permitted
tar: ./llvm/sbpf/include/ndbm.h: Cannot change ownership to uid 1001, gid 1001: Operation not permitted
tar: ./llvm/sbpf/include/libgen.h: Cannot change ownership to uid 1001, gid 1001: Operation not permitted
tar: ./llvm/sbpf/include/grp.h: Cannot change ownership to uid 1001, gid 1001: Operation not permitted
tar: ./llvm/sbpf/include/dirent.h: Cannot change ownership to uid 1001, gid 1001: Operation not permitted
tar: ./llvm/sbpf/include/utime.h: Cannot change ownership to uid 1001, gid 1001: Operation not permitted
tar: ./llvm/sbpf/include/envz.h: Cannot change ownership to uid 1001, gid 1001: Operation not permitted
tar: ./llvm/sbpf/include/sys/select.h: Cannot change ownership to uid 1001, gid 1001: Operation not permitted
tar: ./llvm/sbpf/include/sys/_intsup.h: Cannot change ownership to uid 1001, gid 1001: Operation not permitted
tar: ./llvm/sbpf/include/sys/queue.h: Cannot change ownership to uid 1001, gid 1001: Operation not permitted
tar: ./llvm/sbpf/include/sys/cdefs.h: Cannot change ownership to uid 1001, gid 1001: Operation not permitted
tar: ./llvm/sbpf/include/sys/string.h: Cannot change ownership to uid 1001, gid 1001: Operation not permitted
tar: ./llvm/sbpf/include/sys/file.h: Cannot change ownership to uid 1001, gid 1001: Operation not permitted
tar: ./llvm/sbpf/include/sys/fcntl.h: Cannot change ownership to uid 1001, gid 1001: Operation not permitted
tar: ./llvm/sbpf/include/sys/syslimits.h: Cannot change ownership to uid 1001, gid 1001: Operation not permitted
tar: ./llvm/sbpf/include/sys/sched.h: Cannot change ownership to uid 1001, gid 1001: Operation not permitted
tar: ./llvm/sbpf/include/sys/signal.h: Cannot change ownership to uid 1001, gid 1001: Operation not permitted
tar: ./llvm/sbpf/include/sys/_default_fcntl.h: Cannot change ownership to uid 1001, gid 1001: Operation not permitted
tar: ./llvm/sbpf/include/sys/timeb.h: Cannot change ownership to uid 1001, gid 1001: Operation not permitted
tar: ./llvm/sbpf/include/sys/fenv.h: Cannot change ownership to uid 1001, gid 1001: Operation not permitted
tar: ./llvm/sbpf/include/sys/types.h: Cannot change ownership to uid 1001, gid 1001: Operation not permitted
tar: ./llvm/sbpf/include/sys/stdio.h: Cannot change ownership to uid 1001, gid 1001: Operation not permitted
tar: ./llvm/sbpf/include/sys/config.h: Cannot change ownership to uid 1001, gid 1001: Operation not permitted
tar: ./llvm/sbpf/include/sys/resource.h: Cannot change ownership to uid 1001, gid 1001: Operation not permitted
tar: ./llvm/sbpf/include/sys/times.h: Cannot change ownership to uid 1001, gid 1001: Operation not permitted
tar: ./llvm/sbpf/include/sys/_types.h: Cannot change ownership to uid 1001, gid 1001: Operation not permitted
tar: ./llvm/sbpf/include/sys/time.h: Cannot change ownership to uid 1001, gid 1001: Operation not permitted
tar: ./llvm/sbpf/include/sys/stat.h: Cannot change ownership to uid 1001, gid 1001: Operation not permitted
tar: ./llvm/sbpf/include/sys/_sigset.h: Cannot change ownership to uid 1001, gid 1001: Operation not permitted
tar: ./llvm/sbpf/include/sys/tree.h: Cannot change ownership to uid 1001, gid 1001: Operation not permitted
tar: ./llvm/sbpf/include/sys/unistd.h: Cannot change ownership to uid 1001, gid 1001: Operation not permitted
tar: ./llvm/sbpf/include/sys/param.h: Cannot change ownership to uid 1001, gid 1001: Operation not permitted
tar: ./llvm/sbpf/include/sys/iconvnls.h: Cannot change ownership to uid 1001, gid 1001: Operation not permitted
tar: ./llvm/sbpf/include/sys/custom_file.h: Cannot change ownership to uid 1001, gid 1001: Operation not permitted
tar: ./llvm/sbpf/include/sys/dir.h: Cannot change ownership to uid 1001, gid 1001: Operation not permitted
tar: ./llvm/sbpf/include/sys/_locale.h: Cannot change ownership to uid 1001, gid 1001: Operation not permitted
tar: ./llvm/sbpf/include/sys/features.h: Cannot change ownership to uid 1001, gid 1001: Operation not permitted
tar: ./llvm/sbpf/include/sys/_pthreadtypes.h: Cannot change ownership to uid 1001, gid 1001: Operation not permitted
tar: ./llvm/sbpf/include/sys/_stdint.h: Cannot change ownership to uid 1001, gid 1001: Operation not permitted
tar: ./llvm/sbpf/include/sys/_timespec.h: Cannot change ownership to uid 1001, gid 1001: Operation not permitted
tar: ./llvm/sbpf/include/sys/timespec.h: Cannot change ownership to uid 1001, gid 1001: Operation not permitted
tar: ./llvm/sbpf/include/sys/wait.h: Cannot change ownership to uid 1001, gid 1001: Operation not permitted
tar: ./llvm/sbpf/include/sys/lock.h: Cannot change ownership to uid 1001, gid 1001: Operation not permitted
tar: ./llvm/sbpf/include/sys/_tz_structs.h: Cannot change ownership to uid 1001, gid 1001: Operation not permitted
tar: ./llvm/sbpf/include/sys/reent.h: Cannot change ownership to uid 1001, gid 1001: Operation not permitted
tar: ./llvm/sbpf/include/sys/_timeval.h: Cannot change ownership to uid 1001, gid 1001: Operation not permitted
tar: ./llvm/sbpf/include/sys/dirent.h: Cannot change ownership to uid 1001, gid 1001: Operation not permitted
tar: ./llvm/sbpf/include/sys/utime.h: Cannot change ownership to uid 1001, gid 1001: Operation not permitted
tar: ./llvm/sbpf/include/sys/errno.h: Cannot change ownership to uid 1001, gid 1001: Operation not permitted
tar: ./llvm/sbpf/include/sys: Cannot change ownership to uid 1001, gid 1001: Operation not permitted
tar: ./llvm/sbpf/include/regex.h: Cannot change ownership to uid 1001, gid 1001: Operation not permitted
tar: ./llvm/sbpf/include/errno.h: Cannot change ownership to uid 1001, gid 1001: Operation not permitted
tar: ./llvm/sbpf/include: Cannot change ownership to uid 1001, gid 1001: Operation not permitted
tar: ./llvm/sbpf: Cannot change ownership to uid 1001, gid 1001: Operation not permitted
tar: ./llvm/lib/sbpfv3/libm.a: Cannot change ownership to uid 1001, gid 1001: Operation not permitted
tar: ./llvm/lib/sbpfv3/libc.a: Cannot change ownership to uid 1001, gid 1001: Operation not permitted
tar: ./llvm/lib/sbpfv3: Cannot change ownership to uid 1001, gid 1001: Operation not permitted
tar: ./llvm/lib/sbpf/libm.a: Cannot change ownership to uid 1001, gid 1001: Operation not permitted
tar: ./llvm/lib/sbpf/libc.a: Cannot change ownership to uid 1001, gid 1001: Operation not permitted
tar: ./llvm/lib/sbpf: Cannot change ownership to uid 1001, gid 1001: Operation not permitted
tar: ./llvm/lib/python3.10/dist-packages/lldb/embedded_interpreter.py: Cannot change ownership to uid 1001, gid 1001: Operation not permitted
tar: ./llvm/lib/python3.10/dist-packages/lldb/__init__.py: Cannot change ownership to uid 1001, gid 1001: Operation not permitted
tar: ./llvm/lib/python3.10/dist-packages/lldb/plugins/scripted_thread_plan.py: Cannot change ownership to uid 1001, gid 1001: Operation not permitted
tar: ./llvm/lib/python3.10/dist-packages/lldb/plugins/parsed_cmd.py: Cannot change ownership to uid 1001, gid 1001: Operation not permitted
tar: ./llvm/lib/python3.10/dist-packages/lldb/plugins/scripted_process.py: Cannot change ownership to uid 1001, gid 1001: Operation not permitted
tar: ./llvm/lib/python3.10/dist-packages/lldb/plugins/__init__.py: Cannot change ownership to uid 1001, gid 1001: Operation not permitted
tar: ./llvm/lib/python3.10/dist-packages/lldb/plugins/operating_system.py: Cannot change ownership to uid 1001, gid 1001: Operation not permitted
tar: ./llvm/lib/python3.10/dist-packages/lldb/plugins/scripted_platform.py: Cannot change ownership to uid 1001, gid 1001: Operation not permitted
tar: ./llvm/lib/python3.10/dist-packages/lldb/plugins: Cannot change ownership to uid 1001, gid 1001: Operation not permitted
tar: ./llvm/lib/python3.10/dist-packages/lldb/utils/__init__.py: Cannot change ownership to uid 1001, gid 1001: Operation not permitted
tar: ./llvm/lib/python3.10/dist-packages/lldb/utils/symbolication.py: Cannot change ownership to uid 1001, gid 1001: Operation not permitted
tar: ./llvm/lib/python3.10/dist-packages/lldb/utils/in_call_stack.py: Cannot change ownership to uid 1001, gid 1001: Operation not permitted
tar: ./llvm/lib/python3.10/dist-packages/lldb/utils: Cannot change ownership to uid 1001, gid 1001: Operation not permitted
tar: ./llvm/lib/python3.10/dist-packages/lldb/formatters/metrics.py: Cannot change ownership to uid 1001, gid 1001: Operation not permitted
tar: ./llvm/lib/python3.10/dist-packages/lldb/formatters/synth.py: Cannot change ownership to uid 1001, gid 1001: Operation not permitted
tar: ./llvm/lib/python3.10/dist-packages/lldb/formatters/__init__.py: Cannot change ownership to uid 1001, gid 1001: Operation not permitted
tar: ./llvm/lib/python3.10/dist-packages/lldb/formatters/cache.py: Cannot change ownership to uid 1001, gid 1001: Operation not permitted
tar: ./llvm/lib/python3.10/dist-packages/lldb/formatters/cpp/__init__.py: Cannot change ownership to uid 1001, gid 1001: Operation not permitted
tar: ./llvm/lib/python3.10/dist-packages/lldb/formatters/cpp/libcxx.py: Cannot change ownership to uid 1001, gid 1001: Operation not permitted
tar: ./llvm/lib/python3.10/dist-packages/lldb/formatters/cpp/gnu_libstdcpp.py: Cannot change ownership to uid 1001, gid 1001: Operation not permitted
tar: ./llvm/lib/python3.10/dist-packages/lldb/formatters/cpp: Cannot change ownership to uid 1001, gid 1001: Operation not permitted
tar: ./llvm/lib/python3.10/dist-packages/lldb/formatters/Logger.py: Cannot change ownership to uid 1001, gid 1001: Operation not permitted
tar: ./llvm/lib/python3.10/dist-packages/lldb/formatters/attrib_fromdict.py: Cannot change ownership to uid 1001, gid 1001: Operation not permitted
tar: ./llvm/lib/python3.10/dist-packages/lldb/formatters: Cannot change ownership to uid 1001, gid 1001: Operation not permitted
tar: ./llvm/lib/liblldb.so: Cannot change ownership to uid 1001, gid 1001: Operation not permitted
tar: ./llvm/lib/liblldb.so.19.1-rust-dev: Cannot change ownership to uid 1001, gid 1001: Operation not permitted
tar: ./llvm/lib/clang/19/include/hlsl/hlsl_intrinsics.h: Cannot change ownership to uid 1001, gid 1001: Operation not permitted
tar: ./llvm/lib/clang/19/include/hlsl/hlsl_basic_types.h: Cannot change ownership to uid 1001, gid 1001: Operation not permitted
tar: ./llvm/lib/clang/19/include/hlsl: Cannot change ownership to uid 1001, gid 1001: Operation not permitted
tar: ./llvm/lib/clang/19/include/arm_sve.h: Cannot change ownership to uid 1001, gid 1001: Operation not permitted
tar: ./llvm/lib/clang/19/include/avx512vpopcntdqvlintrin.h: Cannot change ownership to uid 1001, gid 1001: Operation not permitted
tar: ./llvm/lib/clang/19/include/shaintrin.h: Cannot change ownership to uid 1001, gid 1001: Operation not permitted
tar: ./llvm/lib/clang/19/include/sm3intrin.h: Cannot change ownership to uid 1001, gid 1001: Operation not permitted
tar: ./llvm/lib/clang/19/include/smmintrin.h: Cannot change ownership to uid 1001, gid 1001: Operation not permitted
tar: ./llvm/lib/clang/19/include/stdarg.h: Cannot change ownership to uid 1001, gid 1001: Operation not permitted
tar: ./llvm/lib/clang/19/include/xsaveintrin.h: Cannot change ownership to uid 1001, gid 1001: Operation not permitted
tar: ./llvm/lib/clang/19/include/__wmmintrin_pclmul.h: Cannot change ownership to uid 1001, gid 1001: Operation not permitted
tar: ./llvm/lib/clang/19/include/arm_mve.h: Cannot change ownership to uid 1001, gid 1001: Operation not permitted
tar: ./llvm/lib/clang/19/include/riscv_crypto.h: Cannot change ownership to uid 1001, gid 1001: Operation not permitted
tar: ./llvm/lib/clang/19/include/ammintrin.h: Cannot change ownership to uid 1001, gid 1001: Operation not permitted
tar: ./llvm/lib/clang/19/include/avx512vlintrin.h: Cannot change ownership to uid 1001, gid 1001: Operation not permitted
tar: ./llvm/lib/clang/19/include/avx512vlvp2intersectintrin.h: Cannot change ownership to uid 1001, gid 1001: Operation not permitted
tar: ./llvm/lib/clang/19/include/movdirintrin.h: Cannot change ownership to uid 1001, gid 1001: Operation not permitted
tar: ./llvm/lib/clang/19/include/waitpkgintrin.h: Cannot change ownership to uid 1001, gid 1001: Operation not permitted
tar: ./llvm/lib/clang/19/include/htmintrin.h: Cannot change ownership to uid 1001, gid 1001: Operation not permitted
tar: ./llvm/lib/clang/19/include/avx512vlvnniintrin.h: Cannot change ownership to uid 1001, gid 1001: Operation not permitted
tar: ./llvm/lib/clang/19/include/velintrin_approx.h: Cannot change ownership to uid 1001, gid 1001: Operation not permitted
tar: ./llvm/lib/clang/19/include/__clang_cuda_texture_intrinsics.h: Cannot change ownership to uid 1001, gid 1001: Operation not permitted
tar: ./llvm/lib/clang/19/include/invpcidintrin.h: Cannot change ownership to uid 1001, gid 1001: Operation not permitted
tar: ./llvm/lib/clang/19/include/nmmintrin.h: Cannot change ownership to uid 1001, gid 1001: Operation not permitted
tar: ./llvm/lib/clang/19/include/avx512fp16intrin.h: Cannot change ownership to uid 1001, gid 1001: Operation not permitted
tar: ./llvm/lib/clang/19/include/__stddef_rsize_t.h: Cannot change ownership to uid 1001, gid 1001: Operation not permitted
tar: ./llvm/lib/clang/19/include/avx512bf16intrin.h: Cannot change ownership to uid 1001, gid 1001: Operation not permitted
tar: ./llvm/lib/clang/19/include/__stddef_ptrdiff_t.h: Cannot change ownership to uid 1001, gid 1001: Operation not permitted
tar: ./llvm/lib/clang/19/include/rdseedintrin.h: Cannot change ownership to uid 1001, gid 1001: Operation not permitted
tar: ./llvm/lib/clang/19/include/mwaitxintrin.h: Cannot change ownership to uid 1001, gid 1001: Operation not permitted
tar: ./llvm/lib/clang/19/include/stdbool.h: Cannot change ownership to uid 1001, gid 1001: Operation not permitted
tar: ./llvm/lib/clang/19/include/stdckdint.h: Cannot change ownership to uid 1001, gid 1001: Operation not permitted
tar: ./llvm/lib/clang/19/include/cetintrin.h: Cannot change ownership to uid 1001, gid 1001: Operation not permitted
tar: ./llvm/lib/clang/19/include/usermsrintrin.h: Cannot change ownership to uid 1001, gid 1001: Operation not permitted
tar: ./llvm/lib/clang/19/include/ia32intrin.h: Cannot change ownership to uid 1001, gid 1001: Operation not permitted
tar: ./llvm/lib/clang/19/include/crc32intrin.h: Cannot change ownership to uid 1001, gid 1001: Operation not permitted
tar: ./llvm/lib/clang/19/include/xtestintrin.h: Cannot change ownership to uid 1001, gid 1001: Operation not permitted
tar: ./llvm/lib/clang/19/include/opencl-c.h: Cannot change ownership to uid 1001, gid 1001: Operation not permitted
tar: ./llvm/lib/clang/19/include/__clang_cuda_device_functions.h: Cannot change ownership to uid 1001, gid 1001: Operation not permitted
tar: ./llvm/lib/clang/19/include/module.modulemap: Cannot change ownership to uid 1001, gid 1001: Operation not permitted
tar: ./llvm/lib/clang/19/include/__stddef_wint_t.h: Cannot change ownership to uid 1001, gid 1001: Operation not permitted
tar: ./llvm/lib/clang/19/include/avx512vlbf16intrin.h: Cannot change ownership to uid 1001, gid 1001: Operation not permitted
tar: ./llvm/lib/clang/19/include/arm_acle.h: Cannot change ownership to uid 1001, gid 1001: Operation not permitted
tar: ./llvm/lib/clang/19/include/mmintrin.h: Cannot change ownership to uid 1001, gid 1001: Operation not permitted
tar: ./llvm/lib/clang/19/include/__stddef_max_align_t.h: Cannot change ownership to uid 1001, gid 1001: Operation not permitted
tar: ./llvm/lib/clang/19/include/avx512fintrin.h: Cannot change ownership to uid 1001, gid 1001: Operation not permitted
tar: ./llvm/lib/clang/19/include/pmmintrin.h: Cannot change ownership to uid 1001, gid 1001: Operation not permitted
tar: ./llvm/lib/clang/19/include/mm3dnow.h: Cannot change ownership to uid 1001, gid 1001: Operation not permitted
tar: ./llvm/lib/clang/19/include/arm_neon.h: Cannot change ownership to uid 1001, gid 1001: Operation not permitted
tar: ./llvm/lib/clang/19/include/__clang_cuda_math.h: Cannot change ownership to uid 1001, gid 1001: Operation not permitted
tar: ./llvm/lib/clang/19/include/avx512vnniintrin.h: Cannot change ownership to uid 1001, gid 1001: Operation not permitted
tar: ./llvm/lib/clang/19/include/prfchiintrin.h: Cannot change ownership to uid 1001, gid 1001: Operation not permitted
tar: ./llvm/lib/clang/19/include/avxifmaintrin.h: Cannot change ownership to uid 1001, gid 1001: Operation not permitted
tar: ./llvm/lib/clang/19/include/avx512bwintrin.h: Cannot change ownership to uid 1001, gid 1001: Operation not permitted
tar: ./llvm/lib/clang/19/include/__stddef_null.h: Cannot change ownership to uid 1001, gid 1001: Operation not permitted
tar: ./llvm/lib/clang/19/include/hexagon_circ_brev_intrinsics.h: Cannot change ownership to uid 1001, gid 1001: Operation not permitted
tar: ./llvm/lib/clang/19/include/opencl-c-base.h: Cannot change ownership to uid 1001, gid 1001: Operation not permitted
tar: ./llvm/lib/clang/19/include/ptwriteintrin.h: Cannot change ownership to uid 1001, gid 1001: Operation not permitted
tar: ./llvm/lib/clang/19/include/adxintrin.h: Cannot change ownership to uid 1001, gid 1001: Operation not permitted
tar: ./llvm/lib/clang/19/include/tgmath.h: Cannot change ownership to uid 1001, gid 1001: Operation not permitted
tar: ./llvm/lib/clang/19/include/ppc_wrappers/smmintrin.h: Cannot change ownership to uid 1001, gid 1001: Operation not permitted
tar: ./llvm/lib/clang/19/include/ppc_wrappers/nmmintrin.h: Cannot change ownership to uid 1001, gid 1001: Operation not permitted
tar: ./llvm/lib/clang/19/include/ppc_wrappers/mmintrin.h: Cannot change ownership to uid 1001, gid 1001: Operation not permitted
tar: ./llvm/lib/clang/19/include/ppc_wrappers/pmmintrin.h: Cannot change ownership to uid 1001, gid 1001: Operation not permitted
tar: ./llvm/lib/clang/19/include/ppc_wrappers/bmi2intrin.h: Cannot change ownership to uid 1001, gid 1001: Operation not permitted
tar: ./llvm/lib/clang/19/include/ppc_wrappers/mm_malloc.h: Cannot change ownership to uid 1001, gid 1001: Operation not permitted
tar: ./llvm/lib/clang/19/include/ppc_wrappers/x86gprintrin.h: Cannot change ownership to uid 1001, gid 1001: Operation not permitted
tar: ./llvm/lib/clang/19/include/ppc_wrappers/xmmintrin.h: Cannot change ownership to uid 1001, gid 1001: Operation not permitted
tar: ./llvm/lib/clang/19/include/ppc_wrappers/immintrin.h: Cannot change ownership to uid 1001, gid 1001: Operation not permitted
tar: ./llvm/lib/clang/19/include/ppc_wrappers/tmmintrin.h: Cannot change ownership to uid 1001, gid 1001: Operation not permitted
tar: ./llvm/lib/clang/19/include/ppc_wrappers/x86intrin.h: Cannot change ownership to uid 1001, gid 1001: Operation not permitted
tar: ./llvm/lib/clang/19/include/ppc_wrappers/bmiintrin.h: Cannot change ownership to uid 1001, gid 1001: Operation not permitted
tar: ./llvm/lib/clang/19/include/ppc_wrappers/emmintrin.h: Cannot change ownership to uid 1001, gid 1001: Operation not permitted
tar: ./llvm/lib/clang/19/include/ppc_wrappers: Cannot change ownership to uid 1001, gid 1001: Operation not permitted
tar: ./llvm/lib/clang/19/include/openmp_wrappers/new: Cannot change ownership to uid 1001, gid 1001: Operation not permitted
tar: ./llvm/lib/clang/19/include/openmp_wrappers/cmath: Cannot change ownership to uid 1001, gid 1001: Operation not permitted
tar: ./llvm/lib/clang/19/include/openmp_wrappers/complex_cmath.h: Cannot change ownership to uid 1001, gid 1001: Operation not permitted
tar: ./llvm/lib/clang/19/include/openmp_wrappers/math.h: Cannot change ownership to uid 1001, gid 1001: Operation not permitted
tar: ./llvm/lib/clang/19/include/openmp_wrappers/complex.h: Cannot change ownership to uid 1001, gid 1001: Operation not permitted
tar: ./llvm/lib/clang/19/include/openmp_wrappers/__clang_openmp_device_functions.h: Cannot change ownership to uid 1001, gid 1001: Operation not permitted
tar: ./llvm/lib/clang/19/include/openmp_wrappers/complex: Cannot change ownership to uid 1001, gid 1001: Operation not permitted
tar: ./llvm/lib/clang/19/include/openmp_wrappers: Cannot change ownership to uid 1001, gid 1001: Operation not permitted
tar: ./llvm/lib/clang/19/include/xsaveoptintrin.h: Cannot change ownership to uid 1001, gid 1001: Operation not permitted
tar: ./llvm/lib/clang/19/include/hvx_hexagon_protos.h: Cannot change ownership to uid 1001, gid 1001: Operation not permitted
tar: ./llvm/lib/clang/19/include/avx512vldqintrin.h: Cannot change ownership to uid 1001, gid 1001: Operation not permitted
tar: ./llvm/lib/clang/19/include/zos_wrappers/builtins.h: Cannot change ownership to uid 1001, gid 1001: Operation not permitted
tar: ./llvm/lib/clang/19/include/zos_wrappers: Cannot change ownership to uid 1001, gid 1001: Operation not permitted
tar: ./llvm/lib/clang/19/include/uintrintrin.h: Cannot change ownership to uid 1001, gid 1001: Operation not permitted
tar: ./llvm/lib/clang/19/include/avx512bitalgintrin.h: Cannot change ownership to uid 1001, gid 1001: Operation not permitted
tar: ./llvm/lib/clang/19/include/__stddef_nullptr_t.h: Cannot change ownership to uid 1001, gid 1001: Operation not permitted
tar: ./llvm/lib/clang/19/include/hexagon_types.h: Cannot change ownership to uid 1001, gid 1001: Operation not permitted
tar: ./llvm/lib/clang/19/include/__wmmintrin_aes.h: Cannot change ownership to uid 1001, gid 1001: Operation not permitted
tar: ./llvm/lib/clang/19/include/amxcomplexintrin.h: Cannot change ownership to uid 1001, gid 1001: Operation not permitted
tar: ./llvm/lib/clang/19/include/bmi2intrin.h: Cannot change ownership to uid 1001, gid 1001: Operation not permitted
tar: ./llvm/lib/clang/19/include/htmxlintrin.h: Cannot change ownership to uid 1001, gid 1001: Operation not permitted
tar: ./llvm/lib/clang/19/include/avx512dqintrin.h: Cannot change ownership to uid 1001, gid 1001: Operation not permitted
tar: ./llvm/lib/clang/19/include/avx512vp2intersectintrin.h: Cannot change ownership to uid 1001, gid 1001: Operation not permitted
tar: ./llvm/lib/clang/19/include/__clang_cuda_complex_builtins.h: Cannot change ownership to uid 1001, gid 1001: Operation not permitted
tar: ./llvm/lib/clang/19/include/lzcntintrin.h: Cannot change ownership to uid 1001, gid 1001: Operation not permitted
tar: ./llvm/lib/clang/19/include/yvals_core.h: Cannot change ownership to uid 1001, gid 1001: Operation not permitted
tar: ./llvm/lib/clang/19/include/__stddef_unreachable.h: Cannot change ownership to uid 1001, gid 1001: Operation not permitted
tar: ./llvm/lib/clang/19/include/amxfp16intrin.h: Cannot change ownership to uid 1001, gid 1001: Operation not permitted
tar: ./llvm/lib/clang/19/include/sha512intrin.h: Cannot change ownership to uid 1001, gid 1001: Operation not permitted
tar: ./llvm/lib/clang/19/include/xopintrin.h: Cannot change ownership to uid 1001, gid 1001: Operation not permitted
tar: ./llvm/lib/clang/19/include/avxvnniint16intrin.h: Cannot change ownership to uid 1001, gid 1001: Operation not permitted
tar: ./llvm/lib/clang/19/include/__stddef_size_t.h: Cannot change ownership to uid 1001, gid 1001: Operation not permitted
tar: ./llvm/lib/clang/19/include/cuda_wrappers/new: Cannot change ownership to uid 1001, gid 1001: Operation not permitted
tar: ./llvm/lib/clang/19/include/cuda_wrappers/cmath: Cannot change ownership to uid 1001, gid 1001: Operation not permitted
tar: ./llvm/lib/clang/19/include/cuda_wrappers/algorithm: Cannot change ownership to uid 1001, gid 1001: Operation not permitted
tar: ./llvm/lib/clang/19/include/cuda_wrappers/bits/basic_string.tcc: Cannot change ownership to uid 1001, gid 1001: Operation not permitted
tar: ./llvm/lib/clang/19/include/cuda_wrappers/bits/shared_ptr_base.h: Cannot change ownership to uid 1001, gid 1001: Operation not permitted
tar: ./llvm/lib/clang/19/include/cuda_wrappers/bits/basic_string.h: Cannot change ownership to uid 1001, gid 1001: Operation not permitted
tar: ./llvm/lib/clang/19/include/cuda_wrappers/bits: Cannot change ownership to uid 1001, gid 1001: Operation not permitted
tar: ./llvm/lib/clang/19/include/cuda_wrappers/complex: Cannot change ownership to uid 1001, gid 1001: Operation not permitted
tar: ./llvm/lib/clang/19/include/cuda_wrappers: Cannot change ownership to uid 1001, gid 1001: Operation not permitted
tar: ./llvm/lib/clang/19/include/avx512vbmiintrin.h: Cannot change ownership to uid 1001, gid 1001: Operation not permitted
tar: ./llvm/lib/clang/19/include/avx512vpopcntdqintrin.h: Cannot change ownership to uid 1001, gid 1001: Operation not permitted
tar: ./llvm/lib/clang/19/include/cet.h: Cannot change ownership to uid 1001, gid 1001: Operation not permitted
tar: ./llvm/lib/clang/19/include/limits.h: Cannot change ownership to uid 1001, gid 1001: Operation not permitted
tar: ./llvm/lib/clang/19/include/llvm_libc_wrappers/string.h: Cannot change ownership to uid 1001, gid 1001: Operation not permitted
tar: ./llvm/lib/clang/19/include/llvm_libc_wrappers/assert.h: Cannot change ownership to uid 1001, gid 1001: Operation not permitted
tar: ./llvm/lib/clang/19/include/llvm_libc_wrappers/stdlib.h: Cannot change ownership to uid 1001, gid 1001: Operation not permitted
tar: ./llvm/lib/clang/19/include/llvm_libc_wrappers/stdio.h: Cannot change ownership to uid 1001, gid 1001: Operation not permitted
tar: ./llvm/lib/clang/19/include/llvm_libc_wrappers/ctype.h: Cannot change ownership to uid 1001, gid 1001: Operation not permitted
tar: ./llvm/lib/clang/19/include/llvm_libc_wrappers/time.h: Cannot change ownership to uid 1001, gid 1001: Operation not permitted
tar: ./llvm/lib/clang/19/include/llvm_libc_wrappers/inttypes.h: Cannot change ownership to uid 1001, gid 1001: Operation not permitted
tar: ./llvm/lib/clang/19/include/llvm_libc_wrappers: Cannot change ownership to uid 1001, gid 1001: Operation not permitted
tar: ./llvm/lib/clang/19/include/lasxintrin.h: Cannot change ownership to uid 1001, gid 1001: Operation not permitted
tar: ./llvm/lib/clang/19/include/arm_fp16.h: Cannot change ownership to uid 1001, gid 1001: Operation not permitted
tar: ./llvm/lib/clang/19/include/stdnoreturn.h: Cannot change ownership to uid 1001, gid 1001: Operation not permitted
tar: ./llvm/lib/clang/19/include/__stdarg___gnuc_va_list.h: Cannot change ownership to uid 1001, gid 1001: Operation not permitted
tar: ./llvm/lib/clang/19/include/clzerointrin.h: Cannot change ownership to uid 1001, gid 1001: Operation not permitted
tar: ./llvm/lib/clang/19/include/raointintrin.h: Cannot change ownership to uid 1001, gid 1001: Operation not permitted
tar: ./llvm/lib/clang/19/include/avx512vlfp16intrin.h: Cannot change ownership to uid 1001, gid 1001: Operation not permitted
tar: ./llvm/lib/clang/19/include/__stddef_offsetof.h: Cannot change ownership to uid 1001, gid 1001: Operation not permitted
tar: ./llvm/lib/clang/19/include/iso646.h: Cannot change ownership to uid 1001, gid 1001: Operation not permitted
tar: ./llvm/lib/clang/19/include/avx512vlvbmi2intrin.h: Cannot change ownership to uid 1001, gid 1001: Operation not permitted
tar: ./llvm/lib/clang/19/include/sgxintrin.h: Cannot change ownership to uid 1001, gid 1001: Operation not permitted
tar: ./llvm/lib/clang/19/include/__clang_cuda_libdevice_declares.h: Cannot change ownership to uid 1001, gid 1001: Operation not permitted
tar: ./llvm/lib/clang/19/include/avx512vbmi2intrin.h: Cannot change ownership to uid 1001, gid 1001: Operation not permitted
tar: ./llvm/lib/clang/19/include/adcintrin.h: Cannot change ownership to uid 1001, gid 1001: Operation not permitted
tar: ./llvm/lib/clang/19/include/mm_malloc.h: Cannot change ownership to uid 1001, gid 1001: Operation not permitted
tar: ./llvm/lib/clang/19/include/avx512ifmaintrin.h: Cannot change ownership to uid 1001, gid 1001: Operation not permitted
tar: ./llvm/lib/clang/19/include/__clang_hip_runtime_wrapper.h: Cannot change ownership to uid 1001, gid 1001: Operation not permitted
tar: ./llvm/lib/clang/19/include/__clang_hip_cmath.h: Cannot change ownership to uid 1001, gid 1001: Operation not permitted
tar: ./llvm/lib/clang/19/include/sifive_vector.h: Cannot change ownership to uid 1001, gid 1001: Operation not permitted
tar: ./llvm/lib/clang/19/include/stdalign.h: Cannot change ownership to uid 1001, gid 1001: Operation not permitted
tar: ./llvm/lib/clang/19/include/vpclmulqdqintrin.h: Cannot change ownership to uid 1001, gid 1001: Operation not permitted
tar: ./llvm/lib/clang/19/include/intrin.h: Cannot change ownership to uid 1001, gid 1001: Operation not permitted
tar: ./llvm/lib/clang/19/include/armintr.h: Cannot change ownership to uid 1001, gid 1001: Operation not permitted
tar: ./llvm/lib/clang/19/include/fmaintrin.h: Cannot change ownership to uid 1001, gid 1001: Operation not permitted
tar: ./llvm/lib/clang/19/include/avxvnniintrin.h: Cannot change ownership to uid 1001, gid 1001: Operation not permitted
tar: ./llvm/lib/clang/19/include/x86gprintrin.h: Cannot change ownership to uid 1001, gid 1001: Operation not permitted
tar: ./llvm/lib/clang/19/include/arm_sme.h: Cannot change ownership to uid 1001, gid 1001: Operation not permitted
tar: ./llvm/lib/clang/19/include/builtins.h: Cannot change ownership to uid 1001, gid 1001: Operation not permitted
tar: ./llvm/lib/clang/19/include/avxintrin.h: Cannot change ownership to uid 1001, gid 1001: Operation not permitted
tar: ./llvm/lib/clang/19/include/arm_cde.h: Cannot change ownership to uid 1001, gid 1001: Operation not permitted
tar: ./llvm/lib/clang/19/include/wmmintrin.h: Cannot change ownership to uid 1001, gid 1001: Operation not permitted
tar: ./llvm/lib/clang/19/include/xmmintrin.h: Cannot change ownership to uid 1001, gid 1001: Operation not permitted
tar: ./llvm/lib/clang/19/include/__clang_cuda_cmath.h: Cannot change ownership to uid 1001, gid 1001: Operation not permitted
tar: ./llvm/lib/clang/19/include/prfchwintrin.h: Cannot change ownership to uid 1001, gid 1001: Operation not permitted
tar: ./llvm/lib/clang/19/include/popcntintrin.h: Cannot change ownership to uid 1001, gid 1001: Operation not permitted
tar: ./llvm/lib/clang/19/include/avxneconvertintrin.h: Cannot change ownership to uid 1001, gid 1001: Operation not permitted
tar: ./llvm/lib/clang/19/include/larchintrin.h: Cannot change ownership to uid 1001, gid 1001: Operation not permitted
tar: ./llvm/lib/clang/19/include/cpuid.h: Cannot change ownership to uid 1001, gid 1001: Operation not permitted
tar: ./llvm/lib/clang/19/include/intrin0.h: Cannot change ownership to uid 1001, gid 1001: Operation not permitted
tar: ./llvm/lib/clang/19/include/immintrin.h: Cannot change ownership to uid 1001, gid 1001: Operation not permitted
tar: ./llvm/lib/clang/19/include/hexagon_protos.h: Cannot change ownership to uid 1001, gid 1001: Operation not permitted
tar: ./llvm/lib/clang/19/include/avx512vlbitalgintrin.h: Cannot change ownership to uid 1001, gid 1001: Operation not permitted
tar: ./llvm/lib/clang/19/include/stdint.h: Cannot change ownership to uid 1001, gid 1001: Operation not permitted
tar: ./llvm/lib/clang/19/include/varargs.h: Cannot change ownership to uid 1001, gid 1001: Operation not permitted
tar: ./llvm/lib/clang/19/include/__stdarg_header_macro.h: Cannot change ownership to uid 1001, gid 1001: Operation not permitted
tar: ./llvm/lib/clang/19/include/avx512vlbwintrin.h: Cannot change ownership to uid 1001, gid 1001: Operation not permitted
tar: ./llvm/lib/clang/19/include/inttypes.h: Cannot change ownership to uid 1001, gid 1001: Operation not permitted
tar: ./llvm/lib/clang/19/include/tsxldtrkintrin.h: Cannot change ownership to uid 1001, gid 1001: Operation not permitted
tar: ./llvm/lib/clang/19/include/__stddef_header_macro.h: Cannot change ownership to uid 1001, gid 1001: Operation not permitted
tar: ./llvm/lib/clang/19/include/riscv_ntlh.h: Cannot change ownership to uid 1001, gid 1001: Operation not permitted
tar: ./llvm/lib/clang/19/include/avx512cdintrin.h: Cannot change ownership to uid 1001, gid 1001: Operation not permitted
tar: ./llvm/lib/clang/19/include/sm4intrin.h: Cannot change ownership to uid 1001, gid 1001: Operation not permitted
tar: ./llvm/lib/clang/19/include/vadefs.h: Cannot change ownership to uid 1001, gid 1001: Operation not permitted
tar: ./llvm/lib/clang/19/include/enqcmdintrin.h: Cannot change ownership to uid 1001, gid 1001: Operation not permitted
tar: ./llvm/lib/clang/19/include/ptrauth.h: Cannot change ownership to uid 1001, gid 1001: Operation not permitted
tar: ./llvm/lib/clang/19/include/stdatomic.h: Cannot change ownership to uid 1001, gid 1001: Operation not permitted
tar: ./llvm/lib/clang/19/include/clflushoptintrin.h: Cannot change ownership to uid 1001, gid 1001: Operation not permitted
tar: ./llvm/lib/clang/19/include/hresetintrin.h: Cannot change ownership to uid 1001, gid 1001: Operation not permitted
tar: ./llvm/lib/clang/19/include/f16cintrin.h: Cannot change ownership to uid 1001, gid 1001: Operation not permitted
tar: ./llvm/lib/clang/19/include/cldemoteintrin.h: Cannot change ownership to uid 1001, gid 1001: Operation not permitted
tar: ./llvm/lib/clang/19/include/__clang_cuda_intrinsics.h: Cannot change ownership to uid 1001, gid 1001: Operation not permitted
tar: ./llvm/lib/clang/19/include/rtmintrin.h: Cannot change ownership to uid 1001, gid 1001: Operation not permitted
tar: ./llvm/lib/clang/19/include/avx512vbmivlintrin.h: Cannot change ownership to uid 1001, gid 1001: Operation not permitted
tar: ./llvm/lib/clang/19/include/lwpintrin.h: Cannot change ownership to uid 1001, gid 1001: Operation not permitted
tar: ./llvm/lib/clang/19/include/__clang_cuda_runtime_wrapper.h: Cannot change ownership to uid 1001, gid 1001: Operation not permitted
tar: ./llvm/lib/clang/19/include/__stdarg_va_copy.h: Cannot change ownership to uid 1001, gid 1001: Operation not permitted
tar: ./llvm/lib/clang/19/include/float.h: Cannot change ownership to uid 1001, gid 1001: Operation not permitted
tar: ./llvm/lib/clang/19/include/pconfigintrin.h: Cannot change ownership to uid 1001, gid 1001: Operation not permitted
tar: ./llvm/lib/clang/19/include/gfniintrin.h: Cannot change ownership to uid 1001, gid 1001: Operation not permitted
tar: ./llvm/lib/clang/19/include/avx512ifmavlintrin.h: Cannot change ownership to uid 1001, gid 1001: Operation not permitted
tar: ./llvm/lib/clang/19/include/riscv_bitmanip.h: Cannot change ownership to uid 1001, gid 1001: Operation not permitted
tar: ./llvm/lib/clang/19/include/__stdarg_va_arg.h: Cannot change ownership to uid 1001, gid 1001: Operation not permitted
tar: ./llvm/lib/clang/19/include/amxintrin.h: Cannot change ownership to uid 1001, gid 1001: Operation not permitted
tar: ./llvm/lib/clang/19/include/altivec.h: Cannot change ownership to uid 1001, gid 1001: Operation not permitted
tar: ./llvm/lib/clang/19/include/velintrin_gen.h: Cannot change ownership to uid 1001, gid 1001: Operation not permitted
tar: ./llvm/lib/clang/19/include/__stdarg___va_copy.h: Cannot change ownership to uid 1001, gid 1001: Operation not permitted
tar: ./llvm/lib/clang/19/include/xsavesintrin.h: Cannot change ownership to uid 1001, gid 1001: Operation not permitted
tar: ./llvm/lib/clang/19/include/keylockerintrin.h: Cannot change ownership to uid 1001, gid 1001: Operation not permitted
tar: ./llvm/lib/clang/19/include/hlsl.h: Cannot change ownership to uid 1001, gid 1001: Operation not permitted
tar: ./llvm/lib/clang/19/include/stddef.h: Cannot change ownership to uid 1001, gid 1001: Operation not permitted
tar: ./llvm/lib/clang/19/include/arm_vector_types.h: Cannot change ownership to uid 1001, gid 1001: Operation not permitted
tar: ./llvm/lib/clang/19/include/tmmintrin.h: Cannot change ownership to uid 1001, gid 1001: Operation not permitted
tar: ./llvm/lib/clang/19/include/__clang_hip_stdlib.h: Cannot change ownership to uid 1001, gid 1001: Operation not permitted
tar: ./llvm/lib/clang/19/include/__stddef_wchar_t.h: Cannot change ownership to uid 1001, gid 1001: Operation not permitted
tar: ./llvm/lib/clang/19/include/x86intrin.h: Cannot change ownership to uid 1001, gid 1001: Operation not permitted
tar: ./llvm/lib/clang/19/include/__clang_hip_libdevice_declares.h: Cannot change ownership to uid 1001, gid 1001: Operation not permitted
tar: ./llvm/lib/clang/19/include/clwbintrin.h: Cannot change ownership to uid 1001, gid 1001: Operation not permitted
tar: ./llvm/lib/clang/19/include/velintrin.h: Cannot change ownership to uid 1001, gid 1001: Operation not permitted
tar: ./llvm/lib/clang/19/include/avxvnniint8intrin.h: Cannot change ownership to uid 1001, gid 1001: Operation not permitted
tar: ./llvm/lib/clang/19/include/cmpccxaddintrin.h: Cannot change ownership to uid 1001, gid 1001: Operation not permitted
tar: ./llvm/lib/clang/19/include/arm_cmse.h: Cannot change ownership to uid 1001, gid 1001: Operation not permitted
tar: ./llvm/lib/clang/19/include/vaesintrin.h: Cannot change ownership to uid 1001, gid 1001: Operation not permitted
tar: ./llvm/lib/clang/19/include/tbmintrin.h: Cannot change ownership to uid 1001, gid 1001: Operation not permitted
tar: ./llvm/lib/clang/19/include/__clang_cuda_builtin_vars.h: Cannot change ownership to uid 1001, gid 1001: Operation not permitted
tar: ./llvm/lib/clang/19/include/fma4intrin.h: Cannot change ownership to uid 1001, gid 1001: Operation not permitted
tar: ./llvm/lib/clang/19/include/fxsrintrin.h: Cannot change ownership to uid 1001, gid 1001: Operation not permitted
tar: ./llvm/lib/clang/19/include/msa.h: Cannot change ownership to uid 1001, gid 1001: Operation not permitted
tar: ./llvm/lib/clang/19/include/xsavecintrin.h: Cannot change ownership to uid 1001, gid 1001: Operation not permitted
tar: ./llvm/lib/clang/19/include/unwind.h: Cannot change ownership to uid 1001, gid 1001: Operation not permitted
tar: ./llvm/lib/clang/19/include/s390intrin.h: Cannot change ownership to uid 1001, gid 1001: Operation not permitted
tar: ./llvm/lib/clang/19/include/rdpruintrin.h: Cannot change ownership to uid 1001, gid 1001: Operation not permitted
tar: ./llvm/lib/clang/19/include/wasm_simd128.h: Cannot change ownership to uid 1001, gid 1001: Operation not permitted
tar: ./llvm/lib/clang/19/include/bmiintrin.h: Cannot change ownership to uid 1001, gid 1001: Operation not permitted
tar: ./llvm/lib/clang/19/include/wbnoinvdintrin.h: Cannot change ownership to uid 1001, gid 1001: Operation not permitted
tar: ./llvm/lib/clang/19/include/vecintrin.h: Cannot change ownership to uid 1001, gid 1001: Operation not permitted
tar: ./llvm/lib/clang/19/include/__stdarg_va_list.h: Cannot change ownership to uid 1001, gid 1001: Operation not permitted
tar: ./llvm/lib/clang/19/include/pkuintrin.h: Cannot change ownership to uid 1001, gid 1001: Operation not permitted
tar: ./llvm/lib/clang/19/include/avx2intrin.h: Cannot change ownership to uid 1001, gid 1001: Operation not permitted
tar: ./llvm/lib/clang/19/include/__clang_hip_math.h: Cannot change ownership to uid 1001, gid 1001: Operation not permitted
tar: ./llvm/lib/clang/19/include/emmintrin.h: Cannot change ownership to uid 1001, gid 1001: Operation not permitted
tar: ./llvm/lib/clang/19/include/__clang_cuda_math_forward_declares.h: Cannot change ownership to uid 1001, gid 1001: Operation not permitted
tar: ./llvm/lib/clang/19/include/lsxintrin.h: Cannot change ownership to uid 1001, gid 1001: Operation not permitted
tar: ./llvm/lib/clang/19/include/arm_neon_sve_bridge.h: Cannot change ownership to uid 1001, gid 1001: Operation not permitted
tar: ./llvm/lib/clang/19/include/avx512vlcdintrin.h: Cannot change ownership to uid 1001, gid 1001: Operation not permitted
tar: ./llvm/lib/clang/19/include/arm64intr.h: Cannot change ownership to uid 1001, gid 1001: Operation not permitted
tar: ./llvm/lib/clang/19/include/serializeintrin.h: Cannot change ownership to uid 1001, gid 1001: Operation not permitted
tar: ./llvm/lib/clang/19/include/arm_bf16.h: Cannot change ownership to uid 1001, gid 1001: Operation not permitted
tar: ./llvm/lib/clang/19/include: Cannot change ownership to uid 1001, gid 1001: Operation not permitted
tar: ./llvm/lib/clang/19: Cannot change ownership to uid 1001, gid 1001: Operation not permitted
tar: ./llvm/lib/clang: Cannot change ownership to uid 1001, gid 1001: Operation not permitted
tar: ./llvm/lib/sbpfv1/libm.a: Cannot change ownership to uid 1001, gid 1001: Operation not permitted
tar: ./llvm/lib/sbpfv1/libc.a: Cannot change ownership to uid 1001, gid 1001: Operation not permitted
tar: ./llvm/lib/sbpfv1: Cannot change ownership to uid 1001, gid 1001: Operation not permitted
tar: ./llvm/lib/libm.a: Cannot change ownership to uid 1001, gid 1001: Operation not permitted
tar: ./llvm/lib/libc.a: Cannot change ownership to uid 1001, gid 1001: Operation not permitted
tar: ./llvm/lib/liblldb.so.19.1.7-rust-dev: Cannot change ownership to uid 1001, gid 1001: Operation not permitted
tar: ./llvm/lib/sbpfv2/libm.a: Cannot change ownership to uid 1001, gid 1001: Operation not permitted
tar: ./llvm/lib/sbpfv2/libc.a: Cannot change ownership to uid 1001, gid 1001: Operation not permitted
tar: ./llvm/lib/sbpfv2: Cannot change ownership to uid 1001, gid 1001: Operation not permitted
tar: ./llvm/sbpfv1/include/machine/stdlib.h: Cannot change ownership to uid 1001, gid 1001: Operation not permitted
tar: ./llvm/sbpfv1/include/machine/endian.h: Cannot change ownership to uid 1001, gid 1001: Operation not permitted
tar: ./llvm/sbpfv1/include/machine/fastmath.h: Cannot change ownership to uid 1001, gid 1001: Operation not permitted
tar: ./llvm/sbpfv1/include/machine/types.h: Cannot change ownership to uid 1001, gid 1001: Operation not permitted
tar: ./llvm/sbpfv1/include/machine/termios.h: Cannot change ownership to uid 1001, gid 1001: Operation not permitted
tar: ./llvm/sbpfv1/include/machine/_types.h: Cannot change ownership to uid 1001, gid 1001: Operation not permitted
tar: ./llvm/sbpfv1/include/machine/time.h: Cannot change ownership to uid 1001, gid 1001: Operation not permitted
tar: ./llvm/sbpfv1/include/machine/ieeefp.h: Cannot change ownership to uid 1001, gid 1001: Operation not permitted
tar: ./llvm/sbpfv1/include/machine/_endian.h: Cannot change ownership to uid 1001, gid 1001: Operation not permitted
tar: ./llvm/sbpfv1/include/machine/_default_types.h: Cannot change ownership to uid 1001, gid 1001: Operation not permitted
tar: ./llvm/sbpfv1/include/machine/setjmp-dj.h: Cannot change ownership to uid 1001, gid 1001: Operation not permitted
tar: ./llvm/sbpfv1/include/machine/param.h: Cannot change ownership to uid 1001, gid 1001: Operation not permitted
tar: ./llvm/sbpfv1/include/machine/malloc.h: Cannot change ownership to uid 1001, gid 1001: Operation not permitted
tar: ./llvm/sbpfv1/include/machine/setjmp.h: Cannot change ownership to uid 1001, gid 1001: Operation not permitted
tar: ./llvm/sbpfv1/include/machine/_arc4random.h: Cannot change ownership to uid 1001, gid 1001: Operation not permitted
tar: ./llvm/sbpfv1/include/machine/_time.h: Cannot change ownership to uid 1001, gid 1001: Operation not permitted
tar: ./llvm/sbpfv1/include/machine/ansi.h: Cannot change ownership to uid 1001, gid 1001: Operation not permitted
tar: ./llvm/sbpfv1/include/machine: Cannot change ownership to uid 1001, gid 1001: Operation not permitted
tar: ./llvm/sbpfv1/include/string.h: Cannot change ownership to uid 1001, gid 1001: Operation not permitted
tar: ./llvm/sbpfv1/include/_syslist.h: Cannot change ownership to uid 1001, gid 1001: Operation not permitted
tar: ./llvm/sbpfv1/include/cpio.h: Cannot change ownership to uid 1001, gid 1001: Operation not permitted
tar: ./llvm/sbpfv1/include/fcntl.h: Cannot change ownership to uid 1001, gid 1001: Operation not permitted
tar: ./llvm/sbpfv1/include/sched.h: Cannot change ownership to uid 1001, gid 1001: Operation not permitted
tar: ./llvm/sbpfv1/include/signal.h: Cannot change ownership to uid 1001, gid 1001: Operation not permitted
tar: ./llvm/sbpfv1/include/assert.h: Cannot change ownership to uid 1001, gid 1001: Operation not permitted
tar: ./llvm/sbpfv1/include/ssp/string.h: Cannot change ownership to uid 1001, gid 1001: Operation not permitted
tar: ./llvm/sbpfv1/include/ssp/stdlib.h: Cannot change ownership to uid 1001, gid 1001: Operation not permitted
tar: ./llvm/sbpfv1/include/ssp/stdio.h: Cannot change ownership to uid 1001, gid 1001: Operation not permitted
tar: ./llvm/sbpfv1/include/ssp/wchar.h: Cannot change ownership to uid 1001, gid 1001: Operation not permitted
tar: ./llvm/sbpfv1/include/ssp/unistd.h: Cannot change ownership to uid 1001, gid 1001: Operation not permitted
tar: ./llvm/sbpfv1/include/ssp/strings.h: Cannot change ownership to uid 1001, gid 1001: Operation not permitted
tar: ./llvm/sbpfv1/include/ssp/ssp.h: Cannot change ownership to uid 1001, gid 1001: Operation not permitted
tar: ./llvm/sbpfv1/include/ssp: Cannot change ownership to uid 1001, gid 1001: Operation not permitted
tar: ./llvm/sbpfv1/include/stdlib.h: Cannot change ownership to uid 1001, gid 1001: Operation not permitted
tar: ./llvm/sbpfv1/include/ftw.h: Cannot change ownership to uid 1001, gid 1001: Operation not permitted
tar: ./llvm/sbpfv1/include/fnmatch.h: Cannot change ownership to uid 1001, gid 1001: Operation not permitted
tar: ./llvm/sbpfv1/include/fastmath.h: Cannot change ownership to uid 1001, gid 1001: Operation not permitted
tar: ./llvm/sbpfv1/include/fenv.h: Cannot change ownership to uid 1001, gid 1001: Operation not permitted
tar: ./llvm/sbpfv1/include/tgmath.h: Cannot change ownership to uid 1001, gid 1001: Operation not permitted
tar: ./llvm/sbpfv1/include/alloca.h: Cannot change ownership to uid 1001, gid 1001: Operation not permitted
tar: ./llvm/sbpfv1/include/math.h: Cannot change ownership to uid 1001, gid 1001: Operation not permitted
tar: ./llvm/sbpfv1/include/stdio.h: Cannot change ownership to uid 1001, gid 1001: Operation not permitted
tar: ./llvm/sbpfv1/include/iconv.h: Cannot change ownership to uid 1001, gid 1001: Operation not permitted
tar: ./llvm/sbpfv1/include/_ansi.h: Cannot change ownership to uid 1001, gid 1001: Operation not permitted
tar: ./llvm/sbpfv1/include/bits: Cannot change ownership to uid 1001, gid 1001: Operation not permitted
tar: ./llvm/sbpfv1/include/elf.h: Cannot change ownership to uid 1001, gid 1001: Operation not permitted
tar: ./llvm/sbpfv1/include/langinfo.h: Cannot change ownership to uid 1001, gid 1001: Operation not permitted
tar: ./llvm/sbpfv1/include/stdio_ext.h: Cannot change ownership to uid 1001, gid 1001: Operation not permitted
tar: ./llvm/sbpfv1/include/ctype.h: Cannot change ownership to uid 1001, gid 1001: Operation not permitted
tar: ./llvm/sbpfv1/include/wchar.h: Cannot change ownership to uid 1001, gid 1001: Operation not permitted
tar: ./llvm/sbpfv1/include/termios.h: Cannot change ownership to uid 1001, gid 1001: Operation not permitted
tar: ./llvm/sbpfv1/include/wctype.h: Cannot change ownership to uid 1001, gid 1001: Operation not permitted
tar: ./llvm/sbpfv1/include/complex.h: Cannot change ownership to uid 1001, gid 1001: Operation not permitted
tar: ./llvm/sbpfv1/include/ar.h: Cannot change ownership to uid 1001, gid 1001: Operation not permitted
tar: ./llvm/sbpfv1/include/limits.h: Cannot change ownership to uid 1001, gid 1001: Operation not permitted
tar: ./llvm/sbpfv1/include/rpc: Cannot change ownership to uid 1001, gid 1001: Operation not permitted
tar: ./llvm/sbpfv1/include/utmp.h: Cannot change ownership to uid 1001, gid 1001: Operation not permitted
tar: ./llvm/sbpfv1/include/time.h: Cannot change ownership to uid 1001, gid 1001: Operation not permitted
tar: ./llvm/sbpfv1/include/unctrl.h: Cannot change ownership to uid 1001, gid 1001: Operation not permitted
tar: ./llvm/sbpfv1/include/paths.h: Cannot change ownership to uid 1001, gid 1001: Operation not permitted
tar: ./llvm/sbpfv1/include/glob.h: Cannot change ownership to uid 1001, gid 1001: Operation not permitted
tar: ./llvm/sbpfv1/include/_newlib_version.h: Cannot change ownership to uid 1001, gid 1001: Operation not permitted
tar: ./llvm/sbpfv1/include/search.h: Cannot change ownership to uid 1001, gid 1001: Operation not permitted
tar: ./llvm/sbpfv1/include/memory.h: Cannot change ownership to uid 1001, gid 1001: Operation not permitted
tar: ./llvm/sbpfv1/include/ieeefp.h: Cannot change ownership to uid 1001, gid 1001: Operation not permitted
tar: ./llvm/sbpfv1/include/spawn.h: Cannot change ownership to uid 1001, gid 1001: Operation not permitted
tar: ./llvm/sbpfv1/include/getopt.h: Cannot change ownership to uid 1001, gid 1001: Operation not permitted
tar: ./llvm/sbpfv1/include/wordexp.h: Cannot change ownership to uid 1001, gid 1001: Operation not permitted
tar: ./llvm/sbpfv1/include/envlock.h: Cannot change ownership to uid 1001, gid 1001: Operation not permitted
tar: ./llvm/sbpfv1/include/argz.h: Cannot change ownership to uid 1001, gid 1001: Operation not permitted
tar: ./llvm/sbpfv1/include/unistd.h: Cannot change ownership to uid 1001, gid 1001: Operation not permitted
tar: ./llvm/sbpfv1/include/stdint.h: Cannot change ownership to uid 1001, gid 1001: Operation not permitted
tar: ./llvm/sbpfv1/include/regdef.h: Cannot change ownership to uid 1001, gid 1001: Operation not permitted
tar: ./llvm/sbpfv1/include/inttypes.h: Cannot change ownership to uid 1001, gid 1001: Operation not permitted
tar: ./llvm/sbpfv1/include/locale.h: Cannot change ownership to uid 1001, gid 1001: Operation not permitted
tar: ./llvm/sbpfv1/include/newlib.h: Cannot change ownership to uid 1001, gid 1001: Operation not permitted
tar: ./llvm/sbpfv1/include/stdatomic.h: Cannot change ownership to uid 1001, gid 1001: Operation not permitted
tar: ./llvm/sbpfv1/include/threads.h: Cannot change ownership to uid 1001, gid 1001: Operation not permitted
tar: ./llvm/sbpfv1/include/pthread.h: Cannot change ownership to uid 1001, gid 1001: Operation not permitted
tar: ./llvm/sbpfv1/include/malloc.h: Cannot change ownership to uid 1001, gid 1001: Operation not permitted
tar: ./llvm/sbpfv1/include/pwd.h: Cannot change ownership to uid 1001, gid 1001: Operation not permitted
tar: ./llvm/sbpfv1/include/tar.h: Cannot change ownership to uid 1001, gid 1001: Operation not permitted
tar: ./llvm/sbpfv1/include/strings.h: Cannot change ownership to uid 1001, gid 1001: Operation not permitted
tar: ./llvm/sbpfv1/include/setjmp.h: Cannot change ownership to uid 1001, gid 1001: Operation not permitted
tar: ./llvm/sbpfv1/include/devctl.h: Cannot change ownership to uid 1001, gid 1001: Operation not permitted
tar: ./llvm/sbpfv1/include/reent.h: Cannot change ownership to uid 1001, gid 1001: Operation not permitted
tar: ./llvm/sbpfv1/include/ndbm.h: Cannot change ownership to uid 1001, gid 1001: Operation not permitted
tar: ./llvm/sbpfv1/include/libgen.h: Cannot change ownership to uid 1001, gid 1001: Operation not permitted
tar: ./llvm/sbpfv1/include/grp.h: Cannot change ownership to uid 1001, gid 1001: Operation not permitted
tar: ./llvm/sbpfv1/include/dirent.h: Cannot change ownership to uid 1001, gid 1001: Operation not permitted
tar: ./llvm/sbpfv1/include/utime.h: Cannot change ownership to uid 1001, gid 1001: Operation not permitted
tar: ./llvm/sbpfv1/include/envz.h: Cannot change ownership to uid 1001, gid 1001: Operation not permitted
tar: ./llvm/sbpfv1/include/sys/select.h: Cannot change ownership to uid 1001, gid 1001: Operation not permitted
tar: ./llvm/sbpfv1/include/sys/_intsup.h: Cannot change ownership to uid 1001, gid 1001: Operation not permitted
tar: ./llvm/sbpfv1/include/sys/queue.h: Cannot change ownership to uid 1001, gid 1001: Operation not permitted
tar: ./llvm/sbpfv1/include/sys/cdefs.h: Cannot change ownership to uid 1001, gid 1001: Operation not permitted
tar: ./llvm/sbpfv1/include/sys/string.h: Cannot change ownership to uid 1001, gid 1001: Operation not permitted
tar: ./llvm/sbpfv1/include/sys/file.h: Cannot change ownership to uid 1001, gid 1001: Operation not permitted
tar: ./llvm/sbpfv1/include/sys/fcntl.h: Cannot change ownership to uid 1001, gid 1001: Operation not permitted
tar: ./llvm/sbpfv1/include/sys/syslimits.h: Cannot change ownership to uid 1001, gid 1001: Operation not permitted
tar: ./llvm/sbpfv1/include/sys/sched.h: Cannot change ownership to uid 1001, gid 1001: Operation not permitted
tar: ./llvm/sbpfv1/include/sys/signal.h: Cannot change ownership to uid 1001, gid 1001: Operation not permitted
tar: ./llvm/sbpfv1/include/sys/_default_fcntl.h: Cannot change ownership to uid 1001, gid 1001: Operation not permitted
tar: ./llvm/sbpfv1/include/sys/timeb.h: Cannot change ownership to uid 1001, gid 1001: Operation not permitted
tar: ./llvm/sbpfv1/include/sys/fenv.h: Cannot change ownership to uid 1001, gid 1001: Operation not permitted
tar: ./llvm/sbpfv1/include/sys/types.h: Cannot change ownership to uid 1001, gid 1001: Operation not permitted
tar: ./llvm/sbpfv1/include/sys/stdio.h: Cannot change ownership to uid 1001, gid 1001: Operation not permitted
tar: ./llvm/sbpfv1/include/sys/config.h: Cannot change ownership to uid 1001, gid 1001: Operation not permitted
tar: ./llvm/sbpfv1/include/sys/resource.h: Cannot change ownership to uid 1001, gid 1001: Operation not permitted
tar: ./llvm/sbpfv1/include/sys/times.h: Cannot change ownership to uid 1001, gid 1001: Operation not permitted
tar: ./llvm/sbpfv1/include/sys/_types.h: Cannot change ownership to uid 1001, gid 1001: Operation not permitted
tar: ./llvm/sbpfv1/include/sys/time.h: Cannot change ownership to uid 1001, gid 1001: Operation not permitted
tar: ./llvm/sbpfv1/include/sys/stat.h: Cannot change ownership to uid 1001, gid 1001: Operation not permitted
tar: ./llvm/sbpfv1/include/sys/_sigset.h: Cannot change ownership to uid 1001, gid 1001: Operation not permitted
tar: ./llvm/sbpfv1/include/sys/tree.h: Cannot change ownership to uid 1001, gid 1001: Operation not permitted
tar: ./llvm/sbpfv1/include/sys/unistd.h: Cannot change ownership to uid 1001, gid 1001: Operation not permitted
tar: ./llvm/sbpfv1/include/sys/param.h: Cannot change ownership to uid 1001, gid 1001: Operation not permitted
tar: ./llvm/sbpfv1/include/sys/iconvnls.h: Cannot change ownership to uid 1001, gid 1001: Operation not permitted
tar: ./llvm/sbpfv1/include/sys/custom_file.h: Cannot change ownership to uid 1001, gid 1001: Operation not permitted
tar: ./llvm/sbpfv1/include/sys/dir.h: Cannot change ownership to uid 1001, gid 1001: Operation not permitted
tar: ./llvm/sbpfv1/include/sys/_locale.h: Cannot change ownership to uid 1001, gid 1001: Operation not permitted
tar: ./llvm/sbpfv1/include/sys/features.h: Cannot change ownership to uid 1001, gid 1001: Operation not permitted
tar: ./llvm/sbpfv1/include/sys/_pthreadtypes.h: Cannot change ownership to uid 1001, gid 1001: Operation not permitted
tar: ./llvm/sbpfv1/include/sys/_stdint.h: Cannot change ownership to uid 1001, gid 1001: Operation not permitted
tar: ./llvm/sbpfv1/include/sys/_timespec.h: Cannot change ownership to uid 1001, gid 1001: Operation not permitted
tar: ./llvm/sbpfv1/include/sys/timespec.h: Cannot change ownership to uid 1001, gid 1001: Operation not permitted
tar: ./llvm/sbpfv1/include/sys/wait.h: Cannot change ownership to uid 1001, gid 1001: Operation not permitted
tar: ./llvm/sbpfv1/include/sys/lock.h: Cannot change ownership to uid 1001, gid 1001: Operation not permitted
tar: ./llvm/sbpfv1/include/sys/_tz_structs.h: Cannot change ownership to uid 1001, gid 1001: Operation not permitted
tar: ./llvm/sbpfv1/include/sys/reent.h: Cannot change ownership to uid 1001, gid 1001: Operation not permitted
tar: ./llvm/sbpfv1/include/sys/_timeval.h: Cannot change ownership to uid 1001, gid 1001: Operation not permitted
tar: ./llvm/sbpfv1/include/sys/dirent.h: Cannot change ownership to uid 1001, gid 1001: Operation not permitted
tar: ./llvm/sbpfv1/include/sys/utime.h: Cannot change ownership to uid 1001, gid 1001: Operation not permitted
tar: ./llvm/sbpfv1/include/sys/errno.h: Cannot change ownership to uid 1001, gid 1001: Operation not permitted
tar: ./llvm/sbpfv1/include/sys: Cannot change ownership to uid 1001, gid 1001: Operation not permitted
tar: ./llvm/sbpfv1/include/regex.h: Cannot change ownership to uid 1001, gid 1001: Operation not permitted
tar: ./llvm/sbpfv1/include/errno.h: Cannot change ownership to uid 1001, gid 1001: Operation not permitted
tar: ./llvm/sbpfv1/include: Cannot change ownership to uid 1001, gid 1001: Operation not permitted
tar: ./llvm/sbpfv1: Cannot change ownership to uid 1001, gid 1001: Operation not permitted
tar: ./llvm/sbpfv2/include/machine/stdlib.h: Cannot change ownership to uid 1001, gid 1001: Operation not permitted
tar: ./llvm/sbpfv2/include/machine/endian.h: Cannot change ownership to uid 1001, gid 1001: Operation not permitted
tar: ./llvm/sbpfv2/include/machine/fastmath.h: Cannot change ownership to uid 1001, gid 1001: Operation not permitted
tar: ./llvm/sbpfv2/include/machine/types.h: Cannot change ownership to uid 1001, gid 1001: Operation not permitted
tar: ./llvm/sbpfv2/include/machine/termios.h: Cannot change ownership to uid 1001, gid 1001: Operation not permitted
tar: ./llvm/sbpfv2/include/machine/_types.h: Cannot change ownership to uid 1001, gid 1001: Operation not permitted
tar: ./llvm/sbpfv2/include/machine/time.h: Cannot change ownership to uid 1001, gid 1001: Operation not permitted
tar: ./llvm/sbpfv2/include/machine/ieeefp.h: Cannot change ownership to uid 1001, gid 1001: Operation not permitted
tar: ./llvm/sbpfv2/include/machine/_endian.h: Cannot change ownership to uid 1001, gid 1001: Operation not permitted
tar: ./llvm/sbpfv2/include/machine/_default_types.h: Cannot change ownership to uid 1001, gid 1001: Operation not permitted
tar: ./llvm/sbpfv2/include/machine/setjmp-dj.h: Cannot change ownership to uid 1001, gid 1001: Operation not permitted
tar: ./llvm/sbpfv2/include/machine/param.h: Cannot change ownership to uid 1001, gid 1001: Operation not permitted
tar: ./llvm/sbpfv2/include/machine/malloc.h: Cannot change ownership to uid 1001, gid 1001: Operation not permitted
tar: ./llvm/sbpfv2/include/machine/setjmp.h: Cannot change ownership to uid 1001, gid 1001: Operation not permitted
tar: ./llvm/sbpfv2/include/machine/_arc4random.h: Cannot change ownership to uid 1001, gid 1001: Operation not permitted
tar: ./llvm/sbpfv2/include/machine/_time.h: Cannot change ownership to uid 1001, gid 1001: Operation not permitted
tar: ./llvm/sbpfv2/include/machine/ansi.h: Cannot change ownership to uid 1001, gid 1001: Operation not permitted
tar: ./llvm/sbpfv2/include/machine: Cannot change ownership to uid 1001, gid 1001: Operation not permitted
tar: ./llvm/sbpfv2/include/string.h: Cannot change ownership to uid 1001, gid 1001: Operation not permitted
tar: ./llvm/sbpfv2/include/_syslist.h: Cannot change ownership to uid 1001, gid 1001: Operation not permitted
tar: ./llvm/sbpfv2/include/cpio.h: Cannot change ownership to uid 1001, gid 1001: Operation not permitted
tar: ./llvm/sbpfv2/include/fcntl.h: Cannot change ownership to uid 1001, gid 1001: Operation not permitted
tar: ./llvm/sbpfv2/include/sched.h: Cannot change ownership to uid 1001, gid 1001: Operation not permitted
tar: ./llvm/sbpfv2/include/signal.h: Cannot change ownership to uid 1001, gid 1001: Operation not permitted
tar: ./llvm/sbpfv2/include/assert.h: Cannot change ownership to uid 1001, gid 1001: Operation not permitted
tar: ./llvm/sbpfv2/include/ssp/string.h: Cannot change ownership to uid 1001, gid 1001: Operation not permitted
tar: ./llvm/sbpfv2/include/ssp/stdlib.h: Cannot change ownership to uid 1001, gid 1001: Operation not permitted
tar: ./llvm/sbpfv2/include/ssp/stdio.h: Cannot change ownership to uid 1001, gid 1001: Operation not permitted
tar: ./llvm/sbpfv2/include/ssp/wchar.h: Cannot change ownership to uid 1001, gid 1001: Operation not permitted
tar: ./llvm/sbpfv2/include/ssp/unistd.h: Cannot change ownership to uid 1001, gid 1001: Operation not permitted
tar: ./llvm/sbpfv2/include/ssp/strings.h: Cannot change ownership to uid 1001, gid 1001: Operation not permitted
tar: ./llvm/sbpfv2/include/ssp/ssp.h: Cannot change ownership to uid 1001, gid 1001: Operation not permitted
tar: ./llvm/sbpfv2/include/ssp: Cannot change ownership to uid 1001, gid 1001: Operation not permitted
tar: ./llvm/sbpfv2/include/stdlib.h: Cannot change ownership to uid 1001, gid 1001: Operation not permitted
tar: ./llvm/sbpfv2/include/ftw.h: Cannot change ownership to uid 1001, gid 1001: Operation not permitted
tar: ./llvm/sbpfv2/include/fnmatch.h: Cannot change ownership to uid 1001, gid 1001: Operation not permitted
tar: ./llvm/sbpfv2/include/fastmath.h: Cannot change ownership to uid 1001, gid 1001: Operation not permitted
tar: ./llvm/sbpfv2/include/fenv.h: Cannot change ownership to uid 1001, gid 1001: Operation not permitted
tar: ./llvm/sbpfv2/include/tgmath.h: Cannot change ownership to uid 1001, gid 1001: Operation not permitted
tar: ./llvm/sbpfv2/include/alloca.h: Cannot change ownership to uid 1001, gid 1001: Operation not permitted
tar: ./llvm/sbpfv2/include/math.h: Cannot change ownership to uid 1001, gid 1001: Operation not permitted
tar: ./llvm/sbpfv2/include/stdio.h: Cannot change ownership to uid 1001, gid 1001: Operation not permitted
tar: ./llvm/sbpfv2/include/iconv.h: Cannot change ownership to uid 1001, gid 1001: Operation not permitted
tar: ./llvm/sbpfv2/include/_ansi.h: Cannot change ownership to uid 1001, gid 1001: Operation not permitted
tar: ./llvm/sbpfv2/include/bits: Cannot change ownership to uid 1001, gid 1001: Operation not permitted
tar: ./llvm/sbpfv2/include/elf.h: Cannot change ownership to uid 1001, gid 1001: Operation not permitted
tar: ./llvm/sbpfv2/include/langinfo.h: Cannot change ownership to uid 1001, gid 1001: Operation not permitted
tar: ./llvm/sbpfv2/include/stdio_ext.h: Cannot change ownership to uid 1001, gid 1001: Operation not permitted
tar: ./llvm/sbpfv2/include/ctype.h: Cannot change ownership to uid 1001, gid 1001: Operation not permitted
tar: ./llvm/sbpfv2/include/wchar.h: Cannot change ownership to uid 1001, gid 1001: Operation not permitted
tar: ./llvm/sbpfv2/include/termios.h: Cannot change ownership to uid 1001, gid 1001: Operation not permitted
tar: ./llvm/sbpfv2/include/wctype.h: Cannot change ownership to uid 1001, gid 1001: Operation not permitted
tar: ./llvm/sbpfv2/include/complex.h: Cannot change ownership to uid 1001, gid 1001: Operation not permitted
tar: ./llvm/sbpfv2/include/ar.h: Cannot change ownership to uid 1001, gid 1001: Operation not permitted
tar: ./llvm/sbpfv2/include/limits.h: Cannot change ownership to uid 1001, gid 1001: Operation not permitted
tar: ./llvm/sbpfv2/include/rpc: Cannot change ownership to uid 1001, gid 1001: Operation not permitted
tar: ./llvm/sbpfv2/include/utmp.h: Cannot change ownership to uid 1001, gid 1001: Operation not permitted
tar: ./llvm/sbpfv2/include/time.h: Cannot change ownership to uid 1001, gid 1001: Operation not permitted
tar: ./llvm/sbpfv2/include/unctrl.h: Cannot change ownership to uid 1001, gid 1001: Operation not permitted
tar: ./llvm/sbpfv2/include/paths.h: Cannot change ownership to uid 1001, gid 1001: Operation not permitted
tar: ./llvm/sbpfv2/include/glob.h: Cannot change ownership to uid 1001, gid 1001: Operation not permitted
tar: ./llvm/sbpfv2/include/_newlib_version.h: Cannot change ownership to uid 1001, gid 1001: Operation not permitted
tar: ./llvm/sbpfv2/include/search.h: Cannot change ownership to uid 1001, gid 1001: Operation not permitted
tar: ./llvm/sbpfv2/include/memory.h: Cannot change ownership to uid 1001, gid 1001: Operation not permitted
tar: ./llvm/sbpfv2/include/ieeefp.h: Cannot change ownership to uid 1001, gid 1001: Operation not permitted
tar: ./llvm/sbpfv2/include/spawn.h: Cannot change ownership to uid 1001, gid 1001: Operation not permitted
tar: ./llvm/sbpfv2/include/getopt.h: Cannot change ownership to uid 1001, gid 1001: Operation not permitted
tar: ./llvm/sbpfv2/include/wordexp.h: Cannot change ownership to uid 1001, gid 1001: Operation not permitted
tar: ./llvm/sbpfv2/include/envlock.h: Cannot change ownership to uid 1001, gid 1001: Operation not permitted
tar: ./llvm/sbpfv2/include/argz.h: Cannot change ownership to uid 1001, gid 1001: Operation not permitted
tar: ./llvm/sbpfv2/include/unistd.h: Cannot change ownership to uid 1001, gid 1001: Operation not permitted
tar: ./llvm/sbpfv2/include/stdint.h: Cannot change ownership to uid 1001, gid 1001: Operation not permitted
tar: ./llvm/sbpfv2/include/regdef.h: Cannot change ownership to uid 1001, gid 1001: Operation not permitted
tar: ./llvm/sbpfv2/include/inttypes.h: Cannot change ownership to uid 1001, gid 1001: Operation not permitted
tar: ./llvm/sbpfv2/include/locale.h: Cannot change ownership to uid 1001, gid 1001: Operation not permitted
tar: ./llvm/sbpfv2/include/newlib.h: Cannot change ownership to uid 1001, gid 1001: Operation not permitted
tar: ./llvm/sbpfv2/include/stdatomic.h: Cannot change ownership to uid 1001, gid 1001: Operation not permitted
tar: ./llvm/sbpfv2/include/threads.h: Cannot change ownership to uid 1001, gid 1001: Operation not permitted
tar: ./llvm/sbpfv2/include/pthread.h: Cannot change ownership to uid 1001, gid 1001: Operation not permitted
tar: ./llvm/sbpfv2/include/malloc.h: Cannot change ownership to uid 1001, gid 1001: Operation not permitted
tar: ./llvm/sbpfv2/include/pwd.h: Cannot change ownership to uid 1001, gid 1001: Operation not permitted
tar: ./llvm/sbpfv2/include/tar.h: Cannot change ownership to uid 1001, gid 1001: Operation not permitted
tar: ./llvm/sbpfv2/include/strings.h: Cannot change ownership to uid 1001, gid 1001: Operation not permitted
tar: ./llvm/sbpfv2/include/setjmp.h: Cannot change ownership to uid 1001, gid 1001: Operation not permitted
tar: ./llvm/sbpfv2/include/devctl.h: Cannot change ownership to uid 1001, gid 1001: Operation not permitted
tar: ./llvm/sbpfv2/include/reent.h: Cannot change ownership to uid 1001, gid 1001: Operation not permitted
tar: ./llvm/sbpfv2/include/ndbm.h: Cannot change ownership to uid 1001, gid 1001: Operation not permitted
tar: ./llvm/sbpfv2/include/libgen.h: Cannot change ownership to uid 1001, gid 1001: Operation not permitted
tar: ./llvm/sbpfv2/include/grp.h: Cannot change ownership to uid 1001, gid 1001: Operation not permitted
tar: ./llvm/sbpfv2/include/dirent.h: Cannot change ownership to uid 1001, gid 1001: Operation not permitted
tar: ./llvm/sbpfv2/include/utime.h: Cannot change ownership to uid 1001, gid 1001: Operation not permitted
tar: ./llvm/sbpfv2/include/envz.h: Cannot change ownership to uid 1001, gid 1001: Operation not permitted
tar: ./llvm/sbpfv2/include/sys/select.h: Cannot change ownership to uid 1001, gid 1001: Operation not permitted
tar: ./llvm/sbpfv2/include/sys/_intsup.h: Cannot change ownership to uid 1001, gid 1001: Operation not permitted
tar: ./llvm/sbpfv2/include/sys/queue.h: Cannot change ownership to uid 1001, gid 1001: Operation not permitted
tar: ./llvm/sbpfv2/include/sys/cdefs.h: Cannot change ownership to uid 1001, gid 1001: Operation not permitted
tar: ./llvm/sbpfv2/include/sys/string.h: Cannot change ownership to uid 1001, gid 1001: Operation not permitted
tar: ./llvm/sbpfv2/include/sys/file.h: Cannot change ownership to uid 1001, gid 1001: Operation not permitted
tar: ./llvm/sbpfv2/include/sys/fcntl.h: Cannot change ownership to uid 1001, gid 1001: Operation not permitted
tar: ./llvm/sbpfv2/include/sys/syslimits.h: Cannot change ownership to uid 1001, gid 1001: Operation not permitted
tar: ./llvm/sbpfv2/include/sys/sched.h: Cannot change ownership to uid 1001, gid 1001: Operation not permitted
tar: ./llvm/sbpfv2/include/sys/signal.h: Cannot change ownership to uid 1001, gid 1001: Operation not permitted
tar: ./llvm/sbpfv2/include/sys/_default_fcntl.h: Cannot change ownership to uid 1001, gid 1001: Operation not permitted
tar: ./llvm/sbpfv2/include/sys/timeb.h: Cannot change ownership to uid 1001, gid 1001: Operation not permitted
tar: ./llvm/sbpfv2/include/sys/fenv.h: Cannot change ownership to uid 1001, gid 1001: Operation not permitted
tar: ./llvm/sbpfv2/include/sys/types.h: Cannot change ownership to uid 1001, gid 1001: Operation not permitted
tar: ./llvm/sbpfv2/include/sys/stdio.h: Cannot change ownership to uid 1001, gid 1001: Operation not permitted
tar: ./llvm/sbpfv2/include/sys/config.h: Cannot change ownership to uid 1001, gid 1001: Operation not permitted
tar: ./llvm/sbpfv2/include/sys/resource.h: Cannot change ownership to uid 1001, gid 1001: Operation not permitted
tar: ./llvm/sbpfv2/include/sys/times.h: Cannot change ownership to uid 1001, gid 1001: Operation not permitted
tar: ./llvm/sbpfv2/include/sys/_types.h: Cannot change ownership to uid 1001, gid 1001: Operation not permitted
tar: ./llvm/sbpfv2/include/sys/time.h: Cannot change ownership to uid 1001, gid 1001: Operation not permitted
tar: ./llvm/sbpfv2/include/sys/stat.h: Cannot change ownership to uid 1001, gid 1001: Operation not permitted
tar: ./llvm/sbpfv2/include/sys/_sigset.h: Cannot change ownership to uid 1001, gid 1001: Operation not permitted
tar: ./llvm/sbpfv2/include/sys/tree.h: Cannot change ownership to uid 1001, gid 1001: Operation not permitted
tar: ./llvm/sbpfv2/include/sys/unistd.h: Cannot change ownership to uid 1001, gid 1001: Operation not permitted
tar: ./llvm/sbpfv2/include/sys/param.h: Cannot change ownership to uid 1001, gid 1001: Operation not permitted
tar: ./llvm/sbpfv2/include/sys/iconvnls.h: Cannot change ownership to uid 1001, gid 1001: Operation not permitted
tar: ./llvm/sbpfv2/include/sys/custom_file.h: Cannot change ownership to uid 1001, gid 1001: Operation not permitted
tar: ./llvm/sbpfv2/include/sys/dir.h: Cannot change ownership to uid 1001, gid 1001: Operation not permitted
tar: ./llvm/sbpfv2/include/sys/_locale.h: Cannot change ownership to uid 1001, gid 1001: Operation not permitted
tar: ./llvm/sbpfv2/include/sys/features.h: Cannot change ownership to uid 1001, gid 1001: Operation not permitted
tar: ./llvm/sbpfv2/include/sys/_pthreadtypes.h: Cannot change ownership to uid 1001, gid 1001: Operation not permitted
tar: ./llvm/sbpfv2/include/sys/_stdint.h: Cannot change ownership to uid 1001, gid 1001: Operation not permitted
tar: ./llvm/sbpfv2/include/sys/_timespec.h: Cannot change ownership to uid 1001, gid 1001: Operation not permitted
tar: ./llvm/sbpfv2/include/sys/timespec.h: Cannot change ownership to uid 1001, gid 1001: Operation not permitted
tar: ./llvm/sbpfv2/include/sys/wait.h: Cannot change ownership to uid 1001, gid 1001: Operation not permitted
tar: ./llvm/sbpfv2/include/sys/lock.h: Cannot change ownership to uid 1001, gid 1001: Operation not permitted
tar: ./llvm/sbpfv2/include/sys/_tz_structs.h: Cannot change ownership to uid 1001, gid 1001: Operation not permitted
tar: ./llvm/sbpfv2/include/sys/reent.h: Cannot change ownership to uid 1001, gid 1001: Operation not permitted
tar: ./llvm/sbpfv2/include/sys/_timeval.h: Cannot change ownership to uid 1001, gid 1001: Operation not permitted
tar: ./llvm/sbpfv2/include/sys/dirent.h: Cannot change ownership to uid 1001, gid 1001: Operation not permitted
tar: ./llvm/sbpfv2/include/sys/utime.h: Cannot change ownership to uid 1001, gid 1001: Operation not permitted
tar: ./llvm/sbpfv2/include/sys/errno.h: Cannot change ownership to uid 1001, gid 1001: Operation not permitted
tar: ./llvm/sbpfv2/include/sys: Cannot change ownership to uid 1001, gid 1001: Operation not permitted
tar: ./llvm/sbpfv2/include/regex.h: Cannot change ownership to uid 1001, gid 1001: Operation not permitted
tar: ./llvm/sbpfv2/include/errno.h: Cannot change ownership to uid 1001, gid 1001: Operation not permitted
tar: ./llvm/sbpfv2/include: Cannot change ownership to uid 1001, gid 1001: Operation not permitted
tar: ./llvm/sbpfv2: Cannot change ownership to uid 1001, gid 1001: Operation not permitted
tar: ./llvm/lib/python3.10/dist-packages/lldb/lldb-argdumper: Cannot change ownership to uid 1001, gid 1001: Operation not permitted
tar: ./llvm/lib/python3.10/dist-packages/lldb/_lldb.cpython-310-x86_64-linux-gnu.so: Cannot change ownership to uid 1001, gid 1001: Operation not permitted
tar: ./llvm/lib/python3.10/dist-packages/lldb: Cannot change ownership to uid 1001, gid 1001: Operation not permitted
tar: ./llvm/lib/python3.10/dist-packages: Cannot change ownership to uid 1001, gid 1001: Operation not permitted
tar: ./llvm/lib/python3.10: Cannot change ownership to uid 1001, gid 1001: Operation not permitted
tar: ./llvm/lib: Cannot change ownership to uid 1001, gid 1001: Operation not permitted
tar: ./llvm: Cannot change ownership to uid 1001, gid 1001: Operation not permitted
tar: .: Cannot change ownership to uid 1001, gid 1001: Operation not permitted
tar: Exiting with failure status due to previous errors
Error: `tar -xjf /home/hatch/.cache/solana/v1.51.1/platform-tools.partial/platform-tools-linux-x86_64.tar.bz2 -C /home/hatch/.cache/solana/v1.51.1/platform-tools.partial` exited with status exit status: 2
EXIT: 1
